<favourites>
	<favourite name="2movies TV Shows by Genre" thumb="special://home/addons/plugin.video.twomovies/resources/art//tvshows/tvshowsgenre.png">ActivateWindow(10025,&quot;plugin://plugin.video.twomovies/?mode=tvgenres&amp;name=TV%20Shows%20by%20Genre&amp;url=none&quot;,return)</favourite>
	<favourite name="Genres exodus" thumb="special://home/addons/script.exodus.artwork/resources/media/exodus/genres.png">ActivateWindow(10025,&quot;plugin://plugin.video.exodus/?action=tvGenres&amp;sf_options=fanart%3Dspecial%3A%2F%2Fhome%2Faddons%2Fscript.exodus.artwork%2Fresources%2Fmedia%2Fexodus%2Ffanart.jpg%26_options_sf&quot;,return)</favourite>
	<favourite name="Genres primewire" thumb="special://home/addons/script.1channel.themepak/art/themes/Classic/genres.png">ActivateWindow(10025,&quot;plugin://plugin.video.1channel/?mode=BrowseByGenreMenu&amp;section=tv&amp;sf_options=fanart%3Dspecial%3A%2F%2Fhome%2Faddons%2Fscript.1channel.themepak%2Fart%2Fthemes%2FClassic%2Ffanart.png%26_options_sf&quot;,return)</favourite>
	<favourite name="[COLOR red][B]TV Genres[/B] (Full Seasons) ocw[/COLOR]" thumb="special://home/addons/plugin.video.ocw/icons/gen.png">ActivateWindow(10025,&quot;plugin://plugin.video.ocw/?mode=GetTitles8&amp;section=ALL&amp;url=http%3a%2f%2fwww.allcinemamovies.com%2f%2ftv-shows&amp;sf_options=fanart%3Dspecial%3A%2F%2Fhome%2Faddons%2Fplugin.video.ocw%2Ficons%2Ffanart.jpg%26_options_sf&quot;,return)</favourite>
	<favourite name="Genres ice" thumb="special://home/addons/plugin.video.icefilms/resources/art/genres.png">ActivateWindow(10025,&quot;plugin://plugin.video.icefilms/?mode=64&amp;name=Genres&amp;url=http%3a%2f%2fwww.icefilms.info%2ftv%2f&quot;,return)</favourite>
	<favourite name="[B][COLOR yellow]Genres[/COLOR][/B] md" thumb="special://home/addons/plugin.video.mdws/resources/art/mdws.png">ActivateWindow(10025,&quot;plugin://plugin.video.mdws/?mode=8&amp;name=%5bB%5d%5bCOLOR%20yellow%5dGenres%5b%2fCOLOR%5d%5b%2fB%5d&amp;url=http%3a%2f%2fwatchseries.vc&amp;sf_options=fanart%3Dspecial%3A%2F%2Fhome%2Faddons%2Fplugin.video.mdws%2Ffanart.jpg%26_options_sf&quot;,return)</favourite>
	<favourite name="Genres 4k.to" thumb="special://home/addons/plugin.video.movie4k/resources/img/tvshows.png">ActivateWindow(10025,&quot;plugin://plugin.video.movie4k/?action=genres&amp;extra=tvshows-genre&amp;page&amp;plot&amp;thumbnail=%2fhome%2fosmc%2f.kodi%2faddons%2fplugin.video.movie4k%2fresources%2fimg%2ftvshows.png&amp;title=Genres&amp;url=http%3a%2f%2fwww.movie4k.to%2fgenres-tvshows.html&amp;sf_options=fanart%3Dspecial%3A%2F%2Fhome%2Faddons%2Fplugin.video.movie4k%2Ffanart.jpg%26_options_sf&quot;,return)</favourite>
	<favourite name="Genres movies25" thumb="special://home/addons/plugin.video.moviestwentyfive/art/GENRE.png">ActivateWindow(10025,&quot;plugin://plugin.video.moviestwentyfive/?mode=35&amp;name=Genres&amp;url=http%3a%2f%2fthewatchseries.to%2fgenres%2fdrama&amp;sf_options=fanart%3Dspecial%3A%2F%2Fhome%2Faddons%2Fplugin.video.moviestwentyfive%2Ffanart.jpg%26_options_sf&quot;,return)</favourite>
	<favourite name="[B][COLOR blue]Genre :[/COLOR] Full Seasons[/B]" thumb="special://home/addons/plugin.video.rlseriesER/icons/tv.png">ActivateWindow(10025,&quot;plugin://plugin.video.rlseriesER/?mode=GenreMenu&amp;sf_options=fanart%3Dspecial%3A%2F%2Fhome%2Faddons%2Fplugin.video.rlseriesER%2Ficons%2Ffanart.jpg%26_options_sf&quot;,return)</favourite>
	<favourite name="Genres specto" thumb="special://home/addons/plugin.video.specto/resources/media/gone/tvGenres.jpg">ActivateWindow(10025,&quot;plugin://plugin.video.specto/?action=tvGenres&amp;sf_options=fanart%3Dspecial%3A%2F%2Fhome%2Faddons%2Fplugin.video.specto%2Fresources%2Fmedia%2Fgone%2Ffanart.jpg%26_options_sf&quot;,return)</favourite>
	<favourite name="Genres" thumb="special://home/addons/plugin.video.teevee/resources/icons/new/Genre.png">ActivateWindow(10025,&quot;plugin://plugin.video.teevee/?foldername=shows&amp;mode=genres_tv&amp;sf_options=fanart%3Dspecial%3A%2F%2Fhome%2Faddons%2Fplugin.video.teevee%2Fresources%2Ficons%2Fnew%2Ffanart.jpg%26_options_sf&quot;,return)</favourite>
	<favourite name="Genres" thumb="special://home/addons/plugin.video.theroyalwe/resources/artwork/genres/genre.jpg">ActivateWindow(10025,&quot;plugin://plugin.video.theroyalwe/?mode=tv_genres&amp;sf_options=fanart%3Dspecial%3A%2F%2Fhome%2Faddons%2Fplugin.video.theroyalwe%2Ffanart.jpg%26_options_sf&quot;,return)</favourite>
	<favourite name="Genres" thumb="special://home/addons/plugin.video.tvmix/resources/art/genres.png">ActivateWindow(10025,&quot;plugin://plugin.video.tvmix/?description&amp;iconimage=%2fhome%2fosmc%2f.kodi%2faddons%2fplugin.video.tvmix%2fresources%2fart%2fgenres.png&amp;mode=7&amp;name=Genres&amp;url=http%3a%2f%2fwww.watchepisodes1.com%2fhome%2fseries&amp;sf_options=fanart%3Dspecial%3A%2F%2Fhome%2Faddons%2Fplugin.video.tvmix%2Ffanart.jpg%26_options_sf&quot;,return)</favourite>
	<favourite name="[COLOR blue][B]Genres[/B] [/COLOR]&gt;&gt;" thumb="special://home/addons/plugin.video.tvonlineER/icons/icon.png">&gt;&quot; thumb=&quot;special://home/addons/plugin.video.tvonlineER/icons/icon.png&quot;&gt;&gt;&quot; thumb=&quot;special://home/addons/plugin.video.tvonlineER/icons/icon.png&quot;&gt;&gt;&quot; thumb=&quot;special://home/addons/plugin.video.tvonlineER/icons/icon.png&quot;&gt;&gt;&quot; thumb=&quot;special://home/addons/plugin.video.tvonlineER/icons/icon.png&quot;&gt;&gt;&quot; thumb=&quot;special://home/addons/plugin.video.tvonlineER/icons/icon.png&quot;&gt;&gt;&quot; thumb=&quot;special://home/addons/plugin.video.tvonlineER/icons/icon.png&quot;&gt;&gt;&quot; thumb=&quot;special://home/addons/plugin.video.tvonlineER/icons/icon.png&quot;&gt;&gt;&quot; thumb=&quot;special://home/addons/plugin.video.tvonlineER/icons/icon.png&quot;&gt;&gt;&quot; thumb=&quot;special://home/addons/plugin.video.tvonlineER/icons/icon.png&quot;&gt;&gt;&quot; thumb=&quot;special://home/addons/plugin.video.tvonlineER/icons/icon.png&quot;&gt;&gt;&quot; thumb=&quot;special://home/addons/plugin.video.tvonlineER/icons/icon.png&quot;&gt;&gt;&quot; thumb=&quot;special://home/addons/plugin.video.tvonlineER/icons/icon.png&quot;&gt;&gt;&quot; thumb=&quot;special://home/addons/plugin.video.tvonlineER/icons/icon.png&quot;&gt;ActivateWindow(10025,&quot;plugin://plugin.video.tvonlineER/?mode=GetTitles4&amp;section=ALL&amp;url=http%3a%2f%2ftvonline.tw%2f%2fgenres%2faction%2f&amp;sf_options=fanart%3Dspecial%3A%2F%2Fhome%2Faddons%2Fplugin.video.tvonlineER%2Ficons%2Ffanart.jpg%26_options_sf&quot;,return)</favourite>
	<favourite name="Genres" thumb="DefaultFolder.png">ActivateWindow(10025,&quot;plugin://script.icechannel/?episode&amp;fanart&amp;favorite=false&amp;imdb_id&amp;img&amp;indexer=tv_shows&amp;indexer_id=IMDb&amp;istream_path=%20%3a%20TV%20Shows%20%3a%20Genres&amp;mode=section&amp;name&amp;season&amp;section=genres&amp;title=Genres&amp;trailer&amp;type&amp;url&amp;urls&amp;year&quot;,return)</favourite>
	<favourite name="[B]Full Seasons : [COLOR blue]Genre[/COLOR][/B]" thumb="special://home/addons/plugin.video.ddlseriesER/icons/gen.png">ActivateWindow(10025,&quot;plugin://plugin.video.ddlseriesER/?mode=GenreMenu1&amp;sf_options=fanart%3Dspecial%3A%2F%2Fhome%2Faddons%2Fplugin.video.ddlseriesER%2Ficons%2Ffanart.jpg%26_options_sf&quot;,return)</favourite>
</favourites>