<favourites>
	<favourite name="[B]---===[COLOR red]DAILY[/COLOR][COLOR blue] PICKS[/COLOR]===---[/B]" thumb="http://img0.cfstatic.com/wallpapers/f36c1ef92fbb2e97dcfb2f4b6e6e8044_large.jpeg">ActivateWindow(10025,&quot;plugin://plugin.video.NJMSoccer/?fanart&amp;mode=1&amp;name=%5bB%5d---%3d%3d%3d%5bCOLOR%20red%5dDAILY%5b%2fCOLOR%5d%5bCOLOR%20blue%5d%20PICKS%5b%2fCOLOR%5d%3d%3d%3d---%5b%2fB%5d&amp;url=http%3a%2f%2fnjmsoccer.kodistream.info%2frh_daily.xml&quot;,return)</favourite>
	<favourite name="[B]PERCH PICKS - ASSORTED SPORTS[/B]" thumb="special://home/addons/plugin.video.VidTime/resources/media/sport.png">ActivateWindow(10025,&quot;plugin://plugin.video.VidTime/?mode=PERCH%20PICKS%20-%20ASSORTED%20SPORTS&amp;sf_options=fanart%3Dspecial%3A%2F%2Fhome%2Faddons%2Fplugin.video.VidTime%2Ffanart.jpg%26_options_sf&quot;,return)</favourite>
	<favourite name="*Now Playing*" thumb="http://i1295.photobucket.com/albums/b636/beatbox8501/PicsArt_1437423537538_zpsxjwsjeqe.jpg">ActivateWindow(10025,&quot;plugin://plugin.video.gorillastreams/?item=title%3d%252ANow%2bPlaying%252A%26url%3dhttp%253A%252F%252Fwww.stopstream.com%26cfg%3dstopstream.com.events.cfg%26definedIn%3dcustoms%252Fstopstream.com.cfg%26director%3dGorilla%2bStreams%26genre%3dLive%2bTV%26type%3drss%26icon%3dhttp%253A%252F%252Fi1295.photobucket.com%252Falbums%252Fb636%252Fbeatbox8501%252FPicsArt_1437423537538_zpsxjwsjeqe.jpg&amp;mode=1&amp;sf_options=fanart%3Dspecial%3A%2F%2Fhome%2Faddons%2Fplugin.video.gorillastreams%2Ffanart.jpg%26_options_sf&quot;,return)</favourite>
	<favourite name="[B]Live Now[/B]" thumb="special://home/addons/plugin.video.castaway/resources/media/live.png">ActivateWindow(10025,&quot;plugin://plugin.video.castaway/?mode=open_sport_cat&amp;site=vipbox&amp;url=http%3a%2f%2fwww.vipleague.me%2flive-now.html&amp;sf_options=fanart%3Dspecial%3A%2F%2Fhome%2Faddons%2Fplugin.video.castaway%2Ffanart.jpg%26_options_sf&quot;,return)</favourite>
	<favourite name="LIVE GAMES" thumb="http://buskerbrownes.com/wp-content/uploads/2013/06/img1.jpg">ActivateWindow(10025,&quot;plugin://plugin.video.phstreams/?action=ndmode&amp;audio=0&amp;content=0&amp;fanart=https%3a%2f%2flh4.googleusercontent.com%2f-WwZHUFLPK2E%2fU3Kd4itvhPI%2fAAAAAAAAAKM%2fsaEb-0QngnM%2fs0-d%2fBurning-Soccer-Ball-1600x1200.jpg&amp;image=http%3a%2f%2fbuskerbrownes.com%2fwp-content%2fuploads%2f2013%2f06%2fimg1.jpg&amp;name=LIVE%20GAMES&amp;tvshow=0&amp;url=http%3a%2f%2ftuzla.watchkodi.com%2fLIVE%2520TV%2fnewsport.xml&amp;sf_options=fanart%3Dhttps%3A%2F%2Flh4.googleusercontent.com%2F-WwZHUFLPK2E%2FU3Kd4itvhPI%2FAAAAAAAAAKM%2FsaEb-0QngnM%2Fs0-d%2FBurning-Soccer-Ball-1600x1200.jpg%26desc%3DDiscover+Great+Streaming+Playlists%21%26_options_sf&quot;,return)</favourite>
	<favourite name="*Now Playing*" thumb="special://home/addons/plugin.video.SportsDevil/resources/images/livetv_ru.png">ActivateWindow(10025,&quot;plugin://plugin.video.SportsDevil/?item=title%3d%252ANow%2bPlaying%252A%26url%3dhttp%253A%252F%252Flivetv102.net%252Fen%252Fallupcoming%26cfg%3dlivetv.ru.videos.cfg%2540LIVE%2540all%26definedIn%3dlivesports%252Flivetv.ru.cfg%26director%3dLivetv.ru%26genre%3dLive%2bSports%26type%3drss%26icon%3d%252Fhome%252Fosmc%252F.kodi%252Faddons%252Fplugin.video.SportsDevil%252Fresources%252Fimages%252Flivetv_ru.png&amp;mode=1&amp;sf_options=fanart%3Dspecial%3A%2F%2Fhome%2Faddons%2Fplugin.video.SportsDevil%2Ffanart.jpg%26_options_sf&quot;,return)</favourite>
	<favourite name="*Now Playing*" thumb="special://home/addons/plugin.video.SportsDevil/resources/images/stopstream.tv.png">ActivateWindow(10025,&quot;plugin://plugin.video.SportsDevil/?item=title%3d%252ANow%2bPlaying%252A%26url%3dhttp%253A%252F%252Fwww.stopstream.me%26cfg%3dstopstream.com.events.cfg%26definedIn%3dlivesports%252Fstopstream.com.cfg%26director%3dstopstream.com%26genre%3dLive%2bSports%26type%3drss%26icon%3d%252Fhome%252Fosmc%252F.kodi%252Faddons%252Fplugin.video.SportsDevil%252Fresources%252Fimages%252Fstopstream.tv.png&amp;mode=1&amp;sf_options=fanart%3Dspecial%3A%2F%2Fhome%2Faddons%2Fplugin.video.SportsDevil%2Ffanart.jpg%26_options_sf&quot;,return)</favourite>
	<favourite name="*Now Playing*" thumb="special://home/addons/plugin.video.SportsDevil/resources/images/vipbox.png">ActivateWindow(10025,&quot;plugin://plugin.video.SportsDevil/?item=title%3d%252ANow%2bPlaying%252A%26url%3dhttp%253A%252F%252Fwww.vipleague.is%252Flive-now.html%26cfg%3dvipbox.tv.events.cfg%26definedIn%3dlivesports%252Fvipbox.tv.cfg%26director%3dVipBox.tv%26genre%3dLive%2bSports%26type%3drss%26icon%3d%252Fhome%252Fosmc%252F.kodi%252Faddons%252Fplugin.video.SportsDevil%252Fresources%252Fimages%252Fvipbox.png&amp;mode=1&amp;sf_options=fanart%3Dspecial%3A%2F%2Fhome%2Faddons%2Fplugin.video.SportsDevil%2Ffanart.jpg%26_options_sf&quot;,return)</favourite>
	<favourite name="Bundesliga-Streams.net" thumb="special://home/addons/plugin.video.SportsDevil/resources/images/bundesligastream.png">ActivateWindow(10025,&quot;plugin://plugin.video.SportsDevil/?item=title%3dBundesliga-Streams.net%26url%3dlivesports%252Fbundesliga-streams.net.cfg%26definedIn%3dlivesports.cfg%26director%3dbundesliga-streams.net%26genre%3dLive%2bSports%26type%3drss%26icon%3d%252Fhome%252Fosmc%252F.kodi%252Faddons%252Fplugin.video.SportsDevil%252Fresources%252Fimages%252Fbundesligastream.png&amp;mode=1&amp;sf_options=fanart%3Dspecial%3A%2F%2Fhome%2Faddons%2Fplugin.video.SportsDevil%2Ffanart.jpg%26_options_sf&quot;,return)</favourite>
	<favourite name="Sport365.live" thumb="DefaultFolder.png">ActivateWindow(10025,&quot;plugin://plugin.video.ZemTV-shani/?mode=56&amp;name=Sport365.live&amp;url=sss&quot;,return)</favourite>
	<favourite name="SmartCric.com (Live matches only)" thumb="DefaultFolder.png">ActivateWindow(10025,&quot;plugin://plugin.video.ZemTV-shani/?mode=14&amp;name=SmartCric.com%20(Live%20matches%20only)&amp;url=Live&quot;,return)</favourite>
	<favourite name="WatchCric.com (requires new rtmp)-Live matches only" thumb="DefaultFolder.png">ActivateWindow(10025,&quot;plugin://plugin.video.ZemTV-shani/?mode=16&amp;name=WatchCric.com%20(requires%20new%20rtmp)-Live%20matches%20only&amp;url=http%3a%2f%2fwww.watchcric.net%2f&quot;,return)</favourite>
	<favourite name="Streams" thumb="DefaultFolder.png">ActivateWindow(10025,&quot;plugin://plugin.video.ZemTV-shani/?mode=39&amp;name=Streams&amp;url=sss&quot;,return)</favourite>
	<favourite name="[COLOR royalblue][B]LIVE GAMES UPDATE EVERDAY [/B][/COLOR]" thumb="http://www.free-football.eu/soccer336x280.jpg">ActivateWindow(10025,&quot;plugin://plugin.video.Test/?fanart=http%3a%2f%2fhalowtv.com%2fhalow%2fHalowTV_Logo_Dark.gif&amp;mode=1&amp;name=%5bCOLOR%20royalblue%5d%5bB%5dLIVE%20GAMES%20UPDATE%20EVERDAY%20%5b%2fB%5d%5b%2fCOLOR%5d&amp;url=http%3a%2f%2fpastebin.com%2fraw%2frd5Tjgj3&amp;sf_options=fanart%3Dhttp%3A%2F%2Fhalowtv.com%2Fhalow%2FHalowTV_Logo_Dark.gif%26_options_sf&quot;,return)</favourite>
	<favourite name="[COLOR lime]LIVE SPORTS[/COLOR]" thumb="http://s12.postimg.org/ho80sp8a5/IMG_8400.jpg">ActivateWindow(10025,&quot;plugin://plugin.video.3amigos/?fanart=http%3a%2f%2fs17.postimg.org%2fm8kwyrwov%2fimage.jpg&amp;mode=1&amp;name=%5bCOLOR%20lime%5dLIVE%20SPORTS%5b%2fCOLOR%5d&amp;url=http%3a%2f%2fpastebin.com%2fraw.php%3fi%3d1M00vVYG&amp;sf_options=fanart%3Dhttp%3A%2F%2Fs17.postimg.org%2Fm8kwyrwov%2Fimage.jpg%26_options_sf&quot;,return)</favourite>
	<favourite name="[B]---===[COLOR red]BIG[/COLOR][COLOR blue] LIST[/COLOR]===---[/B]" thumb="http://images.123hdwallpapers.com/20150827/adobe-photoshop-backup-black-1920x1080.jpg">ActivateWindow(10025,&quot;plugin://plugin.video.NJMSoccer/?fanart&amp;mode=1&amp;name=%5bB%5d---%3d%3d%3d%5bCOLOR%20red%5dBIG%5b%2fCOLOR%5d%5bCOLOR%20blue%5d%20LIST%5b%2fCOLOR%5d%3d%3d%3d---%5b%2fB%5d&amp;url=http%3a%2f%2fnjmsoccer.kodistream.info%2frh_Biglist.xml&quot;,return)</favourite>
</favourites>