<favourites>
	<favourite name="[COLOR cyan]IPTV[/COLOR] fubar" thumb="DefaultFolder.png">ActivateWindow(10025,&quot;plugin://plugin.video.mdfubar/?description&amp;iconimage&amp;mode=5000&amp;name=%5bCOLOR%20cyan%5dIPTV%5b%2fCOLOR%5d&amp;url=url&amp;sf_options=fanart%3Dspecial%3A%2F%2Fhome%2Faddons%2Fplugin.video.mdfubar%2Fresources%2Fart%2Ff1.jpg%26_options_sf&quot;,return)</favourite>
	<favourite name="[COLOR saddlebrown]DOCUMENTARIES[/COLOR] bbts" thumb="http://bbts-repo.weebly.com/files/theme/Logos/Folders/docos.png">ActivateWindow(10025,&quot;plugin://plugin.video.bbts/?folder=%2fDOCUMENTARIES&amp;sf_options=fanart%3Dhttp%3A%2F%2Fbbts-repo.weebly.com%2Ffiles%2Ftheme%2FLogos%2FFolders%2FBBTS.jpg%26desc%3DA+collection+of+documents%2C+realty%2C+history%2C+and+more....%26_options_sf&quot;,return)</favourite>
	<favourite name="[COLOR royalblue][B]English[/B][/COLOR] ccloud" thumb="special://home/addons/plugin.video.ccloudtv/resources/icons//english.png">ActivateWindow(10025,&quot;plugin://plugin.video.ccloudtv/?iconimage=%2fhome%2fosmc%2f.kodi%2faddons%2fplugin.video.ccloudtv%2fresources%2ficons%2f%2fenglish.png&amp;mode=62&amp;name=%5bCOLOR%20royalblue%5d%5bB%5dEnglish%5b%2fB%5d%5b%2fCOLOR%5d&amp;url=english&amp;sf_options=fanart%3Dspecial%3A%2F%2Fhome%2Faddons%2Fplugin.video.ccloudtv%2Ffanart.jpg%26_options_sf&quot;,return)</favourite>
	<favourite name="All Channels cpear" thumb="special://home/addons/plugin.video.channelpear/icon.png">ActivateWindow(10025,&quot;plugin://plugin.video.channelpear/?fanart=https%3a%2f%2fchannelpear.com%2fimages%2fkiwi_new.jpg&amp;mode=1&amp;name=All%20Channels&amp;url=https%3a%2f%2fchannelpear.com%2fassets%2fm3u%2f%3fuserid%3d10516%26key%3ddee517621c8188c07881463f05eba20093e4073e&amp;sf_options=fanart%3Dhttps%3A%2F%2Fchannelpear.com%2Fimages%2Fkiwi_new.jpg%26_options_sf&quot;,return)</favourite>
	<favourite name="[COLOR red]Live TV[/COLOR]" thumb="http://i1295.photobucket.com/albums/b636/beatbox8501/PicsArt_1437422698251_zpsnlorodw3.jpg">ActivateWindow(10025,&quot;plugin://plugin.video.gorillastreams/?item=title%3d%255BCOLOR%2bred%255DLive%2bTV%255B%252FCOLOR%255D%26url%3dcustoms%252Filive.to.cfg%26definedIn%3dmainMenu.cfg%26director%3dGorilla%2bStreams%26genre%3dLive%2bTV%26type%3drss%26icon%3dhttp%253A%252F%252Fi1295.photobucket.com%252Falbums%252Fb636%252Fbeatbox8501%252FPicsArt_1437422698251_zpsnlorodw3.jpg&amp;mode=1&amp;sf_options=fanart%3Dspecial%3A%2F%2Fhome%2Faddons%2Fplugin.video.gorillastreams%2Ffanart.jpg%26_options_sf&quot;,return)</favourite>
	<favourite name="[COLOR green][B]USA LIVE TV[/B][/COLOR]" thumb="http://www.icon2s.com/wp-content/uploads/2012/12/US-United-States-flag-icon.png">ActivateWindow(10025,&quot;plugin://plugin.video.amanda/?description&amp;iconimage=http%3a%2f%2fwww.icon2s.com%2fwp-content%2fuploads%2f2012%2f12%2fUS-United-States-flag-icon.png&amp;mode=4&amp;name=%5bCOLOR%20green%5d%5bB%5dUSA%20LIVE%20TV%5b%2fB%5d%5b%2fCOLOR%5d&amp;url=http%3a%2f%2fpastebin.com%2fraw.php%3fi%3dhNZ6kjp4&amp;sf_options=fanart%3Dhttp%3A%2F%2Fwww.icon2s.com%2Fwp-content%2Fuploads%2F2012%2F12%2FUS-United-States-flag-icon.png%26_options_sf&quot;,return)</favourite>
	<favourite name="Live TV istream" thumb="https://istream-xbmc-repo.googlecode.com/svn/images/default/live_tv.png">ActivateWindow(10025,&quot;plugin://script.icechannel/?fanart=https%3a%2f%2fistream-xbmc-repo.googlecode.com%2fsvn%2fimages%2fdefault%2flive_tv.jpg&amp;img=https%3a%2f%2fistream-xbmc-repo.googlecode.com%2fsvn%2fimages%2fdefault%2flive_tv.png&amp;indexer=live_tv&amp;istream_path=%20%3a%20Live%20TV&amp;mode=indexer&amp;section=main&amp;title=Live%20TV&amp;sf_options=fanart%3Dhttps%3A%2F%2Fistream-xbmc-repo.googlecode.com%2Fsvn%2Fimages%2Fdefault%2Flive_tv.jpg%26_options_sf&quot;,return)</favourite>
	<favourite name="Live TV" thumb="special://home/addons/plugin.video.castaway/resources/media/live_tv.jpg">ActivateWindow(10025,&quot;plugin://plugin.video.castaway/?mode=live_tv&amp;sf_options=fanart%3Dspecial%3A%2F%2Fhome%2Faddons%2Fplugin.video.castaway%2Ffanart.jpg%26_options_sf&quot;,return)</favourite>
	<favourite name="USA Channels" thumb="special://home/addons/plugin.video.castaway/resources/media/shadownet.png">ActivateWindow(10025,&quot;plugin://plugin.video.castaway/?mode=open_tv_cat&amp;site=shadownet&amp;url=http%3a%2f%2fwww.shadow-net.me%2fcategories%2fUSA-Channels%2f&amp;sf_options=fanart%3Dspecial%3A%2F%2Fhome%2Faddons%2Fplugin.video.castaway%2Ffanart.jpg%26_options_sf&quot;,return)</favourite>
	<favourite name="Entertainment" thumb="special://home/addons/plugin.video.castaway/resources/media/streamlive.png">ActivateWindow(10025,&quot;plugin://plugin.video.castaway/?mode=open_tv_cat&amp;site=streamlive&amp;url=http%3a%2f%2fwww.streamlive.to%2fEntertainment&amp;sf_options=fanart%3Dspecial%3A%2F%2Fhome%2Faddons%2Fplugin.video.castaway%2Ffanart.jpg%26_options_sf&quot;,return)</favourite>
	<favourite name="usachannels.tv" thumb="special://home/addons/plugin.video.castaway/resources/media/usachannels.png">ActivateWindow(10025,&quot;plugin://plugin.video.castaway/?mode=open_live_tv&amp;site=usachannels&amp;sf_options=fanart%3Dspecial%3A%2F%2Fhome%2Faddons%2Fplugin.video.castaway%2Ffanart.jpg%26_options_sf&quot;,return)</favourite>
	<favourite name="USA" thumb="http://bbts-repo.weebly.com/files/theme/Logos/Flags/United_States.jpg">ActivateWindow(10025,&quot;plugin://plugin.video.bbts/?folder=WORLD%2fUSA&amp;sf_options=fanart%3Dhttp%3A%2F%2Fbbts-repo.weebly.com%2Ffiles%2Ftheme%2FLogos%2FFolders%2Fworld.jpg%26_options_sf&quot;,return)</favourite>
	<favourite name="[COLOR white]LIVE TV[/COLOR][COLOR lime][/COLOR]" thumb="http://i1295.photobucket.com/albums/b636/beatbox8501/LIVETV_zpsjmrlcbwp.png">ActivateWindow(10025,&quot;plugin://plugin.video.streamengine/?date&amp;description&amp;iconimage=http%3a%2f%2fi1295.photobucket.com%2falbums%2fb636%2fbeatbox8501%2fLIVETV_zpsjmrlcbwp.png&amp;mode=1&amp;name=%5bCOLOR%20white%5dLIVE%20TV%5b%2fCOLOR%5d%5bCOLOR%20lime%5d%5b%2fCOLOR%5d&amp;page&amp;play&amp;url=https%3a%2f%2fpastebin.com%2fraw.php%3fi%3dm3zRMmKv&amp;sf_options=fanart%3Dhttp%3A%2F%2Fi1295.photobucket.com%2Falbums%2Fb636%2Fbeatbox8501%2Fwallpaper_zpsopwvguho.jpg%26_options_sf&quot;,return)</favourite>
	<favourite name="Live TV" thumb="special://home/addons/plugin.video.SportsDevil/resources/images/folder.png">ActivateWindow(10025,&quot;plugin://plugin.video.SportsDevil/?item=title%3dLive%2bTV%26url%3dcustoms.cfg%26definedIn%3dmainMenu.cfg%26director%3dSportsDevil%26genre%3dLive%2bTV%26type%3drss%26icon%3d&amp;mode=1&amp;sf_options=fanart%3Dspecial%3A%2F%2Fhome%2Faddons%2Fplugin.video.SportsDevil%2Ffanart.jpg%26_options_sf&quot;,return)</favourite>
	<favourite name="Tv Channels" thumb="special://home/addons/plugin.video.SportsDevil/resources/images/vipbox.png">ActivateWindow(10025,&quot;plugin://plugin.video.SportsDevil/?item=title.tmp%3dTV%2bChannels%26title%3dTv%2bChannels%26url%3dhttp%253A%252F%252Fwww.vipleague.is%252Fsports%252Ftv-box.html%26cfg%3dvipbox.tv.events.cfg%2540TV%2bChannels%26definedIn%3dvipbox.tv.cfg%26director%3dVipBox.tv%26referer%3dhttp%253A%252F%252Fwww.vipleague.is%26genre%3dLive%2bSports%26type%3drss%26icon%3d%252Fhome%252Fosmc%252F.kodi%252Faddons%252Fplugin.video.SportsDevil%252Fresources%252Fimages%252Fvipbox.png&amp;mode=1&amp;sf_options=fanart%3Dspecial%3A%2F%2Fhome%2Faddons%2Fplugin.video.SportsDevil%2Ffanart.jpg%26_options_sf&quot;,return)</favourite>
	<favourite name="[COLOR green][B]USA LIVE TV[/B][/COLOR]" thumb="http://www.icon2s.com/wp-content/uploads/2012/12/US-United-States-flag-icon.png">ActivateWindow(10025,&quot;plugin://plugin.video.gul/?description&amp;iconimage=http%3a%2f%2fwww.icon2s.com%2fwp-content%2fuploads%2f2012%2f12%2fUS-United-States-flag-icon.png&amp;mode=4&amp;name=%5bCOLOR%20green%5d%5bB%5dUSA%20LIVE%20TV%5b%2fB%5d%5b%2fCOLOR%5d&amp;url=http%3a%2f%2fpastebin.com%2fraw.php%3fi%3dhNZ6kjp4&amp;sf_options=fanart%3Dhttp%3A%2F%2Fwww.icon2s.com%2Fwp-content%2Fuploads%2F2012%2F12%2FUS-United-States-flag-icon.png%26_options_sf&quot;,return)</favourite>
	<favourite name="[COLOR pink] LIVE TV[/COLOR]" thumb="http://s28.postimg.org/sdhfrzppp/IMG_8408.jpg">ActivateWindow(10025,&quot;plugin://plugin.video.3amigos/?fanart=http%3a%2f%2fs17.postimg.org%2fm8kwyrwov%2fimage.jpg&amp;mode=1&amp;name=%5bCOLOR%20pink%5d%20LIVE%20TV%5b%2fCOLOR%5d&amp;url=http%3a%2f%2fpastebin.com%2fraw.php%3fi%3dQHLabMdU&amp;sf_options=fanart%3Dhttp%3A%2F%2Fs17.postimg.org%2Fm8kwyrwov%2Fimage.jpg%26_options_sf&quot;,return)</favourite>
	<favourite name="[COLOR lime]USA LIVE TV[/COLOR]" thumb="http://icons.iconarchive.com/icons/custom-icon-design/flag-3/128/United-States-Flag-icon.png">ActivateWindow(10025,&quot;plugin://plugin.video.3amigos/?fanart=http%3a%2f%2ficons.iconarchive.com%2ficons%2fcustom-icon-design%2fflag-3%2f128%2fUnited-States-Flag-icon.png&amp;mode=1&amp;name=%5bCOLOR%20lime%5dUSA%20LIVE%20TV%5b%2fCOLOR%5d&amp;url=http%3a%2f%2fpastebin.com%2fraw.php%3fi%3dFNxT5yPv&amp;sf_options=fanart%3Dhttp%3A%2F%2Ficons.iconarchive.com%2Ficons%2Fcustom-icon-design%2Fflag-3%2F128%2FUnited-States-Flag-icon.png%26_options_sf&quot;,return)</favourite>
</favourites>