<favourites>
	<favourite name="News" thumb="special://home/addons/script.exodus.artwork/resources/media/exodus/genres.png">ActivateWindow(10025,&quot;plugin://plugin.video.exodus/?action=tvshows&amp;url=http%3a%2f%2fwww.imdb.com%2fsearch%2ftitle%3ftitle_type%3dtv_series%2cmini_series%26release_date%3d%2cdate%5b0%5d%26genres%3dnews%26sort%3dmoviemeter%2casc%26count%3d40%26start%3d1&amp;sf_options=fanart%3Dspecial%3A%2F%2Fhome%2Faddons%2Fscript.exodus.artwork%2Fresources%2Fmedia%2Fexodus%2Ffanart.jpg%26_options_sf&quot;,return)</favourite>
	<favourite name="News" thumb="special://home/addons/plugin.video.specto/resources/media/gone/tvGenres.jpg">ActivateWindow(10025,&quot;plugin://plugin.video.specto/?action=tvshows&amp;url=http%3a%2f%2fapi.themoviedb.org%2f3%2fdiscover%2ftv%3fapi_key%3d%25s%26with_genres%3d10763%26air_date.gte%3d2015-03-09%26air_date.lte%3d2016-03-08%26page%3d1&amp;sf_options=fanart%3Dspecial%3A%2F%2Fhome%2Faddons%2Fplugin.video.specto%2Fresources%2Fmedia%2Fgone%2Ffanart.jpg%26_options_sf&quot;,return)</favourite>
	<favourite name="news" thumb="special://home/addons/plugin.video.theroyalwe/resources/artwork/genres/news.jpg">ActivateWindow(10025,&quot;plugin://plugin.video.theroyalwe/?id=10763&amp;mode=tv_genre&amp;sf_options=fanart%3Dspecial%3A%2F%2Fhome%2Faddons%2Fplugin.video.theroyalwe%2Ffanart.jpg%26_options_sf&quot;,return)</favourite>
	<favourite name="News" thumb="special://home/addons/plugin.video.tvmix/resources/art/News.png">ActivateWindow(10025,&quot;plugin://plugin.video.tvmix/?description&amp;iconimage=%2fhome%2fosmc%2f.kodi%2faddons%2fplugin.video.tvmix%2fresources%2fart%2fNews.png&amp;mode=8&amp;name=News&amp;url=http%3a%2f%2fwww.watchepisodes1.com%2fhome%2fseries%3fgenres%3dnews&amp;sf_options=fanart%3Dspecial%3A%2F%2Fhome%2Faddons%2Fplugin.video.tvmix%2Ffanart.jpg%26_options_sf&quot;,return)</favourite>
	<favourite name="News" thumb="DefaultFolder.png">ActivateWindow(10025,&quot;plugin://script.icechannel/?episode&amp;fanart&amp;favorite=false&amp;imdb_id&amp;img&amp;indexer=tv_shows&amp;indexer_id=IMDb&amp;istream_path=%20%3a%20TV%20Shows%20%3a%20Genres%20%3a%20News&amp;mode=section&amp;name&amp;season&amp;section=news&amp;title=News&amp;trailer&amp;type=tv_shows&amp;url=http%3a%2f%2fimdb.com%2fsearch%2ftitle%3fhas%3dtechnical%26moviemeter%3d%2c200000%26num_votes%3d500%2c%26title_type%3dtv_series%2cmini_series%26genres%3dnews%26sort%3dnum_votes%2cdesc&amp;urls&amp;year&quot;,return)</favourite>
	<favourite name="Politics" thumb="special://home/addons/plugin.video.tvmix/resources/art/Politics.png">ActivateWindow(10025,&quot;plugin://plugin.video.tvmix/?description&amp;iconimage=%2fhome%2fosmc%2f.kodi%2faddons%2fplugin.video.tvmix%2fresources%2fart%2fPolitics.png&amp;mode=8&amp;name=Politics&amp;url=http%3a%2f%2fwww.watchepisodes1.com%2fhome%2fseries%3fgenres%3dpolitics&amp;sf_options=fanart%3Dspecial%3A%2F%2Fhome%2Faddons%2Fplugin.video.tvmix%2Ffanart.jpg%26_options_sf&quot;,return)</favourite>
</favourites>