<favourites>
	<favourite name="NFL Game Pass" thumb="special://home/addons/plugin.video.nfl.gamepass/icon.png">RunScript(&quot;plugin.video.nfl.gamepass?sf_options=fanart%3Dspecial%3A%2F%2Fhome%2Faddons%2Fplugin.video.nfl.gamepass%2Ffanart.jpg%26desc%3DWatch+NFL+Game+Pass+streams.%26_options_sf&quot;)</favourite>
	<favourite name="NFL Replays" thumb="special://home/addons/plugin.video.nflreplays/icon.png">ActivateWindow(10025,&quot;plugin://plugin.video.nflreplays?sf_options=fanart%3Dspecial%3A%2F%2Fhome%2Faddons%2Fplugin.video.nflreplays%2Ffanart.jpg%26desc%3DWatch+full+NFL+game+replays.%26_options_sf&quot;,return)</favourite>
	<favourite name="NFL Teams" thumb="special://home/addons/plugin.video.nfl-teams/icon.png">ActivateWindow(10025,&quot;plugin://plugin.video.nfl-teams?sf_options=fanart%3Dspecial%3A%2F%2Fhome%2Faddons%2Fplugin.video.nfl-teams%2Ffanart.jpg%26desc%3DVideos+from+the+NFL+teams%27+homepages.+Highlights%2C+interviews%2C+analytics+and+cheerleaders.%26_options_sf&quot;,return)</favourite>
	<favourite name="NFL.com" thumb="special://home/addons/plugin.video.nfl.com/icon.png">ActivateWindow(10025,&quot;plugin://plugin.video.nfl.com?sf_options=fanart%3Dspecial%3A%2F%2Fhome%2Faddons%2Fplugin.video.nfl.com%2Ffanart.jpg%26desc%3DVideo+highlights+from+National+Football+League.com.%26_options_sf&quot;,return)</favourite>
	<favourite name="Footballguys.com - The Audible - Fantasy Football Info for Serious Fans" thumb="http://static.filmon.com/assets/channels/1481/big_logo.png">PlayMedia(&quot;plugin://plugin.video.filmon/?url=url&amp;mode=12&amp;name=Footballguys.com+-+The+Audible+-+Fantasy+Football+Info+for+Serious+Fans&amp;iconimage=http%3A%2F%2Fstatic.filmon.com%2Fassets%2Fchannels%2F1481%2Fbig_logo.png&amp;description=&amp;programme_id=1481&amp;startdate_time=&amp;group=SPORTS&amp;sf_options=winID%3D10025%26_options_sf&quot;)</favourite>
	<favourite name="[COLOR orange]AFL[/COLOR]" thumb="http://icons.iconarchive.com/icons/icons-land/vista-people/128/Sport-Football-Player-Male-Light-icon.png">ActivateWindow(10025,&quot;plugin://plugin.video.3amigos/?fanart=http%3a%2f%2fs17.postimg.org%2fm8kwyrwov%2fimage.jpg&amp;mode=1&amp;name=%5bCOLOR%20orange%5dAFL%5b%2fCOLOR%5d&amp;url=http%3a%2f%2fpastebin.com%2fraw.php%3fi%3drc84Xp9u&amp;sf_options=fanart%3Dhttp%3A%2F%2Fs17.postimg.org%2Fm8kwyrwov%2Fimage.jpg%26_options_sf&quot;,return)</favourite>
</favourites>