<favourites>
	<favourite name="Golf" thumb="special://home/addons/plugin.video.gorillastreams/resources/images/sports/Golf.png">ActivateWindow(10025,&quot;plugin://plugin.video.gorillastreams/?item=title%3dGolf%26url%3dhttp%253A%252F%252Fwww.stopstream.tv%252F8-golf.html%26cfg%3dstopstream.com.events.cfg%26definedIn%3dcustoms%252Fstopstream.com.cfg%26director%3dGorilla%2bStreams%26genre%3dLive%2bTV%26type%3drss%26icon%3d%252Fhome%252Fosmc%252F.kodi%252Faddons%252Fplugin.video.gorillastreams%252Fresources%252Fimages%252Fsports%252FGolf.png&amp;mode=1&amp;sf_options=fanart%3Dspecial%3A%2F%2Fhome%2Faddons%2Fplugin.video.gorillastreams%2Ffanart.jpg%26_options_sf&quot;,return)</favourite>
	<favourite name="Golf" thumb="special://home/addons/plugin.video.castaway/resources/media/icons/golf.png">ActivateWindow(10025,&quot;plugin://plugin.video.castaway/?mode=open_sport_cat&amp;site=vipbox&amp;url=http%3a%2f%2fwww.vipleague.me%2fsports%2fgolf.html&amp;sf_options=fanart%3Dspecial%3A%2F%2Fhome%2Faddons%2Fplugin.video.castaway%2Ffanart.jpg%26_options_sf&quot;,return)</favourite>
	<favourite name="Golf" thumb="special://home/addons/plugin.video.castaway/resources/media/icons/golf.png">ActivateWindow(10025,&quot;plugin://plugin.video.castaway/?mode=open_sport_cat&amp;site=dimsport&amp;url=http%3a%2f%2fidimsports.eu%2fgolf.html&amp;sf_options=fanart%3Dspecial%3A%2F%2Fhome%2Faddons%2Fplugin.video.castaway%2Ffanart.jpg%26_options_sf&quot;,return)</favourite>
	<favourite name="Golf" thumb="special://home/addons/plugin.video.castaway/resources/media/icons/golf.png">ActivateWindow(10025,&quot;plugin://plugin.video.castaway/?mode=open_sport_cat&amp;site=stream2watch&amp;url=http%3a%2f%2fwww.stream2watch.co%2fsports%2fgolf&amp;sf_options=fanart%3Dspecial%3A%2F%2Fhome%2Faddons%2Fplugin.video.castaway%2Ffanart.jpg%26_options_sf&quot;,return)</favourite>
	<favourite name="Golf" thumb="special://home/addons/plugin.video.SportsDevil/resources/images/sports/Golf.png">ActivateWindow(10025,&quot;plugin://plugin.video.SportsDevil/?item=title%3dGolf%26url%3dhttp%253A%252F%252Fwww.idimsports.eu%252Fgolf.html%26cfg%3ddimsports.eu.links.cfg%26definedIn%3dlivesports%252Fdimsports.eu.cfg%26director%3ddimsports.eu%26genre%3dLive%2bSports%26type%3drss%26icon%3d%252Fhome%252Fosmc%252F.kodi%252Faddons%252Fplugin.video.SportsDevil%252Fresources%252Fimages%252Fsports%252FGolf.png&amp;mode=1&amp;sf_options=fanart%3Dspecial%3A%2F%2Fhome%2Faddons%2Fplugin.video.SportsDevil%2Ffanart.jpg%26_options_sf&quot;,return)</favourite>
	<favourite name="Golf" thumb="special://home/addons/plugin.video.SportsDevil/resources/images/sports/Golf.pn">ActivateWindow(10025,&quot;plugin://plugin.video.SportsDevil/?item=title%3dGolf%26url%3dhttp%253A%252F%252Ffirstrowsports.ge%252Findex.php%253Fgame%253Dgolf%26cfg%3dfirstrowsports.ge.links.cfg%26definedIn%3dlivesports%252Ffirstrowsports.ge.cfg%26director%3dFirstRowSports.ge%26genre%3dLive%2bSports%26type%3drss%26icon%3d%252Fhome%252Fosmc%252F.kodi%252Faddons%252Fplugin.video.SportsDevil%252Fresources%252Fimages%252Fsports%252FGolf.pn&amp;mode=1&amp;sf_options=fanart%3Dspecial%3A%2F%2Fhome%2Faddons%2Fplugin.video.SportsDevil%2Ffanart.jpg%26_options_sf&quot;,return)</favourite>
	<favourite name="Golf" thumb="special://home/addons/plugin.video.SportsDevil/resources/images/sports/Golf.png">ActivateWindow(10025,&quot;plugin://plugin.video.SportsDevil/?item=title%3dGolf%26url%3dhttp%253A%252F%252Fwww.stopstream.me%252F8-golf.html%26cfg%3dstopstream.com.events.cfg%26definedIn%3dlivesports%252Fstopstream.com.cfg%26director%3dstopstream.com%26genre%3dLive%2bSports%26type%3drss%26icon%3d%252Fhome%252Fosmc%252F.kodi%252Faddons%252Fplugin.video.SportsDevil%252Fresources%252Fimages%252Fsports%252FGolf.png&amp;mode=1&amp;sf_options=fanart%3Dspecial%3A%2F%2Fhome%2Faddons%2Fplugin.video.SportsDevil%2Ffanart.jpg%26_options_sf&quot;,return)</favourite>
	<favourite name="Golf" thumb="special://home/addons/plugin.video.SportsDevil/resources/images/sports/Golf.png">ActivateWindow(10025,&quot;plugin://plugin.video.SportsDevil/?item=title%3dGolf%26url%3dhttp%253A%252F%252Fwww.vipleague.is%252Fsports%252Fgolf.html%26cfg%3dvipbox.tv.events.cfg%26definedIn%3dlivesports%252Fvipbox.tv.cfg%26director%3dVipBox.tv%26genre%3dLive%2bSports%26type%3drss%26icon%3d%252Fhome%252Fosmc%252F.kodi%252Faddons%252Fplugin.video.SportsDevil%252Fresources%252Fimages%252Fsports%252FGolf.png&amp;mode=1&amp;sf_options=fanart%3Dspecial%3A%2F%2Fhome%2Faddons%2Fplugin.video.SportsDevil%2Ffanart.jpg%26_options_sf&quot;,return)</favourite>
	<favourite name="Golf" thumb="special://home/addons/plugin.video.SportsDevil/resources/images/vipbox.png">ActivateWindow(10025,&quot;plugin://plugin.video.SportsDevil/?item=title.tmp%3dGolf%26title%3dGolf%26url%3dhttp%253A%252F%252Fwww.vipleague.is%252Fsports%252Fgolf.html%26cfg%3dvipbox.tv.events.cfg%2540Golf%26definedIn%3dvipbox.tv.cfg%26director%3dVipBox.tv%26referer%3dhttp%253A%252F%252Fwww.vipleague.is%26genre%3dLive%2bSports%26type%3drss%26icon%3d%252Fhome%252Fosmc%252F.kodi%252Faddons%252Fplugin.video.SportsDevil%252Fresources%252Fimages%252Fvipbox.png&amp;mode=1&amp;sf_options=fanart%3Dspecial%3A%2F%2Fhome%2Faddons%2Fplugin.video.SportsDevil%2Ffanart.jpg%26_options_sf&quot;,return)</favourite>
	<favourite name="[COLOR lime]LIVE Golf  STREAMS [/COLOR] " thumb="http://icons.iconarchive.com/icons/uriy1966/wooden-sports/128/Golf-icon.png">ActivateWindow(10025,&quot;plugin://plugin.video.3amigos/?fanart=http%3a%2f%2fs17.postimg.org%2fm8kwyrwov%2fimage.jpg&amp;mode=53&amp;name=%5bCOLOR%20lime%5dLIVE%20Golf%20%20STREAMS%20%5b%2fCOLOR%5d%20&amp;url=plugin%3a%2f%2fplugin.video.SportsDevil%2f%3fitem%3dtitle%253dGolf%2526url%253dhttp%25253A%25252F%25252Ffirstrowsports.ge%25252Findex.php%25253Fgame%25253Dgolf%2526cfg%253dfirstrowsports.ge.links.cfg%2526definedIn%253dlivesports%25252Ffirstrowsports.ge.cfg%2526director%253dFirstRowSports.ge%2526genre%253dLive%252bSports%2526type%253drss%2526icon%253dC%25253A%25255CUsers%25255CUser%25255CAppData%25255CRoaming%25255CKodi%25255Caddons%25255Cplugin.video.SportsDevil%25255Cresources%25255Cimages%25255Csports%25252FGolf.pn%26mode%3d1&amp;sf_options=fanart%3Dhttp%3A%2F%2Fs17.postimg.org%2Fm8kwyrwov%2Fimage.jpg%26_options_sf&quot;,return)</favourite>
</favourites>