<favourites>
	<favourite name="NFL NETWORK HD" thumb="https://d2vw9j7fafwayy.cloudfront.net/content/art/icons/080513_nfl_app_300.png">PlayMedia(&quot;plugin://plugin.video.streamengine/?url=http%3A%2F%2Fnflsvglagame1-i.akamaihd.net%2Fhls%2Flive%2F223206%2FNFL_Mobile%2F2015Mobile_NFLN_2000k.m3u8&amp;mode=2&amp;name=NFL+NETWORK+HD&amp;iconimage=https%3A%2F%2Fd2vw9j7fafwayy.cloudfront.net%2Fcontent%2Fart%2Ficons%2F080513_nfl_app_300.png&amp;play=&amp;date=&amp;description=&amp;page=&amp;sf_options=fanart%3Dhttp%3A%2F%2Fi1295.photobucket.com%2Falbums%2Fb636%2Fbeatbox8501%2Fwallpaper_zpsopwvguho.jpg%26winID%3D10025%26_options_sf&quot;)</favourite>
	<favourite name="Nfl Network" thumb="special://home/addons/plugin.video.gorillastreams/resources/images/channels/Nfl Network">ActivateWindow(10025,&quot;plugin://plugin.video.gorillastreams/?item=catcher%3dstreams%26title%3dNfl%2bNetwork%26url%3dhttp%253A%252F%252Fcricfree.sx%252Fnfl-network-live-stream%26videoTitle%3dNfl%2bNetwork%26director%3dGorilla%2bStreams%26genre%3dLive%2bTV%26referer%3dhttp%253A%252F%252Fcricfree.sx%252Fnfl-network-live-stream%26definedIn%3dtv%252Fcricfree.tv.cfg%26link%3dnfl-network-live-stream%26type%3drss%26icon%3d%252Fhome%252Fosmc%252F.kodi%252Faddons%252Fplugin.video.gorillastreams%252Fresources%252Fimages%252Fchannels%252FNfl%2bNetwork&amp;mode=1&amp;sf_options=fanart%3Dspecial%3A%2F%2Fhome%2Faddons%2Fplugin.video.gorillastreams%2Ffanart.jpg%26_options_sf&quot;,return)</favourite>
	<favourite name="[B]NFL Network[/B]" thumb="special://home/addons/plugin.video.castaway/resources/media/atdhe.jpg">PlayMedia(&quot;plugin://plugin.video.castaway/?url=http%3A%2F%2Fgoatd.net%2F71920%2Fwatch-nfl-network&amp;play=True&amp;mode=play&amp;img=%2Fhome%2Fosmc%2F.kodi%2Faddons%2Fplugin.video.castaway%2Fresources%2Fmedia%2Fatdhe.jpg&amp;title=%5BB%5DNFL+Network%5B%2FB%5D&amp;sf_options=fanart%3Dspecial%3A%2F%2Fhome%2Faddons%2Fplugin.video.castaway%2Ffanart.jpg%26winID%3D10025%26_options_sf&quot;)</favourite>
	<favourite name="NFL Network" thumb="http://www.shadow-net.me/product_images/n/410/nfl_network__08611_thumb.jpg">PlayMedia(&quot;plugin://plugin.video.castaway/?url=http%3A%2F%2Fwww.shadow-net.me%2Fchannels%2FNFL-Network.html&amp;play=True&amp;mode=play&amp;img=http%3A%2F%2Fwww.shadow-net.me%2Fproduct_images%2Fn%2F410%2Fnfl_network__08611_thumb.jpg&amp;title=NFL+Network&amp;sf_options=fanart%3Dspecial%3A%2F%2Fhome%2Faddons%2Fplugin.video.castaway%2Ffanart.jpg%26winID%3D10025%26_options_sf&quot;)</favourite>
	<favourite name="NFL Network(HD)" thumb="">PlayMedia(&quot;plugin://plugin.video.castaway/?url=http%3A%2F%2Fwww.streamlive.to%2Fview%2F68875%2FNFL_Network%2528HD%2529&amp;play=True&amp;mode=play&amp;img=http%3A%2F%2Fsnapshots.streamlive.to%2Fsnapshots%2Fzvwjh9ctt0vdlbe_snapshot.jpg&amp;title=NFL+Network%28HD%29&amp;sf_options=fanart%3Dspecial%3A%2F%2Fhome%2Faddons%2Fplugin.video.castaway%2Ffanart.jpg%26winID%3D10025%26_options_sf&quot;)</favourite>
	<favourite name="NFL Network" thumb="">PlayMedia(&quot;plugin://plugin.video.castaway/?url=http%3A%2F%2Fwww.streamlive.to%2Fview%2F72886%2FNFL_Network&amp;play=True&amp;mode=play&amp;img=http%3A%2F%2Fsnapshots.streamlive.to%2Fsnapshots%2F1c4z54w4tcvq6ue_snapshot.jpg&amp;title=NFL+Network&amp;sf_options=fanart%3Dspecial%3A%2F%2Fhome%2Faddons%2Fplugin.video.castaway%2Ffanart.jpg%26winID%3D10025%26_options_sf&quot;)</favourite>
	<favourite name="NFL Network HD 1500k" thumb="http://channelpear.com/images/media/1222.jpg">PlayMedia(&quot;plugin://plugin.video.channelpear/?url=http%3A%2F%2Fnflsvglagame1-i.akamaihd.net%2Fhls%2Flive%2F223206%2FNFL_Mobile%2F2015Mobile_NFLN_1500k.m3u8&amp;mode=12&amp;sf_options=winID%3D10025%26_options_sf&quot;)</favourite>
	<favourite name="NFL Network HD 2000k" thumb="http://channelpear.com/images/media/1222.jpg">PlayMedia(&quot;plugin://plugin.video.channelpear/?url=http%3A%2F%2Fnflsvglagame1-i.akamaihd.net%2Fhls%2Flive%2F223206%2FNFL_Mobile%2F2015Mobile_NFLN_2000k.m3u8&amp;mode=12&amp;sf_options=winID%3D10025%26_options_sf&quot;)</favourite>
	<favourite name="NFL Network HD 5000k" thumb="http://channelpear.com/images/media/1222.jpg">PlayMedia(&quot;plugin://plugin.video.channelpear/?url=http%3A%2F%2Fnflsvglagame1-i.akamaihd.net%2Fhls%2Flive%2F223206%2FNFL_Mobile%2F2015Mobile_NFLN_5000k.m3u8&amp;mode=12&amp;sf_options=winID%3D10025%26_options_sf&quot;)</favourite>
	<favourite name="- NFL Network (U.S. 0 Channels) -" thumb="http://bbts-repo.weebly.com/files/theme/Logos/SPORTS/BBTS_NFL_Network_N.png">ActivateWindow(10025,&quot;plugin://plugin.video.bbts/?folder=SPORTS%2f-%20NFL%20Network%20(U.S.%200%20Channels)%20-&amp;sf_options=fanart%3Dhttp%3A%2F%2Fbbts-repo.weebly.com%2Ffiles%2Ftheme%2FLogos%2FFolders%2Fsports.jpg%26_options_sf&quot;,return)</favourite>
	<favourite name="NFL Network" thumb="http://i60.tinypic.com/xlz136.png">ActivateWindow(10025,&quot;plugin://plugin.video.SportsDevil/?item=catcher%3dstreams%26url.tmp%3d71920%252Fwatch-nfl-network%26title%3dNFL%2bNetwork%26url%3dhttp%253A%252F%252Fgoatd.net%252F71920%252Fwatch-nfl-network%26videoTitle%3dNFL%2bNetwork%26director%3dAtdheNet.tv%26genre%3dLive%2bSports%26referer%3dhttp%253A%252F%252Fgoatd.net%252F71920%252Fwatch-nfl-network%26definedIn%3dlivesports%252Fatdee.net.cfg%26type%3drss%26icon%3dhttp%253A%252F%252Fi60.tinypic.com%252Fxlz136.png&amp;mode=1&amp;sf_options=fanart%3Dspecial%3A%2F%2Fhome%2Faddons%2Fplugin.video.SportsDevil%2Ffanart.jpg%26_options_sf&quot;,return)</favourite>
	<favourite name="NFL Network" thumb="http://snapshots.streamlive.to/snapshots/1c4z54w4tcvq6ue_snapshot.jpg|Referer=http://www.streamlive.to/&amp;User-Agent=Mozilla/5.0 (Windows NT 6.3) AppleWebKit/537.36 (KHTML, like Gecko) Chrome/48.0.2564.97 Safari/537.36">ActivateWindow(10025,&quot;plugin://plugin.video.SportsDevil/?item=catcher%3dstreams%26url.tmp%3dhttp%253A%252F%252Fwww.streamlive.to%252FLive%2bSport%253Fp%253D2%2526q%253D%26title%3dNFL%2bNetwork%2b%26url%3dhttp%253A%252F%252Fwww.streamlive.to%252Fembed%252F72886%2526width%253D640%2526height%253D480%2526autoplay%253Dtrue%26cfg%3dilive.to-sports.cfg%26videoTitle%3dNFL%2bNetwork%2b%26director%3dilive.to-sports%26definedIn%3dilive.to-sports.cfg%26referer%3dhttp%253A%252F%252Fwww.streamlive.to%252Fembed%252Fhttp%253A%252F%252Fwww.streamlive.to%252FLive%252520Sport%253Fq%253D%2526width%253D640%2526height%253D480%2526autoplay%253Dtrue%26genre%3dTV%26icon.tmp%3d%252F%252Fsnapshots.streamlive.to%252Fsnapshots%252F1c4z54w4tcvq6ue_snapshot.jpg%26type%3drss%26icon%3dhttp%253A%252F%252Fsnapshots.streamlive.to%252Fsnapshots%252F1c4z54w4tcvq6ue_snapshot.jpg%257CReferer%253Dhttp%253A%252F%252Fwww.streamlive.to%252F%2526User-Agent%253DMozilla%252F5.0%2b%2528Windows%2bNT%2b6.3%2529%2bAppleWebKit%252F537.36%2b%2528KHTML%252C%2blike%2bGecko%2529%2bChrome%252F48.0.2564.97%2bSafari%252F537.36&amp;mode=1&amp;sf_options=fanart%3Dspecial%3A%2F%2Fhome%2Faddons%2Fplugin.video.SportsDevil%2Ffanart.jpg%26_options_sf&quot;,return)</favourite>
	<favourite name="NFL Network" thumb="special://home/addons/plugin.video.SportsDevil/resources/images/channels/NFL Network">ActivateWindow(10025,&quot;plugin://plugin.video.SportsDevil/?item=title.tmp%3dNFL%2bNetwork%26catcher%3dstreams%26title%3dNFL%2bNetwork%26url%3dhttp%253A%252F%252Fmamahd.com%252Fwatch-nfl-network-live-stream-free-1.html%26videoTitle%3dNFL%2bNetwork%26director%3dmamahd.com%26genre%3dTV%26referer%3dhttp%253A%252F%252Fmamahd.com%26definedIn%3dtv%252Fmamahd.com.cfg%26icon.tmp%3dhttp%253A%252F%252Fmamahd.com%252Fimages%252Fchannels%252F133.png%26type%3drss%26icon%3d%252Fhome%252Fosmc%252F.kodi%252Faddons%252Fplugin.video.SportsDevil%252Fresources%252Fimages%252Fchannels%252FNFL%2bNetwork&amp;mode=1&amp;sf_options=fanart%3Dspecial%3A%2F%2Fhome%2Faddons%2Fplugin.video.SportsDevil%2Ffanart.jpg%26_options_sf&quot;,return)</favourite>
	<favourite name="NFL Network HD (Sports) (US) (English)" thumb="http://vignette1.wikia.nocookie.net/logopedia/images/c/cf/Nfl_network_hd.jpg/revision/latest%3Fcb%3D20140814183707">PlayMedia(&quot;plugin://plugin.video.ccloudtv/?url=http%3A%2F%2Fnflioslivesvg2-i.akamaihd.net%2Fhls%2Flive%2F221521%2Fnflioslive%2F2015HackerNow_w99d9.m3u8&amp;mode=1&amp;name=NFL+Network+HD+%28Sports%29+%28US%29+%28English%29&amp;iconimage=http%3A%2F%2Fvignette1.wikia.nocookie.net%2Flogopedia%2Fimages%2Fc%2Fcf%2FNfl_network_hd.jpg%2Frevision%2Flatest%253Fcb%253D20140814183707&amp;sf_options=fanart%3Dhttp%3A%2F%2Fvignette1.wikia.nocookie.net%2Flogopedia%2Fimages%2Fc%2Fcf%2FNfl_network_hd.jpg%2Frevision%2Flatest%253Fcb%253D20140814183707%26winID%3D10025%26_options_sf&quot;)</favourite>
	<favourite name="NFL Network (Sports) (US) (English)" thumb="https://upload.wikimedia.org/wikipedia/en/thumb/8/8f/NFL_Network_logo.svg/100px-NFL_Network_logo.svg.png">PlayMedia(&quot;plugin://plugin.video.ccloudtv/?url=http%3A%2F%2Fnflsvgatlgame3-i.akamaihd.net%2Fhls%2Flive%2F223175%2FNFL_Mobile%2F2015Mobile_NFLN.m3u8&amp;mode=1&amp;name=NFL+Network+%28Sports%29+%28US%29+%28English%29&amp;iconimage=https%3A%2F%2Fupload.wikimedia.org%2Fwikipedia%2Fen%2Fthumb%2F8%2F8f%2FNFL_Network_logo.svg%2F100px-NFL_Network_logo.svg.png&amp;sf_options=fanart%3Dhttps%3A%2F%2Fupload.wikimedia.org%2Fwikipedia%2Fen%2Fthumb%2F8%2F8f%2FNFL_Network_logo.svg%2F100px-NFL_Network_logo.svg.png%26winID%3D10025%26_options_sf&quot;)</favourite>
	<favourite name="[COLOR FF11b500]Nfl v6[/COLOR]" thumb="http://i68.tinypic.com/15n4sqs_th.png">PlayMedia(&quot;plugin://plugin.video.ZemTV-shani/?url=ZGlyZWN0MjpodHRwOi8vODAuMjQzLjE4OS4yNjo4ODg5L3BpbnR2aGQvbmZsL2luZGV4Lm0zdTg%3D&amp;mode=11&amp;name=%5BCOLOR+FF11b500%5DNfl+v6%5B%2FCOLOR%5D&amp;sf_options=winID%3D10025%26_options_sf&quot;)</favourite>
	<favourite name="[COLOR FF11b500]Channel 5 uk v8[/COLOR]" thumb="http://planetill.com/wp-content/uploads/2009/12/nflnetworklogo.jpg">PlayMedia(&quot;plugin://plugin.video.ZemTV-shani/?url=ZGlyZWN0MjpodHRwOi8vODguMTUwLjE5OC4xMTQ6MTg1Ny9DSEFOTkVMNS9UVjUvaW5kZXgubTN1OD90b2tlbj1NV0ZpTVRrM01tSTVNbVEzWkRjMU9USTJPVEJtWkdJek4yTTJNRGd6TnpFNk1UUTFOamsxTnpjeU1RPT0%3D&amp;mode=11&amp;name=%5BCOLOR+FF11b500%5DChannel+5+uk+v8%5B%2FCOLOR%5D&amp;sf_options=winID%3D10025%26_options_sf&quot;)</favourite>
	<favourite name="[COLOR FF11b500]Nfl network hd v8[/COLOR]" thumb="http://thumb1.shutterstock.com/display_pic_with_logo/436018/436018,1278418095,4/stock-photo-word-sports-d-56624578.jpg">PlayMedia(&quot;plugin://plugin.video.ZemTV-shani/?url=ZGlyZWN0MjpodHRwOi8vODguMTUwLjE5OC4xMTQ6MTg1Ny9ORkxORVRXT1JrL2FsdGVybmF0ZS9pbmRleC5tM3U4P3Rva2VuPU1tVXhOV1F5TWpoallqWXdOR0UwT1dVd00yUTFZbVV4TldOa1pXSTBPR1k2TVRRMU5qazFOemN5TVE9PQ%3D%3D&amp;mode=11&amp;name=%5BCOLOR+FF11b500%5DNfl+network+hd+v8%5B%2FCOLOR%5D&amp;sf_options=winID%3D10025%26_options_sf&quot;)</favourite>
	<favourite name="[COLOR FF11b500]Nfl network v8[/COLOR]" thumb="http://planetill.com/wp-content/uploads/2009/12/nflnetworklogo.jpg">PlayMedia(&quot;plugin://plugin.video.ZemTV-shani/?url=ZGlyZWN0MjpodHRwOi8vODguMTUwLjE5OC4xMTQ6MTg1Ny9ORkxORVRXT1JLL1Nwb3J0cy9pbmRleC5tM3U4P3Rva2VuPVlqRmpNbUk0TUdVNFptUm1NemhoTXpNek5qVmlNemMzTnpFMU5UaGxNRGc2TVRRMU5qazFOemN5TVE9PQ%3D%3D&amp;mode=11&amp;name=%5BCOLOR+FF11b500%5DNfl+network+v8%5B%2FCOLOR%5D&amp;sf_options=winID%3D10025%26_options_sf&quot;)</favourite>
	<favourite name="[COLOR FF11b500]Nfl network uktv[/COLOR]" thumb="https://app.uktvnow.net/images/channel_imgs/200116021039nfl.jpg">PlayMedia(&quot;plugin://plugin.video.ZemTV-shani/?url=dWt0dm5vdzoxNjQ%3D&amp;mode=11&amp;name=%5BCOLOR+FF11b500%5DNfl+network+uktv%5B%2FCOLOR%5D&amp;sf_options=winID%3D10025%26_options_sf&quot;)</favourite>
	<favourite name="Nflnetwork" thumb="DefaultFolder.png">PlayMedia(&quot;plugin://plugin.video.ZemTV-shani/?url=http%3A%2F%2Fcricfree.sx%2Fnfl-network-live-stream&amp;mode=42&amp;name=Nflnetwork&amp;sf_options=winID%3D10025%26_options_sf&quot;)</favourite>
</favourites>