<favourites>
	<favourite name="Family" thumb="special://home/addons/plugin.video.twomovies/resources/art//tvshows/family.png">ActivateWindow(10025,&quot;plugin://plugin.video.twomovies/?mode=tvplaygenre&amp;name=Family&amp;url=http%3a%2f%2ftwomovies.us%2fbrowse_tv_shows%2fFamily%2fbyViews%2fall%2f&quot;,return)</favourite>
	<favourite name="Family" thumb="special://home/addons/script.exodus.artwork/resources/media/exodus/genres.png">ActivateWindow(10025,&quot;plugin://plugin.video.exodus/?action=tvshows&amp;url=http%3a%2f%2fwww.imdb.com%2fsearch%2ftitle%3ftitle_type%3dtv_series%2cmini_series%26release_date%3d%2cdate%5b0%5d%26genres%3dfamily%26sort%3dmoviemeter%2casc%26count%3d40%26start%3d1&amp;sf_options=fanart%3Dspecial%3A%2F%2Fhome%2Faddons%2Fscript.exodus.artwork%2Fresources%2Fmedia%2Fexodus%2Ffanart.jpg%26_options_sf&quot;,return)</favourite>
	<favourite name="Family" thumb="special://home/addons/script.1channel.themepak/art/themes/Classic/family.jpg">ActivateWindow(10025,&quot;plugin://plugin.video.1channel/?genre=Family&amp;mode=GetFilteredResults&amp;section=tv&amp;sort=date&amp;sf_options=fanart%3Dspecial%3A%2F%2Fhome%2Faddons%2Fscript.1channel.themepak%2Fart%2Fthemes%2FClassic%2Ffanart.png%26_options_sf&quot;,return)</favourite>
	<favourite name="Family" thumb="DefaultFolder.png">ActivateWindow(10025,&quot;plugin://plugin.video.icefilms/?mode=75&amp;name=Family&amp;url=http%3a%2f%2fwww.icefilms.info%2ftv%2f&quot;,return)</favourite>
	<favourite name="[B][COLOR yellow]Family[/COLOR][/B]" thumb="special://home/addons/plugin.video.mdws/resources/art/mdws.png">ActivateWindow(10025,&quot;plugin://plugin.video.mdws/?mode=1&amp;name=%5bB%5d%5bCOLOR%20yellow%5dFamily%5b%2fCOLOR%5d%5b%2fB%5d&amp;url=http%3a%2f%2fwatchseries.vc%2fgenres%2ffamily&amp;sf_options=fanart%3Dspecial%3A%2F%2Fhome%2Faddons%2Fplugin.video.mdws%2Ffanart.jpg%26_options_sf&quot;,return)</favourite>
	<favourite name="Family" thumb=".">ActivateWindow(10025,&quot;plugin://plugin.video.movie4k/?action=tvshows_all&amp;extra&amp;page&amp;plot&amp;thumbnail=.&amp;title=Family&amp;url=http%3a%2f%2fwww.movie4k.to%2ftvshows-genre-9-Family.html&amp;sf_options=fanart%3Dspecial%3A%2F%2Fhome%2Faddons%2Fplugin.video.movie4k%2Ffanart.jpg%26_options_sf&quot;,return)</favourite>
	<favourite name="Family" thumb="DefaultFolder.png">ActivateWindow(10025,&quot;plugin://plugin.video.moviestwentyfive/?mode=34&amp;name=Family&amp;url=http%3a%2f%2fthewatchseries.to%2fgenres%2ffamily&amp;sf_options=fanart%3Dspecial%3A%2F%2Fhome%2Faddons%2Fplugin.video.moviestwentyfive%2Ffanart.jpg%26_options_sf&quot;,return)</favourite>
	<favourite name="[COLOR lime]Family [/COLOR] &gt;&gt;" thumb="http://i132.photobucket.com/albums/q6/HecklerUK/Misc/MediaBrowser%20Issues/TVSeries.png">&gt;&quot; thumb=&quot;http://i132.photobucket.com/albums/q6/HecklerUK/Misc/MediaBrowser%20Issues/TVSeries.png&quot;&gt;&gt;&quot; thumb=&quot;http://i132.photobucket.com/albums/q6/HecklerUK/Misc/MediaBrowser%20Issues/TVSeries.png&quot;&gt;&gt;&quot; thumb=&quot;http://i132.photobucket.com/albums/q6/HecklerUK/Misc/MediaBrowser%20Issues/TVSeries.png&quot;&gt;&gt;&quot; thumb=&quot;http://i132.photobucket.com/albums/q6/HecklerUK/Misc/MediaBrowser%20Issues/TVSeries.png&quot;&gt;&gt;&quot; thumb=&quot;http://i132.photobucket.com/albums/q6/HecklerUK/Misc/MediaBrowser%20Issues/TVSeries.png&quot;&gt;&gt;&quot; thumb=&quot;http://i132.photobucket.com/albums/q6/HecklerUK/Misc/MediaBrowser%20Issues/TVSeries.png&quot;&gt;&gt;&quot; thumb=&quot;http://i132.photobucket.com/albums/q6/HecklerUK/Misc/MediaBrowser%20Issues/TVSeries.png&quot;&gt;ActivateWindow(10025,&quot;plugin://plugin.video.rlseriesER/?mode=GetTitles&amp;numOfPages=1&amp;section=ALL&amp;startPage=1&amp;url=http%3a%2f%2frlseries.com%2f%2ffamily%2f&amp;sf_options=fanart%3Dspecial%3A%2F%2Fhome%2Faddons%2Fplugin.video.rlseriesER%2Ficons%2Fnewart.jpg%26_options_sf&quot;,return)</favourite>
	<favourite name="Family" thumb="special://home/addons/plugin.video.specto/resources/media/gone/tvGenres.jpg">ActivateWindow(10025,&quot;plugin://plugin.video.specto/?action=tvshows&amp;url=http%3a%2f%2fapi.themoviedb.org%2f3%2fdiscover%2ftv%3fapi_key%3d%25s%26with_genres%3d10751%26air_date.gte%3d2015-03-09%26air_date.lte%3d2016-03-08%26page%3d1&amp;sf_options=fanart%3Dspecial%3A%2F%2Fhome%2Faddons%2Fplugin.video.specto%2Fresources%2Fmedia%2Fgone%2Ffanart.jpg%26_options_sf&quot;,return)</favourite>
	<favourite name="Family" thumb="special://home/addons/plugin.video.teevee/resources/icons/new/Genre.png">ActivateWindow(10025,&quot;plugin://plugin.video.teevee/?letter=http%3a%2f%2ftvonline.tw%2fgenres%2ffamily%2f&amp;mode=open_letter&amp;page=1&quot;,return)</favourite>
	<favourite name="family" thumb="special://home/addons/plugin.video.theroyalwe/resources/artwork/genres/family.jpg">ActivateWindow(10025,&quot;plugin://plugin.video.theroyalwe/?id=10751&amp;mode=tv_genre&amp;sf_options=fanart%3Dspecial%3A%2F%2Fhome%2Faddons%2Fplugin.video.theroyalwe%2Ffanart.jpg%26_options_sf&quot;,return)</favourite>
	<favourite name="Family" thumb="special://home/addons/plugin.video.tvmix/resources/art/Family.png">ActivateWindow(10025,&quot;plugin://plugin.video.tvmix/?description&amp;iconimage=%2fhome%2fosmc%2f.kodi%2faddons%2fplugin.video.tvmix%2fresources%2fart%2fFamily.png&amp;mode=8&amp;name=Family&amp;url=http%3a%2f%2fwww.watchepisodes1.com%2fhome%2fseries%3fgenres%3dfamily&amp;sf_options=fanart%3Dspecial%3A%2F%2Fhome%2Faddons%2Fplugin.video.tvmix%2Ffanart.jpg%26_options_sf&quot;,return)</favourite>
	<favourite name="Family" thumb="special://home/addons/plugin.video.tvonlineER/icons/icon.png">ActivateWindow(10025,&quot;plugin://plugin.video.tvonlineER/?listitem=%3cxbmcgui.ListItem%20object%20at%200x5bac6608%3e&amp;mode=GetTitles&amp;text=Family&amp;url=http%3a%2f%2ftvonline.tw%2fgenres%2ffamily%2f&amp;sf_options=fanart%3Dspecial%3A%2F%2Fhome%2Faddons%2Fplugin.video.tvonlineER%2Ficons%2Ffanart.jpg%26_options_sf&quot;,return)</favourite>
	<favourite name="Family" thumb="DefaultFolder.png">ActivateWindow(10025,&quot;plugin://script.icechannel/?episode&amp;fanart&amp;favorite=false&amp;imdb_id&amp;img&amp;indexer=tv_shows&amp;indexer_id=IMDb&amp;istream_path=%20%3a%20TV%20Shows%20%3a%20Genres%20%3a%20Family&amp;mode=section&amp;name&amp;season&amp;section=family&amp;title=Family&amp;trailer&amp;type=tv_shows&amp;url=http%3a%2f%2fimdb.com%2fsearch%2ftitle%3fhas%3dtechnical%26moviemeter%3d%2c200000%26num_votes%3d500%2c%26title_type%3dtv_series%2cmini_series%26genres%3dfamily%26sort%3dnum_votes%2cdesc&amp;urls&amp;year&quot;,return)</favourite>
	<favourite name="[COLOR lightskyblue]family [/COLOR] &gt;&gt;" thumb="special://home/addons/plugin.video.ddlseriesER/icons/tv.png">ActivateWindow(10025,&quot;plugin://plugin.video.ddlseriesER/?mode=GetTitles4&amp;section=ALL&amp;url=http%3a%2f%2fwww.ddlseries.net%2f%2fgenre%2ffamily%2f&amp;sf_options=fanart%3Dspecial%3A%2F%2Fhome%2Faddons%2Fplugin.video.ddlseriesER%2Ficons%2Ffanart.jpg%26_options_sf&quot;,return)</favourite>
</favourites>