<favourites>
	<favourite name="[COLOR red]Turnkey TV reality game shows list[/COLOR]" thumb="">ActivateWindow(10025,&quot;plugin://plugin.video.exodus/?action=tvshows&amp;url=http%3a%2f%2fapi-v2launch.trakt.tv%2fusers%2fturnkeytv%2flists%2freality-game-shows%2fitems&amp;sf_options=fanart%3D%2Fhome%2Fosmc%2F.Turnkey%2FSplash%2Fosmc1.png%26_options_sf&quot;,return)</favourite>
	<favourite name="Dancing with the Stars" thumb="http://static.east.abc.go.com/service/image/index/id/7b147cf3-f533-47a2-bb95-37bb383fb56f/dim/640x360.png">ActivateWindow(10025,&quot;plugin://plugin.video.wabc/?mode=GE&amp;url=http%3a%2f%2fabc.go.com%2fshows%2fdancing-with-the-stars&amp;sf_options=fanart%3Dhttp%3A%2F%2Fstatic.east.abc.go.com%2Fservice%2Fimage%2Findex%2Fid%2F7b147cf3-f533-47a2-bb95-37bb383fb56f%2Fdim%2F640x360.png%26desc%3D%3EGet+ready+for+a+brand+new+season+of+salsas%2C+sambas+and+spray-tans+as+%3Cem%3EDancing+with+the+Stars%3C%2Fem%3E+returns+%3Cb%3EMONDAY%C2%A0MARCH+21+8%7C7c%3C%2Fb%3E%C2%A0with+an+all-new+cast+vying+for+the+coveted+Mirrorball+Trophy%21%26_options_sf&quot;,return)</favourite>
	<favourite name="The Amazing Race" thumb="http://wwwimage.cbsstatic.com/thumbnails/photos/w208/show_group/ar28_mq_show_sub_1280x720.jpg">ActivateWindow(10025,&quot;plugin://plugin.video.wral/?mode=GE&amp;url=http%3a%2f%2fwww.cbs.com%2fshows%2famazing_race%2fvideo&amp;sf_options=fanart%3Dspecial%3A%2F%2Fhome%2Faddons%2Fplugin.video.wral%2Ffanart.jpg%26_options_sf&quot;,return)</favourite>
	<favourite name="The Bachelor" thumb="http://static.east.abc.go.com/service/image/index/id/9054adb1-ee0d-41cc-9ba7-ae489fcb08d9/dim/640x360.png">ActivateWindow(10025,&quot;plugin://plugin.video.wabc/?mode=GE&amp;url=http%3a%2f%2fabc.go.com%2fshows%2fthe-bachelor&amp;sf_options=fanart%3Dhttp%3A%2F%2Fstatic.east.abc.go.com%2Fservice%2Fimage%2Findex%2Fid%2F9054adb1-ee0d-41cc-9ba7-ae489fcb08d9%2Fdim%2F640x360.png%26desc%3D%3EBachelor+Nation+was+heartbroken+when+fan-favorite+Ben+Higgins%2C+the+charming+software+salesman%2C+was+sent+home+by+Kaitlyn+Bristowe+on%C2%A0%3Cem%3EThe+Bachelorette%3C%2Fem%3E.+Ben+saw+a+%E2%80%9Cgreat+life%E2%80%9D+with+Kaitlyn%2C+only+to+have+it+disappear+before+him+when+he+was+left+without+a+rose.+It+wasn%E2%80%99t+easy+for+Ben+to+open+himself+up+to+love+on%C2%A0%3Cem%3EThe+Bachelorette%3C%2Fem%3E%C2%A0because+he%E2%80%99s+been+hurt+in+past+relationships.+However%2C+now+knowing+he+is+capable+of+being+in+love+and+being+loved%2C+he+is+ready+to+put+the+heartbreak+behind+him+as+he+searches+for+his+one+true+love+when+he+stars+in+the+milestone+20th%C2%A0season+of+ABC%E2%80%99s+hit+romance+reality+series%2C%C2%A0%3Cem%3EThe+Bachelor%3C%2Fem%3E%2C+returning+to+ABC+in+January+2016.%C2%A0%26_options_sf&quot;,return)</favourite>
	<favourite name="My Diet Is Better Than Yours" thumb="http://static.east.abc.go.com/service/image/index/id/ca54fc98-c061-42cc-a97a-0b4cb03ed0b5/dim/640x360.png">ActivateWindow(10025,&quot;plugin://plugin.video.wabc/?mode=GE&amp;url=http%3a%2f%2fabc.go.com%2fshows%2fmy-diet-is-better-than-yours&amp;sf_options=fanart%3Dhttp%3A%2F%2Fstatic.east.abc.go.com%2Fservice%2Fimage%2Findex%2Fid%2Fca54fc98-c061-42cc-a97a-0b4cb03ed0b5%2Fdim%2F640x360.png%26desc%3D%3EHosted+by+Shaun+T%2C+creator+of+the+workout+sensation+%E2%80%9CInsanity%2C%E2%80%9D+the+new+reality+series+%3Ca+href%3D%22..%2F..%2F..%2F..%2Fshows%2Fmy-diet-is-better-than-yours%22%3E%3Ci%3E%3Cb%3EMy+Diet+Is+Better+Than+Yours%3C%2Fb%3E%3C%2Fi%3E%3C%2Fa%3E%C2%A0features+celebrity+trainers+coaching+average+Americans+to+lose+weight+and+get+in+shape.+Each+trainer+brings%C2%A0his%2Fher%C2%A0own+individually+designed+and+wildly+diverse%C2%A0diet+and+exercise+plan+to+their+contestant%2C+and+works+with+them+to+change+their+lives+and+prove+that+%22My+Diet+Is+Better+Than+Yours.%22+In+the+end%2C+one+team+will+reign+victorious%3Cstrong%3E.%C2%A0%3C%2Fstrong%3E%C2%A0%3Ci%3EMy+Diet+Is+Better+Than+Yours%3C%2Fi%3E%C2%A0is+produced+by+Kinetic+Content+and+Milojo+Productions.%26_options_sf&quot;,return)</favourite>
	<favourite name="SURVIVOR™" thumb="http://wwwimage.cbsstatic.com/thumbnails/photos/w208/show_group/svr32_mq_show_sub_1280x720.jpg">ActivateWindow(10025,&quot;plugin://plugin.video.wral/?mode=GE&amp;url=http%3a%2f%2fwww.cbs.com%2fshows%2fsurvivor%2fvideo&amp;sf_options=fanart%3Dspecial%3A%2F%2Fhome%2Faddons%2Fplugin.video.wral%2Ffanart.jpg%26_options_sf&quot;,return)</favourite>
</favourites>