<favourites>
	<favourite name="YouTube" thumb="special://home/addons/plugin.video.youtube/icon.png">ActivateWindow(10025,&quot;plugin://plugin.video.youtube?sf_options=fanart%3Dspecial%3A%2F%2Fhome%2Faddons%2Fplugin.video.youtube%2Ffanart.jpg%26desc%3DYouTube+is+a+one+of+the+biggest+video-sharing+websites+of+the+world.%26_options_sf&quot;,return)</favourite>
	<favourite name="Youtube Channels" thumb="special://home/addons/plugin.video.ytchannels/icon.png">ActivateWindow(10025,&quot;plugin://plugin.video.ytchannels/?sf_options=desc%3DWatch+your+favourite+youtube+channels+and+organize+them+in+folders.%26_options_sf&quot;,return)</favourite>
	<favourite name="DocumentaryTube" thumb="special://home/addons/plugin.video.documentarytube/icon.png">ActivateWindow(10025,&quot;plugin://plugin.video.documentarytube?sf_options=fanart%3Dspecial%3A%2F%2Fhome%2Faddons%2Fplugin.video.documentarytube%2Ffanart.jpg%26desc%3DThousands+of+Documentaries+on+YouTube.+Including+Richard+Attenborough%2C+Nat+Geo%2C+BBC%2C+PBS+-+Nova%2C+How+Its+Made%2C+Bear+Grylls%2C+Bush+Tucker+Man%2C+Tanked%2C+Grand+Designs+and+many+more.%26_options_sf&quot;,return)</favourite>
	<favourite name="YouTube 3D" thumb="special://home/addons/plugin.video.youtube.3d/icon.png">ActivateWindow(10025,&quot;plugin://plugin.video.youtube.3d/&quot;,return)</favourite>
	<favourite name="Youtube Music" thumb="special://home/addons/plugin.video.spotitube/icon.png">ActivateWindow(10502,&quot;plugin://plugin.video.spotitube/?content_type=audio&amp;sf_options=desc%3DPlay+music+videos+via+Youtube%26_options_sf&quot;,return)</favourite>
	<favourite name="YouTube Vault" thumb="special://home/addons/plugin.video.YouTube_Vault/icon.png">ActivateWindow(10025,&quot;plugin://plugin.video.YouTube_Vault?sf_options=fanart%3Dspecial%3A%2F%2Fhome%2Faddons%2Fplugin.video.YouTube_Vault%2Ffanart.jpg%26desc%3DWatch+Movies%2FTv+Shows%2FCartoons%2FMusic+Videos%2FAnd+The+Latest+News+And+Sports+Clips+From+Tvaddons+YouTube+Vault+addon.%26_options_sf&quot;,return)</favourite>
	<favourite name="Kids Tube" thumb="special://home/addons/plugin.video.kids-tube/icon.png">ActivateWindow(10025,&quot;plugin://plugin.video.kids-tube?sf_options=fanart%3Dspecial%3A%2F%2Fhome%2Faddons%2Fplugin.video.kids-tube%2Ffanart.jpg%26desc%3DYouTube+Channels+of+Fun+and+Educational+videos+for+kids%26_options_sf&quot;,return)</favourite>
	<favourite name="Western Movies on YouTube" thumb="special://home/addons/plugin.video.ytwesterns/icon.png">ActivateWindow(10025,&quot;plugin://plugin.video.ytwesterns?sf_options=fanart%3Dspecial%3A%2F%2Fhome%2Faddons%2Fplugin.video.ytwesterns%2Ffanart.jpg%26desc%3DWestern+Movie+Channels+on+YouTube.%26_options_sf&quot;,return)</favourite>
	<favourite name="Vevo Music Videos on YouTube" thumb="special://home/addons/plugin.video.yt-vevo/icon.png">ActivateWindow(10025,&quot;plugin://plugin.video.yt-vevo?sf_options=fanart%3Dspecial%3A%2F%2Fhome%2Faddons%2Fplugin.video.yt-vevo%2Ffanart.jpg%26desc%3DVevo+YouTube+25+Playlists+and+25+Artists+Vevo+channels%2C+access+to+1000%27s+of+music+videos.%26_options_sf&quot;,return)</favourite>
	<favourite name="Vevo Youtube" thumb="special://home/addons/plugin.video.vevoyoutube/icon.png">ActivateWindow(10025,&quot;plugin://plugin.video.vevoyoutube?sf_options=fanart%3Dspecial%3A%2F%2Fhome%2Faddons%2Fplugin.video.vevoyoutube%2Ffanart.jpg%26desc%3DAwesome+VEVO+videos+from+YouTube.%26_options_sf&quot;,return)</favourite>
	<favourite name="CrimeTube" thumb="special://home/addons/plugin.video.yt-crime/icon.png">ActivateWindow(10025,&quot;plugin://plugin.video.yt-crime?sf_options=fanart%3Dspecial%3A%2F%2Fhome%2Faddons%2Fplugin.video.yt-crime%2Ffanart.jpg%26desc%3DA+megamix+of+True+Crime+channels+and+playlists+from+YouTube%2C+First+48%2C+Serial+Killers.%26_options_sf&quot;,return)</favourite>
	<favourite name="youtube-dl Control" thumb="special://home/addons/script.module.youtube.dl/icon.png">RunScript(&quot;script.module.youtube.dl/?sf_options=desc%3DModule+providing+access+to+youtube-dl+video+stream+extraction+for+over+270+sites.+Version+is+based+on+youtube-dl+date+version%3A+YY.MDD.V+where+V+is+the+addon+specific+sub-version.+Also+provides+downloading+with+the+option+for+background+downloading+with+a+queue+and+queue+manager.%26_options_sf&quot;)</favourite>
</favourites>