<favourites>
	<favourite name="National Geographic US" thumb="http://www.shadow-net.me/product_images/w/100/National_Geographic_Channel__77803_thumb.png">PlayMedia(&quot;plugin://plugin.video.castaway/?url=http%3A%2F%2Fwww.shadow-net.me%2Fchannels%2FNational-Geographic-US.html&amp;play=True&amp;mode=play&amp;img=http%3A%2F%2Fwww.shadow-net.me%2Fproduct_images%2Fw%2F100%2FNational_Geographic_Channel__77803_thumb.png&amp;title=National+Geographic+US&amp;sf_options=fanart%3Dspecial%3A%2F%2Fhome%2Faddons%2Fplugin.video.castaway%2Ffanart.jpg%26winID%3D10025%26_options_sf&quot;)</favourite>
	<favourite name="National Geograpic" thumb="special://home/addons/plugin.video.castaway/resources/media/tvone1.png">ActivateWindow(10025,&quot;plugin://plugin.video.castaway/?img=%2fhome%2fosmc%2f.kodi%2faddons%2fplugin.video.castaway%2fresources%2fmedia%2ftvone1.png&amp;mode=play_special&amp;site=tvone1&amp;title=National%20Geograpic&amp;url=http%3a%2f%2fwww.finecast.tv%2fembed4.php%3fu%3dnatgeo%26vw%3d640%26vh%3d450%26referer%3dhttp%3a%2f%2fwww.247tvstream.com%2f&amp;sf_options=fanart%3Dspecial%3A%2F%2Fhome%2Faddons%2Fplugin.video.castaway%2Ffanart.jpg%26_options_sf&quot;,return)</favourite>
	<favourite name="- National Geographic ( 1 Channels) -" thumb="http://bbts-repo.weebly.com/files/theme/Logos/DOCUMENTARIES/BBTS_nat_geo_Channel.png">ActivateWindow(10025,&quot;plugin://plugin.video.bbts/?folder=DOCUMENTARIES%2f-%20National%20Geographic%20(%201%20Channels)%20-&amp;sf_options=fanart%3Dhttp%3A%2F%2Fbbts-repo.weebly.com%2Ffiles%2Ftheme%2FLogos%2FFolders%2Fdocos.jpg%26_options_sf&quot;,return)</favourite>
	<favourite name="NAT GEO" thumb="http://pmcdeadline2.files.wordpress.com/2014/05/natgeochannel6__140501171557.png">PlayMedia(&quot;plugin://plugin.video.streamengine/?url=http%3A%2F%2Ftv-tikilive-hls-live.hls.adaptive.level3.net%2Fhls2%2F187.m3u8&amp;mode=2&amp;name=NAT+GEO&amp;iconimage=http%3A%2F%2Fpmcdeadline2.files.wordpress.com%2F2014%2F05%2Fnatgeochannel6__140501171557.png&amp;play=&amp;date=&amp;description=&amp;page=&amp;sf_options=fanart%3Dhttp%3A%2F%2Fi1295.photobucket.com%2Falbums%2Fb636%2Fbeatbox8501%2Fwallpaper_zpsopwvguho.jpg%26winID%3D10025%26_options_sf&quot;)</favourite>
	<favourite name="National Geographic (HD)" thumb="http://snapshots.streamlive.to/snapshots/qzsfigd1y3bgbhs_snapshot.jpg">PlayMedia(&quot;plugin://plugin.video.castaway/?url=http%3A%2F%2Fwww.streamlive.to%2Fview%2F68872%2FNational_Geographic_%2528HD%2529&amp;play=True&amp;mode=play&amp;img=http%3A%2F%2Fsnapshots.streamlive.to%2Fsnapshots%2Fqzsfigd1y3bgbhs_snapshot.jpg&amp;title=National+Geographic+%28HD%29&amp;sf_options=fanart%3Dspecial%3A%2F%2Fhome%2Faddons%2Fplugin.video.castaway%2Ffanart.jpg%26winID%3D10025%26_options_sf&quot;)</favourite>
	<favourite name="NATGEO" thumb="http://i.ytimg.com/vi/yE4Jxq-3SrM/hqdefault.jpg">PlayMedia(&quot;plugin://plugin.video.gul/?url=http%3A%2F%2F201.161.59.3%2Fnatgeo.isml%2FQualityLevels%281928000%29%2Fmanifest%28format%3Dm3u8-aapl%29.m3u8%3F&amp;mode=3&amp;name=NATGEO&amp;iconimage=http%3A%2F%2Fi.ytimg.com%2Fvi%2FyE4Jxq-3SrM%2Fhqdefault.jpg&amp;description=&amp;sf_options=fanart%3Dhttp%3A%2F%2Fi.ytimg.com%2Fvi%2FyE4Jxq-3SrM%2Fhqdefault.jpg%26winID%3D10025%26_options_sf&quot;)</favourite>
</favourites>