<favourites>
	<favourite name="Popular" thumb="special://home/addons/plugin.video.velocity/resources/art/popular.png">ActivateWindow(10025,&quot;plugin://plugin.video.velocity/?media&amp;mode=call_trakt_movies&amp;movie_title&amp;name=Popular&amp;thumb=%2fhome%2fosmc%2f.kodi%2faddons%2fplugin.video.velocity%2fresources%2fart%2fpopular.png&amp;trakt_id&amp;url=popular&amp;sf_options=fanart%3Dspecial%3A%2F%2Fhome%2Faddons%2Fplugin.video.velocity%2Fresources%2Fart%2Ffanart.jpg%26_options_sf&quot;,return)</favourite>
	<favourite name="Popular Movies" thumb="special://home/addons/script.salts.themepak/art/themes/Shine/popular.png">ActivateWindow(10025,&quot;plugin://plugin.video.salts/?mode=popular&amp;section=Movies&amp;sf_options=fanart%3Dspecial%3A%2F%2Fhome%2Faddons%2Fplugin.video.salts%2Ffanart.jpg%26_options_sf&quot;,return)</favourite>
	<favourite name="Popular Movies" thumb="special://home/addons/plugin.video.theroyalwe/resources/artwork/trakt_popular.jpg">ActivateWindow(10025,&quot;plugin://plugin.video.theroyalwe/?mode=movie_popular&amp;sf_options=fanart%3Dspecial%3A%2F%2Fhome%2Faddons%2Fplugin.video.theroyalwe%2Ffanart.jpg%26_options_sf&quot;,return)</favourite>
	<favourite name="Popular ice" thumb="special://home/addons/plugin.video.icefilms/resources/art/popular.png">ActivateWindow(10025,&quot;plugin://plugin.video.icefilms/?mode=2&amp;name=Popular&amp;url=http%3a%2f%2fwww.icefilms.info%2fmovies%2fpopular%2f1&quot;,return)</favourite>
	<favourite name="Movies by Popularity merdb" thumb="http://cliqaddon.com/support/commoncore/tvaddons/moviedb/showgunart/images/popular.jpg">ActivateWindow(10025,&quot;plugin://plugin.video.moviedb/?mode=movieindex&amp;name=Movies%20by%20Popularity&amp;url=http%3a%2f%2fwww.merdb.cn%2f%3fsort%3dviews&amp;sf_options=fanart%3Dhttp%3A%2F%2Fcliqaddon.com%2Fsupport%2Fcommoncore%2Ftvaddons%2Fmoviedb%2Fshowgunart%2Fimages%2Ffanart%2Ffanart.jpg%26_options_sf&quot;,return)</favourite>
	<favourite name="2 Movies by Popularity" thumb="special://home/addons/plugin.video.twomovies/resources/art/moviespopularity.png">ActivateWindow(10025,&quot;plugin://plugin.video.twomovies/?mode=playyear&amp;name=Movies%20by%20Popularity&amp;url=http%3a%2f%2ftwomovies.us%2fbrowse_movies%2fall%2fbyViews%2fall%2f&quot;,return)</favourite>
	<favourite name="Popular movies [I](TheMovieDB)[/I]" thumb="DefaultFolder.png">ActivateWindow(10025,&quot;plugin://script.extendedinfo/?info=popularmovies&quot;,return)</favourite>
	<favourite name="Most Popular primewire" thumb="special://home/addons/script.1channel.themepak/art/themes/Classic/most_popular.png">ActivateWindow(10025,&quot;plugin://plugin.video.1channel/?mode=GetFilteredResults&amp;section=movie&amp;sort=views&amp;sf_options=fanart%3Dspecial%3A%2F%2Fhome%2Faddons%2Fscript.1channel.themepak%2Fart%2Fthemes%2FClassic%2Ffanart.png%26_options_sf&quot;,return)</favourite>
	<favourite name="Most Popular" thumb="special://home/addons/plugin.video.specto/resources/media/gone/moviesPopular.jpg">ActivateWindow(10025,&quot;plugin://plugin.video.specto/?action=movies&amp;url=popular&amp;sf_options=fanart%3Dspecial%3A%2F%2Fhome%2Faddons%2Fplugin.video.specto%2Fresources%2Fmedia%2Fgone%2Ffanart.jpg%26_options_sf&quot;,return)</favourite>
	<favourite name="Popular Movies" thumb="special://home/addons/plugin.video.alluc.api/resources/artwork/popular.jpg">ActivateWindow(10025,&quot;plugin://plugin.video.alluc.api/?mode=movie_popular&amp;sf_options=fanart%3Dspecial%3A%2F%2Fhome%2Faddons%2Fplugin.video.alluc.api%2Ffanart.jpg%26_options_sf&quot;,return)</favourite>
	<favourite name="[COLOR gold]Popular Movies[/COLOR]" thumb="special://home/addons/plugin.video.velocity/resources/art/special_movie_lists.png">ActivateWindow(10025,&quot;plugin://plugin.video.velocity/?media=movies&amp;mode=get_public_lists&amp;movie_title&amp;name=%5bCOLOR%20gold%5dPopular%20Movies%5b%2fCOLOR%5d&amp;thumb=%2fhome%2fosmc%2f.kodi%2faddons%2fplugin.video.velocity%2fresources%2fart%2fspecial_movie_lists.png&amp;trakt_id=Popular-Movies&amp;url=movistapp&amp;sf_options=fanart%3Dspecial%3A%2F%2Fhome%2Faddons%2Fplugin.video.velocity%2Fresources%2Fart%2Ffanart.jpg%26_options_sf&quot;,return)</favourite>
	<favourite name="Most Popular" thumb="DefaultFolder.png">ActivateWindow(10025,&quot;plugin://script.icechannel/?episode&amp;fanart&amp;favorite=false&amp;imdb_id&amp;img&amp;indexer=movies&amp;indexer_id=IMDb&amp;istream_path=%20%3a%20Movies%20%3a%20Most%20Popular&amp;mode=section&amp;name&amp;season&amp;section=moviemeter&amp;title=Most%20Popular&amp;trailer&amp;type=movies&amp;url=http%3a%2f%2fimdb.com%2fsearch%2ftitle%3fhas%3dtechnical%26moviemeter%3d%2c50000%26num_votes%3d3000%2c%26production_status%3dreleased%26title_type%3dfeature%2ctv_movie%26&amp;urls&amp;year&quot;,return)</favourite>
</favourites>