<favourites>
	<favourite name="Thriller" thumb="special://home/addons/plugin.video.twomovies/resources/art//tvshows/thriller.png">ActivateWindow(10025,&quot;plugin://plugin.video.twomovies/?mode=tvplaygenre&amp;name=Thriller&amp;url=http%3a%2f%2ftwomovies.us%2fbrowse_tv_shows%2fThriller%2fbyViews%2fall%2f&quot;,return)</favourite>
	<favourite name="Thriller" thumb="special://home/addons/script.1channel.themepak/art/themes/Classic/thriller.jpg">ActivateWindow(10025,&quot;plugin://plugin.video.1channel/?genre=Thriller&amp;mode=GetFilteredResults&amp;section=tv&amp;sort=date&amp;sf_options=fanart%3Dspecial%3A%2F%2Fhome%2Faddons%2Fscript.1channel.themepak%2Fart%2Fthemes%2FClassic%2Ffanart.png%26_options_sf&quot;,return)</favourite>
	<favourite name="Thriller" thumb="DefaultFolder.png">ActivateWindow(10025,&quot;plugin://plugin.video.icefilms/?mode=79&amp;name=Thriller&amp;url=http%3a%2f%2fwww.icefilms.info%2ftv%2f&quot;,return)</favourite>
	<favourite name="[B][COLOR yellow]Thriller[/COLOR][/B]" thumb="special://home/addons/plugin.video.mdws/resources/art/mdws.png">ActivateWindow(10025,&quot;plugin://plugin.video.mdws/?mode=1&amp;name=%5bB%5d%5bCOLOR%20yellow%5dThriller%5b%2fCOLOR%5d%5b%2fB%5d&amp;url=http%3a%2f%2fwatchseries.vc%2fgenres%2fthriller&amp;sf_options=fanart%3Dspecial%3A%2F%2Fhome%2Faddons%2Fplugin.video.mdws%2Ffanart.jpg%26_options_sf&quot;,return)</favourite>
	<favourite name="Thriller" thumb=".">ActivateWindow(10025,&quot;plugin://plugin.video.movie4k/?action=tvshows_all&amp;extra&amp;page&amp;plot&amp;thumbnail=.&amp;title=Thriller&amp;url=http%3a%2f%2fwww.movie4k.to%2ftvshows-genre-23-Thriller.html&amp;sf_options=fanart%3Dspecial%3A%2F%2Fhome%2Faddons%2Fplugin.video.movie4k%2Ffanart.jpg%26_options_sf&quot;,return)</favourite>
	<favourite name="Thriller" thumb="DefaultFolder.png">ActivateWindow(10025,&quot;plugin://plugin.video.moviestwentyfive/?mode=34&amp;name=Thriller&amp;url=http%3a%2f%2fthewatchseries.to%2fgenres%2fthriller&amp;sf_options=fanart%3Dspecial%3A%2F%2Fhome%2Faddons%2Fplugin.video.moviestwentyfive%2Ffanart.jpg%26_options_sf&quot;,return)</favourite>
	<favourite name="[COLOR lime]Thriller [/COLOR] &gt;&gt;" thumb="http://i132.photobucket.com/albums/q6/HecklerUK/Misc/MediaBrowser%20Issues/TVSeries.png">&gt;&quot; thumb=&quot;http://i132.photobucket.com/albums/q6/HecklerUK/Misc/MediaBrowser%20Issues/TVSeries.png&quot;&gt;&gt;&quot; thumb=&quot;http://i132.photobucket.com/albums/q6/HecklerUK/Misc/MediaBrowser%20Issues/TVSeries.png&quot;&gt;&gt;&quot; thumb=&quot;http://i132.photobucket.com/albums/q6/HecklerUK/Misc/MediaBrowser%20Issues/TVSeries.png&quot;&gt;&gt;&quot; thumb=&quot;http://i132.photobucket.com/albums/q6/HecklerUK/Misc/MediaBrowser%20Issues/TVSeries.png&quot;&gt;&gt;&quot; thumb=&quot;http://i132.photobucket.com/albums/q6/HecklerUK/Misc/MediaBrowser%20Issues/TVSeries.png&quot;&gt;&gt;&quot; thumb=&quot;http://i132.photobucket.com/albums/q6/HecklerUK/Misc/MediaBrowser%20Issues/TVSeries.png&quot;&gt;ActivateWindow(10025,&quot;plugin://plugin.video.rlseriesER/?mode=GetTitles&amp;numOfPages=1&amp;section=ALL&amp;startPage=1&amp;url=http%3a%2f%2frlseries.com%2f%2fthriller%2f&amp;sf_options=fanart%3Dspecial%3A%2F%2Fhome%2Faddons%2Fplugin.video.rlseriesER%2Ficons%2Fnewart.jpg%26_options_sf&quot;,return)</favourite>
	<favourite name="Thriller" thumb="special://home/addons/plugin.video.teevee/resources/icons/new/Genre.png">ActivateWindow(10025,&quot;plugin://plugin.video.teevee/?letter=http%3a%2f%2ftvonline.tw%2fgenres%2fthriller%2f&amp;mode=open_letter&amp;page=1&quot;,return)</favourite>
	<favourite name="Thriller" thumb="special://home/addons/plugin.video.tvmix/resources/art/Thriller.png">ActivateWindow(10025,&quot;plugin://plugin.video.tvmix/?description&amp;iconimage=%2fhome%2fosmc%2f.kodi%2faddons%2fplugin.video.tvmix%2fresources%2fart%2fThriller.png&amp;mode=8&amp;name=Thriller&amp;url=http%3a%2f%2fwww.watchepisodes1.com%2fhome%2fseries%3fgenres%3dthriller&amp;sf_options=fanart%3Dspecial%3A%2F%2Fhome%2Faddons%2Fplugin.video.tvmix%2Ffanart.jpg%26_options_sf&quot;,return)</favourite>
	<favourite name="Thriller" thumb="special://home/addons/plugin.video.tvonlineER/icons/icon.png">ActivateWindow(10025,&quot;plugin://plugin.video.tvonlineER/?listitem=%3cxbmcgui.ListItem%20object%20at%200x5bac6608%3e&amp;mode=GetTitles&amp;text=Thriller&amp;url=http%3a%2f%2ftvonline.tw%2fgenres%2fthriller%2f&amp;sf_options=fanart%3Dspecial%3A%2F%2Fhome%2Faddons%2Fplugin.video.tvonlineER%2Ficons%2Ffanart.jpg%26_options_sf&quot;,return)</favourite>
	<favourite name="Thriller" thumb="DefaultFolder.png">ActivateWindow(10025,&quot;plugin://script.icechannel/?episode&amp;fanart&amp;favorite=false&amp;imdb_id&amp;img&amp;indexer=tv_shows&amp;indexer_id=IMDb&amp;istream_path=%20%3a%20TV%20Shows%20%3a%20Genres%20%3a%20Thriller&amp;mode=section&amp;name&amp;season&amp;section=thriller&amp;title=Thriller&amp;trailer&amp;type=tv_shows&amp;url=http%3a%2f%2fimdb.com%2fsearch%2ftitle%3fhas%3dtechnical%26moviemeter%3d%2c200000%26num_votes%3d500%2c%26title_type%3dtv_series%2cmini_series%26genres%3dthriller%26sort%3dnum_votes%2cdesc&amp;urls&amp;year&quot;,return)</favourite>
	<favourite name="[COLOR lightskyblue]thriller [/COLOR] &gt;&gt;" thumb="special://home/addons/plugin.video.ddlseriesER/icons/tv.png">&gt;&quot; thumb=&quot;special://home/addons/plugin.video.ddlseriesER/icons/tv.png&quot;&gt;ActivateWindow(10025,&quot;plugin://plugin.video.ddlseriesER/?mode=GetTitles4&amp;section=ALL&amp;url=http%3a%2f%2fwww.ddlseries.net%2f%2fgenre%2fthriller%2f&amp;sf_options=fanart%3Dspecial%3A%2F%2Fhome%2Faddons%2Fplugin.video.ddlseriesER%2Ficons%2Ffanart.jpg%26_options_sf&quot;,return)</favourite>
	<favourite name="Suspense" thumb="special://home/addons/plugin.video.tvmix/resources/art/Suspense.png">ActivateWindow(10025,&quot;plugin://plugin.video.tvmix/?description&amp;iconimage=%2fhome%2fosmc%2f.kodi%2faddons%2fplugin.video.tvmix%2fresources%2fart%2fSuspense.png&amp;mode=8&amp;name=Suspense&amp;url=http%3a%2f%2fwww.watchepisodes1.com%2fhome%2fseries%3fgenres%3dsuspense&amp;sf_options=fanart%3Dspecial%3A%2F%2Fhome%2Faddons%2Fplugin.video.tvmix%2Ffanart.jpg%26_options_sf&quot;,return)</favourite>
</favourites>