<favourites>
	<favourite name="Date released primewire" thumb="special://home/addons/script.1channel.themepak/art/themes/Classic/date_released.png">ActivateWindow(10025,&quot;plugin://plugin.video.1channel/?mode=GetFilteredResults&amp;section=movie&amp;sort=release&amp;sf_options=fanart%3Dspecial%3A%2F%2Fhome%2Faddons%2Fscript.1channel.themepak%2Fart%2Fthemes%2FClassic%2Ffanart.png%26_options_sf&quot;,return)</favourite>
	<favourite name="Date added primewire" thumb="special://home/addons/script.1channel.themepak/art/themes/Classic/date_added.jpg">ActivateWindow(10025,&quot;plugin://plugin.video.1channel/?mode=GetFilteredResults&amp;section=movie&amp;sort=date&amp;sf_options=fanart%3Dspecial%3A%2F%2Fhome%2Faddons%2Fscript.1channel.themepak%2Fart%2Fthemes%2FClassic%2Ffanart.png%26_options_sf&quot;,return)</favourite>
	<favourite name="2Movies by Year" thumb="special://home/addons/plugin.video.twomovies/resources/art/Icon_Menu_Movies_Byyear.png">ActivateWindow(10025,&quot;plugin://plugin.video.twomovies/?mode=byyear&amp;name=Movies%20by%20Year%20&amp;url=none&quot;,return)</favourite>
	<favourite name="Movies by Year afdah" thumb="http://cliqaddon.com/support/commoncore/tvaddons/moviedb/showgunart/images/years.jpg">ActivateWindow(10025,&quot;plugin://plugin.video.moviedb/?mode=afdahindexsec&amp;name=Movies%20by%20Year&amp;url=http%3a%2f%2fafdah.com%2fyears%2f&amp;sf_options=fanart%3Dhttp%3A%2F%2Fcliqaddon.com%2Fsupport%2Fcommoncore%2Ftvaddons%2Fmoviedb%2Fshowgunart%2Fimages%2Ffanart%2Ffanart.jpg%26_options_sf&quot;,return)</favourite>
	<favourite name="Movies by Release Date merdb" thumb="http://cliqaddon.com/support/commoncore/tvaddons/moviedb/showgunart/images/releasedate.jpg">ActivateWindow(10025,&quot;plugin://plugin.video.moviedb/?mode=movieindex&amp;name=Movies%20by%20Release%20Date&amp;url=http%3a%2f%2fwww.merdb.cn%2f%3fsort%3dyear&amp;sf_options=fanart%3Dhttp%3A%2F%2Fcliqaddon.com%2Fsupport%2Fcommoncore%2Ftvaddons%2Fmoviedb%2Fshowgunart%2Fimages%2Ffanart%2Ffanart.jpg%26_options_sf&quot;,return)</favourite>
	<favourite name="Movies by Date Added merdb" thumb="http://cliqaddon.com/support/commoncore/tvaddons/moviedb/showgunart/images/dateadded.jpg">ActivateWindow(10025,&quot;plugin://plugin.video.moviedb/?mode=movieindex&amp;name=Movies%20by%20Date%20Added&amp;url=http%3a%2f%2fwww.merdb.cn%2f%3fsort%3dstamp&amp;sf_options=fanart%3Dhttp%3A%2F%2Fcliqaddon.com%2Fsupport%2Fcommoncore%2Ftvaddons%2Fmoviedb%2Fshowgunart%2Fimages%2Ffanart%2Ffanart.jpg%26_options_sf&quot;,return)</favourite>
	<favourite name="Year exodus" thumb="special://home/addons/script.exodus.artwork/resources/media/exodus/years.png">ActivateWindow(10025,&quot;plugin://plugin.video.exodus/?action=movieYears&amp;sf_options=fanart%3Dspecial%3A%2F%2Fhome%2Faddons%2Fscript.exodus.artwork%2Fresources%2Fmedia%2Fexodus%2Ffanart.jpg%26_options_sf&quot;,return)</favourite>
	<favourite name="Year movies25" thumb="special://home/addons/plugin.video.moviestwentyfive/art/year1.png">ActivateWindow(10025,&quot;plugin://plugin.video.moviestwentyfive/?mode=13&amp;name=Year&amp;url=http%3a%2f%2fwww.movie25.hk%2f&amp;sf_options=fanart%3Dspecial%3A%2F%2Fhome%2Faddons%2Fplugin.video.moviestwentyfive%2Ffanart.jpg%26_options_sf&quot;,return)</favourite>
	<favourite name="Movies by Year 4me" thumb="special://home/addons/plugin.video.movies4me/icon.png">ActivateWindow(10025,&quot;plugin://plugin.video.movies4me/?description&amp;iconimage=%2fhome%2fosmc%2f.kodi%2faddons%2fplugin.video.movies4me%2ficon.png&amp;list&amp;mode=120&amp;name=Movies%20by%20Year&amp;url=url&amp;sf_options=fanart%3Dspecial%3A%2F%2Fhome%2Faddons%2Fplugin.video.movies4me%2Ffanart.jpg%26_options_sf&quot;,return)</favourite>
	<favourite name="[COLOR orangered]D[/COLOR][COLOR white]ECADES[/COLOR] TNPB" thumb="http://s6.postimg.org/lzygn7im9/decades.png">ActivateWindow(10025,&quot;plugin://plugin.video.phstreams/?action=ndmode&amp;audio=0&amp;content=0&amp;fanart=http%3a%2f%2fs6.postimg.org%2f4ph8mo5q9%2fBackdrop.png&amp;image=http%3a%2f%2fs6.postimg.org%2flzygn7im9%2fdecades.png&amp;name=%5bCOLOR%20orangered%5dD%5b%2fCOLOR%5d%5bCOLOR%20white%5dECADES%5b%2fCOLOR%5d&amp;tvshow=0&amp;url=http%3a%2f%2fzenica.watchkodi.com%2fDirectories%2fMovies%2520Directories%2fDecades%2520Directory.xml&amp;sf_options=fanart%3Dhttp%3A%2F%2Fs6.postimg.org%2F4ph8mo5q9%2FBackdrop.png%26desc%3DDiscover+Great+Streaming+Playlists%21%26_options_sf&quot;,return)</favourite>
	<favourite name="Year" thumb="special://home/addons/plugin.video.specto/resources/media/gone/movieYears.jpg">ActivateWindow(10025,&quot;plugin://plugin.video.specto/?action=movieYears&amp;sf_options=fanart%3Dspecial%3A%2F%2Fhome%2Faddons%2Fplugin.video.specto%2Fresources%2Fmedia%2Fgone%2Ffanart.jpg%26_options_sf&quot;,return)</favourite>
	<favourite name="[COLOR white][COLOR=FF0198E1]Totally AWESOME 80s Movies HD 5.1[/COLOR][/COLOR]" thumb="http://images.sodahead.com/polls/004132525/160130812_The_80s_xlarge.gif">ActivateWindow(10025,&quot;plugin://plugin.video.morepower/?description&amp;iconimage=http%3a%2f%2fimages.sodahead.com%2fpolls%2f004132525%2f160130812_The_80s_xlarge.gif&amp;mode=1&amp;name=%5bCOLOR%20white%5d%5bCOLOR%3dFF0198E1%5dTotally%20AWESOME%2080s%20Movies%20HD%205.1%5b%2fCOLOR%5d%5b%2fCOLOR%5d&amp;url=https%3a%2f%2fgithub.com%2filovemymac%2fMashUpMorePower%2fraw%2fmaster%2f80sMovies.xml&amp;sf_options=fanart%3Dhttp%3A%2F%2F3.bp.blogspot.com%2F-GCLok8sY2d4%2FTaA5Y-1Sa7I%2FAAAAAAAAB00%2FTilbR1Dhi4c%2Fs1600%2FCool-wallpapers%2B%2525286%252529.jpg%26_options_sf&quot;,return)</favourite>
	<favourite name="[COLOR white]Classic Movies 30s-60s (coming soon)[/COLOR]" thumb="http://317am.org/wp-content/uploads/2011/12/317-hollywood-285x213.jpg">ActivateWindow(10025,&quot;plugin://plugin.video.morepower/?description&amp;iconimage=http%3a%2f%2f317am.org%2fwp-content%2fuploads%2f2011%2f12%2f317-hollywood-285x213.jpg&amp;mode=1&amp;name=%5bCOLOR%20white%5dClassic%20Movies%2030s-60s%20(coming%20soon)%5b%2fCOLOR%5d&amp;url=https%3a%2f%2fgithub.com%2filovemymac%2fMashUpMorePower%2fraw%2fmaster%2fclassicmovies.xml&amp;sf_options=fanart%3Dhttp%3A%2F%2F3.bp.blogspot.com%2F-GCLok8sY2d4%2FTaA5Y-1Sa7I%2FAAAAAAAAB00%2FTilbR1Dhi4c%2Fs1600%2FCool-wallpapers%2B%2525286%252529.jpg%26_options_sf&quot;,return)</favourite>
	<favourite name="Box Office By Year" thumb="DefaultFolder.png">ActivateWindow(10025,&quot;plugin://script.icechannel/?episode&amp;fanart&amp;favorite=false&amp;imdb_id&amp;img&amp;indexer=movies&amp;indexer_id=IMDb&amp;istream_path=%20%3a%20Movies%20%3a%20Box%20Office%20By%20Year&amp;mode=section&amp;name&amp;season&amp;section=year&amp;title=Box%20Office%20By%20Year&amp;trailer&amp;type&amp;url&amp;urls&amp;year&quot;,return)</favourite>
	<favourite name="Box Office By Decade" thumb="DefaultFolder.png">ActivateWindow(10025,&quot;plugin://script.icechannel/?episode&amp;fanart&amp;favorite=false&amp;imdb_id&amp;img&amp;indexer=movies&amp;indexer_id=IMDb&amp;istream_path=%20%3a%20Movies%20%3a%20Box%20Office%20By%20Decade&amp;mode=section&amp;name&amp;season&amp;section=decade&amp;title=Box%20Office%20By%20Decade&amp;trailer&amp;type&amp;url&amp;urls&amp;year&quot;,return)</favourite>
</favourites>