<favourites>
	<favourite name="[COLOR yellow]wwe network[/COLOR]" thumb="special://home/addons/plugin.program.super.favourites/icon.png">ActivateWindow(10025,&quot;plugin://plugin.program.super.favourites/?label=wwe network&amp;mode=400&amp;path=special%3A%2F%2Fhome%2Fuserdata%2Faddon_data%2Fplugin.program.super.favourites%2FSuper%20Favourites%2F.Turnkey%2FVideos%2FSports%2FLive%20Sports%2Fsports%20networks%2Fwwe%20network&amp;sf_options=fanart%3Dspecial%3A%2F%2Fhome%2Faddons%2Fplugin.video.watchwrestling%2Ffanart.jpg%26_options_sf&quot;)</favourite>
	<favourite name="All Wrestling" thumb="special://home/addons/plugin.video.all_wrestling/icon.png">ActivateWindow(10025,&quot;plugin://plugin.video.all_wrestling?sf_options=fanart%3Dspecial%3A%2F%2Fhome%2Faddons%2Fplugin.video.all_wrestling%2Ffanart.jpg%26desc%3DFor+help+or+more+information+please+visit+TVADDONS.ag%26_options_sf&quot;,return)</favourite>
	<favourite name="combat sports entertainment hub" thumb="special://home/addons/plugin.video.allinone/icons/sport1.png">ActivateWindow(10025,&quot;plugin://plugin.video.allinone/?mode=SportMenu&amp;sf_options=fanart%3Dspecial%3A%2F%2Fhome%2Faddons%2Fplugin.video.allinone%2Ficons%2Ffanart.png%26_options_sf&quot;,return)</favourite>
	<favourite name="Watch Wrestling" thumb="special://home/addons/plugin.video.watchwrestling/icon.png">ActivateWindow(10025,&quot;plugin://plugin.video.watchwrestling?sf_options=fanart%3Dspecial%3A%2F%2Fhome%2Faddons%2Fplugin.video.watchwrestling%2Ffanart.jpg%26desc%3DFree+WWE%2C+TNA%2C+ROH%2C+UFC+Online...%5BCR%5D%5BCR%5D%5BCOLOR+orange%5DSupport%5B%2FCOLOR%5D+%40+%5BCOLOR+blue%5Dwww.%5BB%5DXUNITYTALK%5B%2FB%5D.com%5B%2FCOLOR%5D%26_options_sf&quot;,return)</favourite>
	<favourite name="We Watch Wrestling" thumb="special://home/addons/plugin.video.mdwww/icon.png">ActivateWindow(10025,&quot;plugin://plugin.video.mdwww?sf_options=fanart%3Dspecial%3A%2F%2Fhome%2Faddons%2Fplugin.video.mdwww%2Ffanart.jpg%26desc%3DStream+Content++From+The+watchwrestling.club+WebSite%26_options_sf&quot;,return)</favourite>
	<favourite name="WWE Network" thumb="special://home/addons/plugin.video.wwen-1.4.5/icon.png">ActivateWindow(10025,&quot;plugin://plugin.video.wwen?sf_options=fanart%3Dspecial%3A%2F%2Fhome%2Faddons%2Fplugin.video.wwen-1.4.5%2Ffanart.jpg%26desc%3DWatch+content+from+WWE%2C+WCW+and+ECW+through+the+WWE+Network+service.%26_options_sf&quot;,return)</favourite>
	<favourite name="WWE Online" thumb="special://home/addons/plugin.video.wweonline/icon.png">ActivateWindow(10025,&quot;plugin://plugin.video.wweonline?sf_options=fanart%3Dspecial%3A%2F%2Fhome%2Faddons%2Fplugin.video.wweonline%2Ffanart.jpg%26desc%3DWWE+Online+%28wweo.net%29+-+The+biggest+WWE+and+Wrestling+TV+Show+and+videos+Database.+Watch+WWE%2C+TNA%2C+UFC%2C+FCW%2C+ROH+for+free.%26_options_sf&quot;,return)</favourite>
	<favourite name="[COLOR white]WWE[/COLOR]" thumb="https://pbs.twimg.com/profile_images/421162655659724800/5GILwQPi_400x400.jpeg">ActivateWindow(10025,&quot;plugin://plugin.video.streamengine/?date&amp;description&amp;iconimage=https%3a%2f%2fpbs.twimg.com%2fprofile_images%2f421162655659724800%2f5GILwQPi_400x400.jpeg&amp;mode=1&amp;name=%5bCOLOR%20white%5dWWE%5b%2fCOLOR%5d&amp;page&amp;play&amp;url=https%3a%2f%2fpastebin.com%2fraw.php%3fi%3dGi6Mb2YV&amp;sf_options=fanart%3Dhttp%3A%2F%2Fi1295.photobucket.com%2Falbums%2Fb636%2Fbeatbox8501%2Fbeatbox_zpsv28ts31x.jpg%26_options_sf&quot;,return)</favourite>
	<favourite name="[COLOR Lime]WWE[/COLOR]" thumb="http://icons.iconarchive.com/icons/martz90/circle-addon2/128/wwe-icon.png">ActivateWindow(10025,&quot;plugin://plugin.video.3amigos/?fanart=http%3a%2f%2fs17.postimg.org%2fm8kwyrwov%2fimage.jpg&amp;mode=1&amp;name=%5bCOLOR%20Lime%5dWWE%5b%2fCOLOR%5d&amp;url=http%3a%2f%2fpastebin.com%2fraw.php%3fi%3ddisFgB09&amp;sf_options=fanart%3Dhttp%3A%2F%2Fs17.postimg.org%2Fm8kwyrwov%2Fimage.jpg%26_options_sf&quot;,return)</favourite>
</favourites>