<favourites>
	<favourite name="[B]---===[COLOR red]FIGHT[/COLOR][COLOR blue] NIGHT[/COLOR]===---[/B]" thumb="https://static.mgmresorts.com/content/dam/MGM/mgm-grand/events/2016-events/ufc-196-dos-anjos-mcgregor/mgm-grand-events-2016-ufc-196-2880x1800.jpg.image.1440.800.high.jpg">ActivateWindow(10025,&quot;plugin://plugin.video.NJMSoccer/?fanart&amp;mode=1&amp;name=%5bB%5d---%3d%3d%3d%5bCOLOR%20red%5dFIGHT%5b%2fCOLOR%5d%5bCOLOR%20blue%5d%20NIGHT%5b%2fCOLOR%5d%3d%3d%3d---%5b%2fB%5d&amp;url=http%3a%2f%2fnjmsoccer.kodistream.info%2frh_boxing.xml&quot;,return)</favourite>
	<favourite name="[B]---===[COLOR red]SQUARED[/COLOR][COLOR blue] CIRCLE[/COLOR]===---[/B]" thumb="https://i.ytimg.com/vi/JfO_-4I5gUM/maxresdefault.jpg">ActivateWindow(10025,&quot;plugin://plugin.video.NJMSoccer/?fanart&amp;mode=1&amp;name=%5bB%5d---%3d%3d%3d%5bCOLOR%20red%5dSQUARED%5b%2fCOLOR%5d%5bCOLOR%20blue%5d%20CIRCLE%5b%2fCOLOR%5d%3d%3d%3d---%5b%2fB%5d&amp;url=http%3a%2f%2fnjmsoccer.kodistream.info%2frh_TDD.xml&quot;,return)</favourite>
	<favourite name="UFC" thumb="special://home/addons/plugin.video.castaway/resources/media/icons/fighting.png">ActivateWindow(10025,&quot;plugin://plugin.video.castaway/?mode=open_sport_cat&amp;site=vipbox&amp;url=http%3a%2f%2fwww.vipleague.me%2fsports%2fufc.html&amp;sf_options=fanart%3Dspecial%3A%2F%2Fhome%2Faddons%2Fplugin.video.castaway%2Ffanart.jpg%26_options_sf&quot;,return)</favourite>
	<favourite name="WWE" thumb="special://home/addons/plugin.video.castaway/resources/media/icons/fighting.png">ActivateWindow(10025,&quot;plugin://plugin.video.castaway/?mode=open_sport_cat&amp;site=vipbox&amp;url=http%3a%2f%2fwww.vipleague.me%2fsports%2fwwe.html&amp;sf_options=fanart%3Dspecial%3A%2F%2Fhome%2Faddons%2Fplugin.video.castaway%2Ffanart.jpg%26_options_sf&quot;,return)</favourite>
	<favourite name="Boxing" thumb="special://home/addons/plugin.video.castaway/resources/media/icons/fighting.png">ActivateWindow(10025,&quot;plugin://plugin.video.castaway/?mode=open_sport_cat&amp;site=vipbox&amp;url=http%3a%2f%2fwww.vipleague.me%2fsports%2fboxing.html&amp;sf_options=fanart%3Dspecial%3A%2F%2Fhome%2Faddons%2Fplugin.video.castaway%2Ffanart.jpg%26_options_sf&quot;,return)</favourite>
	<favourite name="Fighting" thumb="special://home/addons/plugin.video.castaway/resources/media/icons/fighting.png">ActivateWindow(10025,&quot;plugin://plugin.video.castaway/?mode=open_sport_cat&amp;site=dimsport&amp;url=http%3a%2f%2fidimsports.eu%2fboxing-wwe-ufc.html&amp;sf_options=fanart%3Dspecial%3A%2F%2Fhome%2Faddons%2Fplugin.video.castaway%2Ffanart.jpg%26_options_sf&quot;,return)</favourite>
	<favourite name="Boxing" thumb="special://home/addons/plugin.video.castaway/resources/media/icons/fighting.png">ActivateWindow(10025,&quot;plugin://plugin.video.castaway/?mode=open_sport_cat&amp;site=stream2watch&amp;url=http%3a%2f%2fwww.stream2watch.co%2fsports%2fboxing&amp;sf_options=fanart%3Dspecial%3A%2F%2Fhome%2Faddons%2Fplugin.video.castaway%2Ffanart.jpg%26_options_sf&quot;,return)</favourite>
	<favourite name="Wrestling" thumb="special://home/addons/plugin.video.castaway/resources/media/icons/fighting.png">ActivateWindow(10025,&quot;plugin://plugin.video.castaway/?mode=open_sport_cat&amp;site=stream2watch&amp;url=http%3a%2f%2fwww.stream2watch.co%2fsports%2fwrestling&amp;sf_options=fanart%3Dspecial%3A%2F%2Fhome%2Faddons%2Fplugin.video.castaway%2Ffanart.jpg%26_options_sf&quot;,return)</favourite>
	<favourite name="Boxing / WWE / UFC" thumb="special://home/addons/plugin.video.SportsDevil/resources/images/sports/Boxing.png">ActivateWindow(10025,&quot;plugin://plugin.video.SportsDevil/?item=title%3dBoxing%2b%252F%2bWWE%2b%252F%2bUFC%26url%3dhttp%253A%252F%252Fwww.idimsports.eu%252Fboxing-wwe-ufc.html%26cfg%3ddimsports.eu.links.cfg%26definedIn%3dlivesports%252Fdimsports.eu.cfg%26director%3ddimsports.eu%26genre%3dLive%2bSports%26type%3drss%26icon%3d%252Fhome%252Fosmc%252F.kodi%252Faddons%252Fplugin.video.SportsDevil%252Fresources%252Fimages%252Fsports%252FBoxing.png&amp;mode=1&amp;sf_options=fanart%3Dspecial%3A%2F%2Fhome%2Faddons%2Fplugin.video.SportsDevil%2Ffanart.jpg%26_options_sf&quot;,return)</favourite>
	<favourite name="Boxing / WWE / UFC" thumb="special://home/addons/plugin.video.SportsDevil/resources/images/sports/Boxing.png">ActivateWindow(10025,&quot;plugin://plugin.video.SportsDevil/?item=title%3dBoxing%2b%252F%2bWWE%2b%252F%2bUFC%26url%3dhttp%253A%252F%252Fwww.thefeed2all.eu%252Ftype%252Fboxing-wwe-ufc.html%26cfg%3dfirstrowsports.eu.links.cfg%26definedIn%3dlivesports%252Ffirstrowsports.eu.cfg%26director%3dFirstRowSports.eu%26genre%3dLive%2bSports%26type%3drss%26icon%3d%252Fhome%252Fosmc%252F.kodi%252Faddons%252Fplugin.video.SportsDevil%252Fresources%252Fimages%252Fsports%252FBoxing.png&amp;mode=1&amp;sf_options=fanart%3Dspecial%3A%2F%2Fhome%2Faddons%2Fplugin.video.SportsDevil%2Ffanart.jpg%26_options_sf&quot;,return)</favourite>
	<favourite name="Boxing / WWE / UFC" thumb="special://home/addons/plugin.video.SportsDevil/resources/images/sports/Boxing.png">ActivateWindow(10025,&quot;plugin://plugin.video.SportsDevil/?item=title%3dBoxing%2b%252F%2bWWE%2b%252F%2bUFC%26url%3dhttp%253A%252F%252Ffirstrowsports.ge%252Findex.php%253Fgame%253Dboxing-wwe-ufc%26cfg%3dfirstrowsports.ge.links.cfg%26definedIn%3dlivesports%252Ffirstrowsports.ge.cfg%26director%3dFirstRowSports.ge%26genre%3dLive%2bSports%26type%3drss%26icon%3d%252Fhome%252Fosmc%252F.kodi%252Faddons%252Fplugin.video.SportsDevil%252Fresources%252Fimages%252Fsports%252FBoxing.png&amp;mode=1&amp;sf_options=fanart%3Dspecial%3A%2F%2Fhome%2Faddons%2Fplugin.video.SportsDevil%2Ffanart.jpg%26_options_sf&quot;,return)</favourite>
	<favourite name="Combat Sport (2)" thumb="http://cdn.livetvcdn.net/img/sport/75.gif">ActivateWindow(10025,&quot;plugin://plugin.video.SportsDevil/?item=count.tmp%3d2%26title.tmp%3dCombat%2bSport%26ticon.tmp%3dhttp%253A%252F%252Fcdn.livetvcdn.net%252Fimg%252Fsport%252F75.gif%26url%3dhttp%253A%252F%252Flivetv102.net%252Fen%252Fallupcomingsports%252F75%252F%26cfg%3dlivetv.ru.videos.cfg%2540CATEGORY%254075%26definedIn%3dlivesports%252Flivetv.ru.cfg%26director%3dLiveTV.ru%26id.tmp%3d75%26referer%3dhttp%253A%252F%252Flivetv102.net%252Fen%252Fallupcoming%26genre%3dLive%2bSports%26title%3dCombat%2bSport%2b%25282%2529%26icon.tmp%3d%252Fhome%252Fosmc%252F.kodi%252Faddons%252Fplugin.video.SportsDevil%252Fresources%252Fimages%252Fsports%252FCombat%2bSport.png%26type%3drss%26icon%3dhttp%253A%252F%252Fcdn.livetvcdn.net%252Fimg%252Fsport%252F75.gif&amp;mode=1&amp;sf_options=fanart%3Dspecial%3A%2F%2Fhome%2Faddons%2Fplugin.video.SportsDevil%2Ffanart.jpg%26_options_sf&quot;,return)</favourite>
	<favourite name="Boxing / WWE / UFC" thumb="special://home/addons/plugin.video.SportsDevil/resources/images/sports/Boxing.png">ActivateWindow(10025,&quot;plugin://plugin.video.SportsDevil/?item=title%3dBoxing%2b%252F%2bWWE%2b%252F%2bUFC%26url%3dhttp%253A%252F%252Fwww.vipleague.is%252Fsports%252Fboxing-wwe-ufc.html%26cfg%3dvipbox.tv.events.cfg%26definedIn%3dlivesports%252Fvipbox.tv.cfg%26director%3dVipBox.tv%26genre%3dLive%2bSports%26type%3drss%26icon%3d%252Fhome%252Fosmc%252F.kodi%252Faddons%252Fplugin.video.SportsDevil%252Fresources%252Fimages%252Fsports%252FBoxing.png&amp;mode=1&amp;sf_options=fanart%3Dspecial%3A%2F%2Fhome%2Faddons%2Fplugin.video.SportsDevil%2Ffanart.jpg%26_options_sf&quot;,return)</favourite>
	<favourite name="Ufc" thumb="special://home/addons/plugin.video.SportsDevil/resources/images/vipbox.png">ActivateWindow(10025,&quot;plugin://plugin.video.SportsDevil/?item=title.tmp%3dUFC%26title%3dUfc%26url%3dhttp%253A%252F%252Fwww.vipleague.is%252Fsports%252Fufc.html%26cfg%3dvipbox.tv.events.cfg%2540UFC%26definedIn%3dvipbox.tv.cfg%26director%3dVipBox.tv%26referer%3dhttp%253A%252F%252Fwww.vipleague.is%26genre%3dLive%2bSports%26type%3drss%26icon%3d%252Fhome%252Fosmc%252F.kodi%252Faddons%252Fplugin.video.SportsDevil%252Fresources%252Fimages%252Fvipbox.png&amp;mode=1&amp;sf_options=fanart%3Dspecial%3A%2F%2Fhome%2Faddons%2Fplugin.video.SportsDevil%2Ffanart.jpg%26_options_sf&quot;,return)</favourite>
	<favourite name="Wwe" thumb="special://home/addons/plugin.video.SportsDevil/resources/images/vipbox.png">ActivateWindow(10025,&quot;plugin://plugin.video.SportsDevil/?item=title.tmp%3dWWE%26title%3dWwe%26url%3dhttp%253A%252F%252Fwww.vipleague.is%252Fsports%252Fwwe.html%26cfg%3dvipbox.tv.events.cfg%2540WWE%26definedIn%3dvipbox.tv.cfg%26director%3dVipBox.tv%26referer%3dhttp%253A%252F%252Fwww.vipleague.is%26genre%3dLive%2bSports%26type%3drss%26icon%3d%252Fhome%252Fosmc%252F.kodi%252Faddons%252Fplugin.video.SportsDevil%252Fresources%252Fimages%252Fvipbox.png&amp;mode=1&amp;sf_options=fanart%3Dspecial%3A%2F%2Fhome%2Faddons%2Fplugin.video.SportsDevil%2Ffanart.jpg%26_options_sf&quot;,return)</favourite>
	<favourite name="Boxing" thumb="special://home/addons/plugin.video.SportsDevil/resources/images/vipbox.png">ActivateWindow(10025,&quot;plugin://plugin.video.SportsDevil/?item=title.tmp%3dBoxing%26title%3dBoxing%26url%3dhttp%253A%252F%252Fwww.vipleague.is%252Fsports%252Fboxing.html%26cfg%3dvipbox.tv.events.cfg%2540Boxing%26definedIn%3dvipbox.tv.cfg%26director%3dVipBox.tv%26referer%3dhttp%253A%252F%252Fwww.vipleague.is%26genre%3dLive%2bSports%26type%3drss%26icon%3d%252Fhome%252Fosmc%252F.kodi%252Faddons%252Fplugin.video.SportsDevil%252Fresources%252Fimages%252Fvipbox.png&amp;mode=1&amp;sf_options=fanart%3Dspecial%3A%2F%2Fhome%2Faddons%2Fplugin.video.SportsDevil%2Ffanart.jpg%26_options_sf&quot;,return)</favourite>
	<favourite name="[COLOR lime] BOXING/UFC/WWE LIVE matches/events [/COLOR] " thumb="http://s20.postimg.org/n1hscexhp/BOXUFCWWE.png">ActivateWindow(10025,&quot;plugin://plugin.video.3amigos/?fanart=http%3a%2f%2fs17.postimg.org%2fm8kwyrwov%2fimage.jpg&amp;mode=53&amp;name=%5bCOLOR%20lime%5d%20BOXING%2fUFC%2fWWE%20LIVE%20matches%2fevents%20%5b%2fCOLOR%5d%20&amp;url=plugin%3a%2f%2fplugin.video.SportsDevil%2f%3fitem%3dtitle%253dBoxing%252b%25252F%252bWWE%252b%25252F%252bUFC%2526url%253dhttp%25253A%25252F%25252Fwww.thefeed2all.eu%25252Ftype%25252Fboxing-wwe-ufc.html%2526cfg%253dfirstrowsports.eu.links.cfg%2526definedIn%253dlivesports%25252Ffirstrowsports.eu.cfg%2526director%253dFirstRowSports.eu%2526genre%253dLive%252bSports%2526type%253drss%2526icon%253dC%25253A%25255CUsers%25255CDaffys%25255CAppData%25255CRoaming%25255CKodi%25255Caddons%25255Cplugin.video.SportsDevil%25255Cresources%25255Cimages%25255Csports%25252FBoxing.png%26mode%3d1&amp;sf_options=fanart%3Dhttp%3A%2F%2Fs17.postimg.org%2Fm8kwyrwov%2Fimage.jpg%26_options_sf&quot;,return)</favourite>
</favourites>