<favourites>
	<favourite name="CrimeTube" thumb="special://home/addons/plugin.video.yt-crime/icon.png">ActivateWindow(10025,&quot;plugin://plugin.video.yt-crime?sf_options=fanart%3Dspecial%3A%2F%2Fhome%2Faddons%2Fplugin.video.yt-crime%2Ffanart.jpg%26desc%3DA+megamix+of+True+Crime+channels+and+playlists+from+YouTube%2C+First+48%2C+Serial+Killers.%26_options_sf&quot;,return)</favourite>
	<favourite name="The FBI Files" thumb="http://thetvdb.com/banners/posters/104781-2.jpg">ActivateWindow(10025,&quot;plugin://plugin.video.exodus/?action=seasons&amp;imdb=tt0309152&amp;tvdb=104781&amp;tvshowtitle=The%20F.B.I.%20Files&amp;year=1998&amp;sf_options=fanart%3Dhttp%3A%2F%2Fthetvdb.com%2Fbanners%2Ffanart%2Foriginal%2F104781-2.jpg%26desc%3DThrough+re-enactments+of+high+profile+cases+involving+the+FBI%2C+the+show+reveals+how+agents+solve+these+crimes+behind+the+scene.+The+show+producers+work+with+FBI+special+agents+and+examiners+in+high+tech+crime+labs+to+portrait+each+case+accurately.+You+will+learn+how+the+FBI+protects+the+lives+of+Americans+and+brings+the+most+notorious+criminals+to+justice.+The+FBI+was+originally+established+to+address+crime+that+covered+cities%2C+counties%2C+and+spread+across+state+lines.+The+country+needed+a+federal+law-enforcement+entity+to+do+those+investigations.+And+over+the+years%2C+as+the+country+has+grown+and+as+the+world%2C+by+the+same+token%2C+has+grown+smaller%2C+the+FBI%27s+mission+has+changed+to+meet+the+various+threats.+%26_options_sf&quot;,return)</favourite>
	<favourite name="American Justice" thumb="http://thetvdb.com/banners/posters/216281-1.jpg">ActivateWindow(10025,&quot;plugin://plugin.video.exodus/?action=seasons&amp;imdb=tt0103349&amp;tvdb=216281&amp;tvshowtitle=American%20Justice&amp;year=1992&amp;sf_options=fanart%3Dhttp%3A%2F%2Fthetvdb.com%2Fbanners%2Ffanart%2Foriginal%2F216281-1.jpg%26desc%3DOutstanding+Documentary+focusing+on+Crime+in+America%2C+and+the+American+Criminal+Justice+System.%26_options_sf&quot;,return)</favourite>
	<favourite name="I Survived" thumb="http://thetvdb.com/banners/posters/139961-2.jpg">ActivateWindow(10025,&quot;plugin://plugin.video.exodus/?action=seasons&amp;imdb=tt1084694&amp;tvdb=139961&amp;tvshowtitle=I%20Survived...&amp;year=2008&amp;sf_options=fanart%3Dhttp%3A%2F%2Fthetvdb.com%2Fbanners%2Ffanart%2Foriginal%2F139961-2.jpg%26desc%3DWhat+would+you+do+if+you+were+confronted+with+death%3F+What+gives+someone+the+strength+to+survive%3F+Is+it+luck%2C+chance%2C+instinct%3F+In+a+stripped-down%2C+simple-yet-cinematic+interview+style%2C+I+Survived...+allows+survivors+to+explain%2C+in+their+own+words%2C+how+they+overcame+unbelievable+circumstances+--+offering+insight+into+what+got+them+through+the+experience+that+changed+their+lives+forever.%26_options_sf&quot;,return)</favourite>
	<favourite name="Forensic Files" thumb="http://thetvdb.com/banners/posters/71415-3.jpg">ActivateWindow(10025,&quot;plugin://plugin.video.exodus/?action=seasons&amp;imdb=tt0283185&amp;tvdb=71415&amp;tvshowtitle=Forensic%20Files&amp;year=1996&amp;sf_options=fanart%3Dhttp%3A%2F%2Fthetvdb.com%2Fbanners%2Ffanart%2Foriginal%2F71415-2.jpg%26desc%3DSee+how+experts+put+together+the+pieces+of+the+crime+puzzle.+As+each+episode+shows%2C+every+criminal+leaves+a+clue+behind.%0D%0A%0D%0AEach+show+features+a+different+forensic+technique.%26_options_sf&quot;,return)</favourite>
	<favourite name="The First 48: Missing Persons" thumb="http://thetvdb.com/banners/posters/249241-1.jpg">ActivateWindow(10025,&quot;plugin://plugin.video.exodus/?action=seasons&amp;imdb=tt2053193&amp;tvdb=249241&amp;tvshowtitle=The%20First%2048%3a%20Missing%20Persons&amp;year=2011&amp;sf_options=fanart%3Dhttp%3A%2F%2Fthetvdb.com%2Fbanners%2Ffanart%2Foriginal%2F249241-1.jpg%26desc%3DTHE+FIRST+48%3A+MISSING+PERSONS+is+a+new+spin-off+series+from+the+network+that+brings+viewers+the+hit+series+The+First+48.+For+missing+persons+detectives%2C+if+they+don%E2%80%99t+find+the+person+in+the+first+48+hours%2C+their+chances+of+finding+them+alive+are+cut+in+half.+Based+in+the+heart+of+one+of+the+country%27s+most+colorful+law-enforcement+cities%2C+the+Chicago+missing+persons+unit+gets+over+17%2C000+calls+each+year%2C+and+is+one+of+the+only+police+forces+in+the+country+that+responds+to+every+missing+persons+call+immediately.+The+First+48%3A+Missing+Persons+follows+the+elite%2C+passionate%2C+dedicated+investigators+who+handle+all+missing+persons+and+child+abduction+cases%2C+men+and+women+who+are+specially+trained+to+deal+with+the+nuances+of+their+cases+which+often+involve+children.+Their+commitment+to+solving+these+cases+is+unmatched.+The+First+48%3A+Missing+Persons+will+follow+a+core+group+of+detectives+as+they+investigate+two+high-stakes+cases+per+episode.+This+is+the+first+time+ever+the+Chicago+Police+have+given+a+film+crew+unrestricted+access+to+ongoing+investigations.%26_options_sf&quot;,return)</favourite>
	<favourite name="The First 48: Killer Confessions" thumb="http://thetvdb.com/banners/posters/296989-1.jpg">ActivateWindow(10025,&quot;plugin://plugin.video.exodus/?action=seasons&amp;imdb=0&amp;tvdb=296989&amp;tvshowtitle=The%20First%2048%3a%20Killer%20Confessions&amp;year=2015&amp;sf_options=fanart%3Dhttp%3A%2F%2Fthetvdb.com%2Fbanners%2Ffanart%2Foriginal%2F296989-1.jpg%26desc%3DThe+First+48%3A+Killer+Confessions+continues+A%26E%27s+First+48+franchise.+Old+cases+are+revisited+and+the+Detectives+on+each+case+give+updates+as+to+their+progress.%26_options_sf&quot;,return)</favourite>
	<favourite name="The First 48" thumb="https://walter.trakt.us/images/shows/000/005/119/posters/original/74343d1e01.jpg">ActivateWindow(10025,&quot;plugin://plugin.video.velocity/?media=shows&amp;mode=find_season&amp;movie_title=The%20First%2048&amp;name=The%20First%2048%20(2004)&amp;thumb=https%3a%2f%2fwalter.trakt.us%2fimages%2fshows%2f000%2f005%2f119%2fposters%2foriginal%2f74343d1e01.jpg&amp;trakt_id=5119&amp;url&amp;sf_options=fanart%3Dhttps%3A%2F%2Fwalter.trakt.us%2Fimages%2Fshows%2F000%2F005%2F119%2Ffanarts%2Foriginal%2F5c92c2fb13.jpg%26desc%3DThe+First+48+follows+detectives+from+around+the+country+during+these+first+critical+hours+as+they+race+against+time+to+find+the+suspect.+Gritty+and+fast-paced%2C+it+takes+viewers+behind+the+scenes+of+real-life+investigations+with+unprecedented+access+to+crime+scenes%2C+autopsies%2C+forensic+processing%2C+and+interrogations.%26_options_sf&quot;,return)</favourite>
	<favourite name="[COLOR white]CRIME[/COLOR]" thumb="https://encrypted-tbn1.gstatic.com/images?q=tbn:ANd9GcSwqXFfajMJyl7n6JZZ7xYP9agxnnlCKCcxtntzsM1B744b8jFe4A">ActivateWindow(10025,&quot;plugin://plugin.video.streamengine/?date&amp;description&amp;iconimage=https%3a%2f%2fencrypted-tbn1.gstatic.com%2fimages%3fq%3dtbn%3aANd9GcSwqXFfajMJyl7n6JZZ7xYP9agxnnlCKCcxtntzsM1B744b8jFe4A&amp;mode=7&amp;name=%5bCOLOR%20white%5dCRIME%5b%2fCOLOR%5d&amp;page&amp;play&amp;url=https%3a%2f%2fwww.youtube.com%2fresults%3ffilters%3dvideo%26lclk%3dvideo%26search_query%3dcrime%2bdocumentaries&amp;sf_options=fanart%3Dhttp%3A%2F%2Fi1295.photobucket.com%2Falbums%2Fb636%2Fbeatbox8501%2Fwallpaper_zpsopwvguho.jpg%26_options_sf&quot;,return)</favourite>
	<favourite name="[COLOR white]SERIAL KILLERS[/COLOR]" thumb="http://playrusnew.ru/uploads/thumbs/1/e/d/1ed34079c8561a9f5dbbd93210d78039.jpg">ActivateWindow(10025,&quot;plugin://plugin.video.streamengine/?date&amp;description&amp;iconimage=http%3a%2f%2fplayrusnew.ru%2fuploads%2fthumbs%2f1%2fe%2fd%2f1ed34079c8561a9f5dbbd93210d78039.jpg&amp;mode=7&amp;name=%5bCOLOR%20white%5dSERIAL%20KILLERS%5b%2fCOLOR%5d&amp;page&amp;play&amp;url=https%3a%2f%2fwww.youtube.com%2fresults%3ffilters%3dvideo%26search_query%3dserial%2bkiller%2bdocumentaries%26lclk%3dvideo&amp;sf_options=fanart%3Dhttp%3A%2F%2Fi1295.photobucket.com%2Falbums%2Fb636%2Fbeatbox8501%2Fwallpaper_zpsopwvguho.jpg%26_options_sf&quot;,return)</favourite>
</favourites>