<favourites>
	<favourite name="Latest Releases ice" thumb="special://home/addons/plugin.video.icefilms/resources/art/latest releases.png">ActivateWindow(10025,&quot;plugin://plugin.video.icefilms/?mode=2&amp;name=Latest%20Releases&amp;url=http%3a%2f%2fwww.icefilms.info%2fmovies%2frelease%2f1&quot;,return)</favourite>
	<favourite name="Upcoming DVDs [I](RottenTomatoes)[/I]" thumb="DefaultFolder.png">ActivateWindow(10025,&quot;plugin://script.extendedinfo/?info=upcomingdvds&quot;,return)</favourite>
	<favourite name="New DVD releases [I](RottenTomatoes)[/I]" thumb="DefaultFolder.png">ActivateWindow(10025,&quot;plugin://script.extendedinfo/?info=newdvdreleases&quot;,return)</favourite>
	<favourite name="Current DVD releases [I](RottenTomatoes)[/I]" thumb="DefaultFolder.png">ActivateWindow(10025,&quot;plugin://script.extendedinfo/?info=currentdvdreleases&quot;,return)</favourite>
	<favourite name="Top rentals [I](RottenTomatoes)[/I]" thumb="DefaultFolder.png">ActivateWindow(10025,&quot;plugin://script.extendedinfo/?info=toprentals&quot;,return)</favourite>
	<favourite name="[COLOR gold]Top Rental[/COLOR]" thumb="special://home/addons/plugin.video.velocity/resources/art/special_movie_lists.png">ActivateWindow(10025,&quot;plugin://plugin.video.velocity/?media=movies&amp;mode=get_public_lists&amp;movie_title&amp;name=%5bCOLOR%20gold%5dTop%20Rental%5b%2fCOLOR%5d&amp;thumb=%2fhome%2fosmc%2f.kodi%2faddons%2fplugin.video.velocity%2fresources%2fart%2fspecial_movie_lists.png&amp;trakt_id=Top-Rental&amp;url=movistapp&amp;sf_options=fanart%3Dspecial%3A%2F%2Fhome%2Faddons%2Fplugin.video.velocity%2Fresources%2Fart%2Ffanart.jpg%26_options_sf&quot;,return)</favourite>
	<favourite name="[COLOR gold]New DVD Releases[/COLOR]" thumb="special://home/addons/plugin.video.velocity/resources/art/special_movie_lists.png">ActivateWindow(10025,&quot;plugin://plugin.video.velocity/?media=movies&amp;mode=get_public_lists&amp;movie_title&amp;name=%5bCOLOR%20gold%5dNew%20DVD%20Releases%5b%2fCOLOR%5d&amp;thumb=%2fhome%2fosmc%2f.kodi%2faddons%2fplugin.video.velocity%2fresources%2fart%2fspecial_movie_lists.png&amp;trakt_id=New-DVD-Releases&amp;url=movistapp&amp;sf_options=fanart%3Dspecial%3A%2F%2Fhome%2Faddons%2Fplugin.video.velocity%2Fresources%2Fart%2Ffanart.jpg%26_options_sf&quot;,return)</favourite>
	<favourite name="[COLOR gold]Upcoming DVD Releases[/COLOR]" thumb="special://home/addons/plugin.video.velocity/resources/art/special_movie_lists.png">ActivateWindow(10025,&quot;plugin://plugin.video.velocity/?media=movies&amp;mode=get_public_lists&amp;movie_title&amp;name=%5bCOLOR%20gold%5dUpcoming%20DVD%20Releases%5b%2fCOLOR%5d&amp;thumb=%2fhome%2fosmc%2f.kodi%2faddons%2fplugin.video.velocity%2fresources%2fart%2fspecial_movie_lists.png&amp;trakt_id=Upcoming-DVD-Releases&amp;url=movistapp&amp;sf_options=fanart%3Dspecial%3A%2F%2Fhome%2Faddons%2Fplugin.video.velocity%2Fresources%2Fart%2Ffanart.jpg%26_options_sf&quot;,return)</favourite>
</favourites>