<favourites>
	<favourite name="WWE Network" thumb="http://www.crichd.tv/images/wwe.gif">PlayMedia(&quot;plugin://plugin.video.castaway/?url=http%3A%2F%2Fwww.crichd.tv%2Fwwe-network.php&amp;play=True&amp;mode=play&amp;img=http%3A%2F%2Fwww.crichd.tv%2Fimages%2Fwwe.gif&amp;title=WWE+Network&amp;sf_options=fanart%3Dspecial%3A%2F%2Fhome%2Faddons%2Fplugin.video.castaway%2Ffanart.jpg%26winID%3D10025%26_options_sf&quot;)</favourite>
	<favourite name="WWE Network" thumb="http://www.shadow-net.me/product_images/h/880/world_wrestling_entertainment__70123_thumb.jpg">PlayMedia(&quot;plugin://plugin.video.castaway/?url=http%3A%2F%2Fwww.shadow-net.me%2Fchannels%2FWWE-Network.html&amp;play=True&amp;mode=play&amp;img=http%3A%2F%2Fwww.shadow-net.me%2Fproduct_images%2Fh%2F880%2Fworld_wrestling_entertainment__70123_thumb.jpg&amp;title=WWE+Network&amp;sf_options=fanart%3Dspecial%3A%2F%2Fhome%2Faddons%2Fplugin.video.castaway%2Ffanart.jpg%26winID%3D10025%26_options_sf&quot;)</favourite>
	<favourite name="WWE TV" thumb="http://www.serbiaplus.club/images/WWE%20TV.jpg">PlayMedia(&quot;plugin://plugin.video.castaway/?url=http%3A%2F%2Fwww.serbiaplus.club%2Fwwe.html&amp;play=True&amp;mode=play&amp;img=http%3A%2F%2Fwww.serbiaplus.club%2Fimages%2FWWE%2520TV.jpg&amp;title=WWE+TV&amp;sf_options=fanart%3Dspecial%3A%2F%2Fhome%2Faddons%2Fplugin.video.castaway%2Ffanart.jpg%26winID%3D10025%26_options_sf&quot;)</favourite>
	<favourite name="WWE Network (HD)" thumb="">PlayMedia(&quot;plugin://plugin.video.castaway/?url=http%3A%2F%2Fwww.streamlive.to%2Fview%2F73273%2FWWE_Network_%2528HD%2529&amp;play=True&amp;mode=play&amp;img=http%3A%2F%2Fsnapshots.streamlive.to%2Fsnapshots%2F99vnciitgecmk7k_snapshot.jpg&amp;title=WWE+Network+%28HD%29&amp;sf_options=fanart%3Dspecial%3A%2F%2Fhome%2Faddons%2Fplugin.video.castaway%2Ffanart.jpg%26winID%3D10025%26_options_sf&quot;)</favourite>
	<favourite name="WWE Network" thumb="http://crichd.tv/images/wwe.gif">ActivateWindow(10025,&quot;plugin://plugin.video.SportsDevil/?item=catcher%3dstreams%26url.tmp%3dhttp%253A%252F%252Fwww.crichd.tv%252Fwwe-network.php%26title%3dWWE%2bNetwork%26url%3dhttp%253A%252F%252Fwww.crichd.tv%252Fwwe-network.php%26videoTitle%3dWWE%2bNetwork%26director%3dcrichd.tv%26genre%3dTV%26referer%3dhttp%253A%252F%252Fwww.crichd.tv%26definedIn%3dtv%252Fcrichd.tv.cfg%26icon.tmp%3d%252Fimages%252Fwwe.gif%26type%3drss%26icon%3dhttp%253A%252F%252Fcrichd.tv%252Fimages%252Fwwe.gif&amp;mode=1&amp;sf_options=fanart%3Dspecial%3A%2F%2Fhome%2Faddons%2Fplugin.video.SportsDevil%2Ffanart.jpg%26_options_sf&quot;,return)</favourite>
	<favourite name="WWE Network" thumb="http://hdfree.tv/images/channels/wwe.jpg|Referer=http://hdfree.tv/&amp;User-Agent=Mozilla/5.0 (Windows NT 6.3) AppleWebKit/537.36 (KHTML, like Gecko) Chrome/48.0.2564.97 Safari/537.36">ActivateWindow(10025,&quot;plugin://plugin.video.SportsDevil/?item=_img%3d%252Fimages%252Fchannels%252Fwwe.jpg%26catcher%3dstreams%26title%3dWWE%2bNetwork%26url%3dhttp%253A%252F%252Fhdfree.tv%252Fwwe-network-live-stream.html%26videoTitle%3dWWE%2bNetwork%26director%3dHDFree.tv%26genre%3dTV%26referer%3dhttp%253A%252F%252Fhdfree.tv%252Ftvlogos.html%26definedIn%3dtv%252Fhdfree.tv.cfg%26type%3drss%26icon%3dhttp%253A%252F%252Fhdfree.tv%252Fimages%252Fchannels%252Fwwe.jpg%257CReferer%253Dhttp%253A%252F%252Fhdfree.tv%252F%2526User-Agent%253DMozilla%252F5.0%2b%2528Windows%2bNT%2b6.3%2529%2bAppleWebKit%252F537.36%2b%2528KHTML%252C%2blike%2bGecko%2529%2bChrome%252F48.0.2564.97%2bSafari%252F537.36&amp;mode=1&amp;sf_options=fanart%3Dspecial%3A%2F%2Fhome%2Faddons%2Fplugin.video.SportsDevil%2Ffanart.jpg%26_options_sf&quot;,return)</favourite>
	<favourite name="WWE Network (HD)" thumb="http://snapshots.streamlive.to/snapshots/99vnciitgecmk7k_snapshot.jpg|Referer=http://www.streamlive.to/&amp;User-Agent=Mozilla/5.0 (Windows NT 6.3) AppleWebKit/537.36 (KHTML, like Gecko) Chrome/48.0.2564.97 Safari/537.36">ActivateWindow(10025,&quot;plugin://plugin.video.SportsDevil/?item=catcher%3dstreams%26url.tmp%3dhttp%253A%252F%252Fwww.streamlive.to%252FLive%2bSport%253Fp%253D3%2526q%253D%26title%3dWWE%2bNetwork%2b%2528HD%2529%2b%26url%3dhttp%253A%252F%252Fwww.streamlive.to%252Fembed%252F73273%2526width%253D640%2526height%253D480%2526autoplay%253Dtrue%26cfg%3dilive.to-sports.cfg%26videoTitle%3dWWE%2bNetwork%2b%2528HD%2529%2b%26director%3dilive.to-sports%26genre%3dTV%26referer%3dhttp%253A%252F%252Fwww.streamlive.to%252Fembed%252Fhttp%253A%252F%252Fwww.streamlive.to%252FLive%2bSport%253Fp%253D2%2526q%253D%2526width%253D640%2526height%253D480%2526autoplay%253Dtrue%26definedIn%3dilive.to-sports.cfg%26icon.tmp%3d%252F%252Fsnapshots.streamlive.to%252Fsnapshots%252F99vnciitgecmk7k_snapshot.jpg%26type%3drss%26icon%3dhttp%253A%252F%252Fsnapshots.streamlive.to%252Fsnapshots%252F99vnciitgecmk7k_snapshot.jpg%257CReferer%253Dhttp%253A%252F%252Fwww.streamlive.to%252F%2526User-Agent%253DMozilla%252F5.0%2b%2528Windows%2bNT%2b6.3%2529%2bAppleWebKit%252F537.36%2b%2528KHTML%252C%2blike%2bGecko%2529%2bChrome%252F48.0.2564.97%2bSafari%252F537.36&amp;mode=1&amp;sf_options=fanart%3Dspecial%3A%2F%2Fhome%2Faddons%2Fplugin.video.SportsDevil%2Ffanart.jpg%26_options_sf&quot;,return)</favourite>
	<favourite name="WWE Network" thumb="http://sports4u.tv/wp-content/uploads/wwe.png">ActivateWindow(10025,&quot;plugin://plugin.video.SportsDevil/?item=title.tmp%3d%26catcher%3dstreams%26title%3dWWE%2bNetwork%26url%3dhttp%253A%252F%252Fsports4u.tv%252Fchannel%252Fwwe-network-live-streaming%252F%26videoTitle%3dWWE%2bNetwork%26director%3dsports4u.tv%26genre%3dTV%26referer%3dhttp%253A%252F%252Fsports4u.tv%252F%26definedIn%3dtv%252Fsports4u.tv.cfg%26type%3drss%26icon%3dhttp%253A%252F%252Fsports4u.tv%252Fwp-content%252Fuploads%252Fwwe.png&amp;mode=1&amp;sf_options=fanart%3Dspecial%3A%2F%2Fhome%2Faddons%2Fplugin.video.SportsDevil%2Ffanart.jpg%26_options_sf&quot;,return)</favourite>
	<favourite name="[COLOR FF11b500]Wwe 1 v8[/COLOR]" thumb="http://thumb1.shutterstock.com/display_pic_with_logo/436018/436018,1278418095,4/stock-photo-word-sports-d-56624578.jpg">PlayMedia(&quot;plugin://plugin.video.ZemTV-shani/?url=ZGlyZWN0MjpodHRwOi8vODguMTUwLjE5OC4xMTQ6MTg1Ny9XcmVzdGxpbmcvbGl2ZXdyZXN0bGluZy9pbmRleC5tM3U4P3Rva2VuPU4yTmhaR015TmpNMk9UUXdZMkZtTkdRMU1qWTRNVGM1WkdNd1ptRmlabU02TVRRMU5qazFOemN5TVE9PQ%3D%3D&amp;mode=11&amp;name=%5BCOLOR+FF11b500%5DWwe+1+v8%5B%2FCOLOR%5D&amp;sf_options=winID%3D10025%26_options_sf&quot;)</favourite>
	<favourite name="[COLOR FF11b500]Wwe hd uktv[/COLOR]" thumb="https://app.uktvnow.net/images/channel_imgs/200116043641wwee.gif">PlayMedia(&quot;plugin://plugin.video.ZemTV-shani/?url=dWt0dm5vdzoyNDE%3D&amp;mode=11&amp;name=%5BCOLOR+FF11b500%5DWwe+hd+uktv%5B%2FCOLOR%5D&amp;sf_options=winID%3D10025%26_options_sf&quot;)</favourite>
	<favourite name="NWA Wrestling" thumb="http://static.filmon.com/assets/channels/373/big_logo.png">PlayMedia(&quot;plugin://plugin.video.filmon/?url=url&amp;mode=12&amp;name=NWA+Wrestling&amp;iconimage=http%3A%2F%2Fstatic.filmon.com%2Fassets%2Fchannels%2F373%2Fbig_logo.png&amp;description=&amp;programme_id=373&amp;startdate_time=&amp;group=SPORTS&amp;sf_options=winID%3D10025%26_options_sf&quot;)</favourite>
	<favourite name="WWE network" thumb="http://s23.postimg.org/qxrxad19n/WWE_Logo.png">PlayMedia(&quot;plugin://plugin.video.3amigos/?url=plugin%3A%2F%2Fplugin.video.SportsDevil%2F%3Fmode%3D1%26amp%3Bitem%3Dcatcher%253dstreams%2526url%3Dhttp%3A%2F%2Fhdfree.tv%2Fwwe-network-live-stream.html%2526referer%3Dhttp%3A%2F%2Fhdfree.tv%2Fwwe-network-live-stream.html&amp;mode=12&amp;sf_options=fanart%3Dhttp%3A%2F%2Fs23.postimg.org%2Fqxrxad19n%2FWWE_Logo.png%26winID%3D10025%26_options_sf&quot;)</favourite>
</favourites>