<favourites>
	<favourite name="TV Addons" thumb="special://home/addons/plugin.video.ocw/icons/home.png">ActivateWindow(10025,&quot;plugin://plugin.program.super.favourites/?label=TV Addons&amp;mode=400&amp;path=special%3A%2F%2Fhome%2Fuserdata%2Faddon_data%2Fplugin.program.super.favourites%2FSuper%20Favourites%2F.Turnkey%2FVideos%2FVideo%20Addons%2FTV%20Addons&amp;sf_options=fanart%3Dspecial%3A%2F%2Fhome%2Faddons%2Fplugin.video.ocw%2Ficons%2Ffanart.jpg%26_options_sf&quot;)</favourite>
	<favourite name="TV guides and calendars" thumb="special://home/addons/plugin.video.prosport/icon.png">ActivateWindow(10025,&quot;plugin://plugin.program.super.favourites/?label=TV guides and calendars&amp;mode=400&amp;path=special%3A%2F%2Fhome%2Fuserdata%2Faddon_data%2Fplugin.program.super.favourites%2FSuper%20Favourites%2F.Turnkey%2FVideos%2FTV%2FTV%20guides%20and%20calendars&amp;sf_options=fanart%3D%2Fhome%2Fosmc%2F.Turnkey%2FBackgrounds%2Flive+tv%2Fo0HT9wy-Imgur.png%26_options_sf&quot;)</favourite>
	<favourite name="[COLOR red]Turnkey TV Shows list[/COLOR]" thumb="">ActivateWindow(10025,&quot;plugin://plugin.video.exodus/?action=tvshows&amp;url=http%3a%2f%2fapi-v2launch.trakt.tv%2fusers%2fturnkeytv%2flists%2fall-tv-shows%2fitems&amp;sf_options=fanart%3D%2Fhome%2Fosmc%2F.Turnkey%2FSplash%2Fosmc1.png%26_options_sf&quot;,return)</favourite>
	<favourite name="[COLOR chartreuse]My Shows[/COLOR]" thumb="DefaultTVShowTitle.png">ActivateWindow(10025,&quot;library://video/tvshows/titles.xml/&quot;,return)</favourite>
</favourites>