<favourites>
	<favourite name="National Hockey League" thumb="special://home/addons/plugin.video.NHLVideo/icon.png">ActivateWindow(10025,&quot;plugin://plugin.video.NHLVideo?sf_options=fanart%3Dspecial%3A%2F%2Fhome%2Faddons%2Fplugin.video.NHLVideo%2Ffanart.jpg%26desc%3DThe+official+YouTube+channel+for+the+National+Hockey+League.%26_options_sf&quot;,return)</favourite>
	<favourite name="NHL Gamecenter" thumb="special://home/addons/plugin.video.nhl-gamecenter/icon.png">ActivateWindow(10025,&quot;plugin://plugin.video.nhl-gamecenter?sf_options=fanart%3Dspecial%3A%2F%2Fhome%2Faddons%2Fplugin.video.nhl-gamecenter%2Ffanart.jpg%26desc%3DNHL+GameCenter+LIVE%E2%84%A2+is+an+online+service+offering+streaming+video+of+live+games.%26_options_sf&quot;,return)</favourite>
	<favourite name="NHL GameCenter Live" thumb="special://home/addons/plugin.video.nhl-gamecenter-live/icon.png">ActivateWindow(10025,&quot;plugin://plugin.video.nhl-gamecenter-live?sf_options=fanart%3Dspecial%3A%2F%2Fhome%2Faddons%2Fplugin.video.nhl-gamecenter-live%2Ffanart.jpg%26desc%3DWatch+NHL+GameCenter+videos+in+the+highest+possible+quality.%5BCR%5DSupports+watching+live+and+recent+games%2C+as+well+as+several+years+of+archived+games.+Whether+you+want+to+watch+the+full+game%2C+the+condensed+version%2C+or+just+the+highlights%2C+this+has+you+covered.%26_options_sf&quot;,return)</favourite>
	<favourite name="NHL On-demand" thumb="special://home/addons/plugin.video.nhlondemand/icon.png">ActivateWindow(10025,&quot;plugin://plugin.video.nhlondemand?sf_options=fanart%3Dspecial%3A%2F%2Fhome%2Faddons%2Fplugin.video.nhlondemand%2Ffanart.jpg%26desc%3DVisit+TVADDONS.ag+for+support%26_options_sf&quot;,return)</favourite>
	<favourite name="NHL Videocenter" thumb="special://home/addons/plugin.video.nhlvideocenter/icon.png">ActivateWindow(10025,&quot;plugin://plugin.video.nhlvideocenter/?sf_options=desc%3DWith+NHL+Videocenter+you+get+all+videos+from+http%3A%2F%2Fvideo.nhl.com%2Fvideocenter%2F+on+demand%26_options_sf&quot;,return)</favourite>
</favourites>