<favourites>
	<favourite name="MTB" thumb="special://home/addons/plugin.video.extreme.com/resources/art/MTB.png">ActivateWindow(10025,&quot;plugin://plugin.video.extreme.com/?action=videos_mountainbike&amp;sf_options=fanart%3Dspecial%3A%2F%2Fhome%2Faddons%2Fplugin.video.extreme.com%2Ffanart.jpg%26desc%3DExtreme+Sports%26_options_sf&quot;,return)</favourite>
	<favourite name="Cycling live" thumb="special://home/addons/plugin.video.gorillastreams/resources/images/sports/Cycling.png">ActivateWindow(10025,&quot;plugin://plugin.video.gorillastreams/?item=title%3dCycling%26url%3dhttp%253A%252F%252Fwww.stopstream.tv%252F9-cycling.html%26cfg%3dstopstream.com.events.cfg%26definedIn%3dcustoms%252Fstopstream.com.cfg%26director%3dGorilla%2bStreams%26genre%3dLive%2bTV%26type%3drss%26icon%3d%252Fhome%252Fosmc%252F.kodi%252Faddons%252Fplugin.video.gorillastreams%252Fresources%252Fimages%252Fsports%252FCycling.png&amp;mode=1&amp;sf_options=fanart%3Dspecial%3A%2F%2Fhome%2Faddons%2Fplugin.video.gorillastreams%2Ffanart.jpg%26_options_sf&quot;,return)</favourite>
	<favourite name="Pinkbike.com" thumb="special://home/addons/plugin.video.pinkbike/icon.png">ActivateWindow(10025,&quot;plugin://plugin.video.pinkbike/?sf_options=desc%3DBrowse+and+play+videos+from+mountain+bike+community+pinkbike.com%26_options_sf&quot;,return)</favourite>
	<favourite name="Cycling" thumb="special://home/addons/plugin.video.castaway/resources/media/icons/cycling.png">ActivateWindow(10025,&quot;plugin://plugin.video.castaway/?mode=open_sport_cat&amp;site=vipbox&amp;url=http%3a%2f%2fwww.vipleague.me%2fsports%2fcycling.html&amp;sf_options=fanart%3Dspecial%3A%2F%2Fhome%2Faddons%2Fplugin.video.castaway%2Ffanart.jpg%26_options_sf&quot;,return)</favourite>
	<favourite name="Cycling (1)" thumb="special://home/addons/plugin.video.SportsDevil/resources/images/sports/Cycling.png">ActivateWindow(10025,&quot;plugin://plugin.video.SportsDevil/?item=count.tmp%3d1%26title.tmp%3dCycling%26ticon.tmp%3dhttp%253A%252F%252Fcdn.livetvcdn.net%252Fimg%252Fsport%252F40.gif%26url%3dhttp%253A%252F%252Flivetv102.net%252Fen%252Fallupcomingsports%252F40%252F%26cfg%3dlivetv.ru.videos.cfg%2540CATEGORY%254040%26definedIn%3dlivesports%252Flivetv.ru.cfg%26director%3dLiveTV.ru%26id.tmp%3d40%26referer%3dhttp%253A%252F%252Flivetv102.net%252Fen%252Fallupcoming%26genre%3dLive%2bSports%26title%3dCycling%2b%25281%2529%26icon.tmp%3d%252Fhome%252Fosmc%252F.kodi%252Faddons%252Fplugin.video.SportsDevil%252Fresources%252Fimages%252Fsports%252FCycling.png%26type%3drss%26icon%3d%252Fhome%252Fosmc%252F.kodi%252Faddons%252Fplugin.video.SportsDevil%252Fresources%252Fimages%252Fsports%252FCycling.png&amp;mode=1&amp;sf_options=fanart%3Dspecial%3A%2F%2Fhome%2Faddons%2Fplugin.video.SportsDevil%2Ffanart.jpg%26_options_sf&quot;,return)</favourite>
	<favourite name="Cycling" thumb="special://home/addons/plugin.video.SportsDevil/resources/images/sports/Cycling.png">ActivateWindow(10025,&quot;plugin://plugin.video.SportsDevil/?item=title%3dCycling%26url%3dhttp%253A%252F%252Fwww.stopstream.me%252F9-cycling.html%26cfg%3dstopstream.com.events.cfg%26definedIn%3dlivesports%252Fstopstream.com.cfg%26director%3dstopstream.com%26genre%3dLive%2bSports%26type%3drss%26icon%3d%252Fhome%252Fosmc%252F.kodi%252Faddons%252Fplugin.video.SportsDevil%252Fresources%252Fimages%252Fsports%252FCycling.png&amp;mode=1&amp;sf_options=fanart%3Dspecial%3A%2F%2Fhome%2Faddons%2Fplugin.video.SportsDevil%2Ffanart.jpg%26_options_sf&quot;,return)</favourite>
	<favourite name="Cycling" thumb="special://home/addons/plugin.video.SportsDevil/resources/images/vipbox.png">ActivateWindow(10025,&quot;plugin://plugin.video.SportsDevil/?item=title.tmp%3dCycling%26title%3dCycling%26url%3dhttp%253A%252F%252Fwww.vipleague.is%252Fsports%252Fcycling.html%26cfg%3dvipbox.tv.events.cfg%2540Cycling%26definedIn%3dvipbox.tv.cfg%26director%3dVipBox.tv%26referer%3dhttp%253A%252F%252Fwww.vipleague.is%26genre%3dLive%2bSports%26type%3drss%26icon%3d%252Fhome%252Fosmc%252F.kodi%252Faddons%252Fplugin.video.SportsDevil%252Fresources%252Fimages%252Fvipbox.png&amp;mode=1&amp;sf_options=fanart%3Dspecial%3A%2F%2Fhome%2Faddons%2Fplugin.video.SportsDevil%2Ffanart.jpg%26_options_sf&quot;,return)</favourite>
	<favourite name="BMX" thumb="special://home/addons/plugin.video.extreme.com/resources/art/BMX.png">ActivateWindow(10025,&quot;plugin://plugin.video.extreme.com/?action=videos_bmx&amp;sf_options=fanart%3Dspecial%3A%2F%2Fhome%2Faddons%2Fplugin.video.extreme.com%2Ffanart.jpg%26desc%3DExtreme+Sports%26_options_sf&quot;,return)</favourite>
	<favourite name="BMX" thumb="DefaultFolder.png">ActivateWindow(10025,&quot;plugin://plugin.video.mpora_com/?mode=sortDirection&amp;url=http%3a%2f%2fmpora.com%2fbmx%2fvideos&quot;,return)</favourite>
	<favourite name="BMX Racing" thumb="DefaultFolder.png">ActivateWindow(10025,&quot;plugin://plugin.video.mpora_com/?mode=sortDirection&amp;url=http%3a%2f%2fmpora.com%2fbmxracing%2fvideos&quot;,return)</favourite>
	<favourite name="Mountain Biking" thumb="DefaultFolder.png">ActivateWindow(10025,&quot;plugin://plugin.video.mpora_com/?mode=sortDirection&amp;url=http%3a%2f%2fmpora.com%2fmountainbiking%2fvideos&quot;,return)</favourite>
	<favourite name="Road Cycling" thumb="DefaultFolder.png">ActivateWindow(10025,&quot;plugin://plugin.video.mpora_com/?mode=sortDirection&amp;url=http%3a%2f%2fmpora.com%2froad-cycling%2fvideos&quot;,return)</favourite>
	<favourite name="Biker Movies" thumb="http://s30.postimg.org/a8lz5ns8h/Biker_Movies.jpg">ActivateWindow(10025,&quot;plugin://plugin.video.phstreams/?action=ndmode&amp;audio=0&amp;content=0&amp;fanart=http%3a%2f%2fimg1.goodfon.su%2foriginal%2f1920x1080%2f7%2f52%2fking-queen-crown-poker.jpg&amp;image=http%3a%2f%2fs30.postimg.org%2fa8lz5ns8h%2fBiker_Movies.jpg&amp;name=Biker%20Movies&amp;tvshow=0&amp;url=http%3a%2f%2fgibraltar.watchkodi.com%2fCollections%2fbikers.xml&amp;sf_options=fanart%3Dhttp%3A%2F%2Fimg1.goodfon.su%2Foriginal%2F1920x1080%2F7%2F52%2Fking-queen-crown-poker.jpg%26desc%3DDiscover+Great+Streaming+Playlists%21%26_options_sf&quot;,return)</favourite>
</favourites>