<favourites>
	<favourite name="Featured primewire" thumb="special://home/addons/script.1channel.themepak/art/themes/Classic/featured.png">ActivateWindow(10025,&quot;plugin://plugin.video.1channel/?mode=GetFilteredResults&amp;section=movie&amp;sort=featured&amp;sf_options=fanart%3Dspecial%3A%2F%2Fhome%2Faddons%2Fscript.1channel.themepak%2Fart%2Fthemes%2FClassic%2Ffanart.png%26_options_sf&quot;,return)</favourite>
	<favourite name="Featured Movies cliq afdah" thumb="http://cliqaddon.com/support/commoncore/tvaddons/moviedb/showgunart/images/featured.jpg">ActivateWindow(10025,&quot;plugin://plugin.video.moviedb/?mode=afdahindex&amp;name=Featured%20Movies&amp;url=http%3a%2f%2fafdah.com%2fcategory%2ffeatured%2f&amp;sf_options=fanart%3Dhttp%3A%2F%2Fcliqaddon.com%2Fsupport%2Fcommoncore%2Ftvaddons%2Fmoviedb%2Fshowgunart%2Fimages%2Ffanart%2Ffanart.jpg%26_options_sf&quot;,return)</favourite>
	<favourite name="Featured Movies merdb" thumb="http://cliqaddon.com/support/commoncore/tvaddons/moviedb/showgunart/images/featured.jpg">ActivateWindow(10025,&quot;plugin://plugin.video.moviedb/?mode=movieindex&amp;name=Featured%20Movies&amp;url=http%3a%2f%2fwww.merdb.cn%2f%3ffeatured%3d1%26sort%3dstamp&amp;sf_options=fanart%3Dhttp%3A%2F%2Fcliqaddon.com%2Fsupport%2Fcommoncore%2Ftvaddons%2Fmoviedb%2Fshowgunart%2Fimages%2Ffanart%2Ffanart.jpg%26_options_sf&quot;,return)</favourite>
	<favourite name="Featured exodus" thumb="special://home/addons/script.exodus.artwork/resources/media/exodus/featured.png">ActivateWindow(10025,&quot;plugin://plugin.video.exodus/?action=movies&amp;url=featured&amp;sf_options=fanart%3Dspecial%3A%2F%2Fhome%2Faddons%2Fscript.exodus.artwork%2Fresources%2Fmedia%2Fexodus%2Ffanart.jpg%26_options_sf&quot;,return)</favourite>
	<favourite name="Featured movies 25" thumb="special://home/addons/plugin.video.moviestwentyfive/art/featured1.png">ActivateWindow(10025,&quot;plugin://plugin.video.moviestwentyfive/?mode=1&amp;name=Featured&amp;url=http%3a%2f%2fwww.movie25.hk%2f%2ffeatured%2f&amp;sf_options=fanart%3Dspecial%3A%2F%2Fhome%2Faddons%2Fplugin.video.moviestwentyfive%2Ffanart.jpg%26_options_sf&quot;,return)</favourite>
	<favourite name="Featured Movies 4me" thumb="special://home/addons/plugin.video.movies4me/icon.png">ActivateWindow(10025,&quot;plugin://plugin.video.movies4me/?description&amp;iconimage=%2fhome%2fosmc%2f.kodi%2faddons%2fplugin.video.movies4me%2ficon.png&amp;list=1&amp;mode=11&amp;name=Featured%20Movies&amp;url=http%3a%2f%2fwww.hdmoviezone.net%2f&amp;sf_options=fanart%3Dspecial%3A%2F%2Fhome%2Faddons%2Fplugin.video.movies4me%2Ffanart.jpg%26_options_sf&quot;,return)</favourite>
	<favourite name="Featured specto" thumb="special://home/addons/plugin.video.specto/resources/media/gone/movies.jpg">ActivateWindow(10025,&quot;plugin://plugin.video.specto/?action=movies&amp;url=featured&amp;sf_options=fanart%3Dspecial%3A%2F%2Fhome%2Faddons%2Fplugin.video.specto%2Fresources%2Fmedia%2Fgone%2Ffanart.jpg%26_options_sf&quot;,return)</favourite>
</favourites>