<favourites>
	<favourite name="Networks exodus" thumb="special://home/addons/script.exodus.artwork/resources/media/exodus/networks.png">ActivateWindow(10025,&quot;plugin://plugin.video.exodus/?action=tvNetworks&amp;sf_options=fanart%3Dspecial%3A%2F%2Fhome%2Faddons%2Fscript.exodus.artwork%2Fresources%2Fmedia%2Fexodus%2Ffanart.jpg%26_options_sf&quot;,return)</favourite>
	<favourite name="Networks specto" thumb="special://home/addons/plugin.video.specto/resources/media/gone/tvshows.jpg">ActivateWindow(10025,&quot;plugin://plugin.video.specto/?action=tvNetworks&amp;sf_options=fanart%3Dspecial%3A%2F%2Fhome%2Faddons%2Fplugin.video.specto%2Fresources%2Fmedia%2Fgone%2Ffanart.jpg%26_options_sf&quot;,return)</favourite>
	<favourite name="Networks" thumb="special://home/addons/plugin.video.theroyalwe/resources/artwork/networks.jpg">ActivateWindow(10025,&quot;plugin://plugin.video.theroyalwe/?mode=tv_networks&amp;sf_options=fanart%3Dspecial%3A%2F%2Fhome%2Faddons%2Fplugin.video.theroyalwe%2Ffanart.jpg%26_options_sf&quot;,return)</favourite>
	<favourite name="[COLOR gold]networks[/COLOR]" thumb="special://home/addons/plugin.video.velocity/resources/art/special_movie_lists.png">ActivateWindow(10025,&quot;plugin://plugin.video.velocity/?media=shows&amp;mode=public_lists&amp;movie_title&amp;name=%5bCOLOR%20gold%5dSpecial%20TV%20Lists%5b%2fCOLOR%5d&amp;thumb=%2fhome%2fosmc%2f.kodi%2faddons%2fplugin.video.velocity%2fresources%2fart%2fspecial_movie_lists.png&amp;trakt_id&amp;url&amp;sf_options=fanart%3Dspecial%3A%2F%2Fhome%2Faddons%2Fplugin.video.velocity%2Fresources%2Fart%2Ffanart.jpg%26_options_sf&quot;,return)</favourite>
</favourites>