<favourites>
	<favourite name="sports documentaries" thumb="http://s15.postimg.org/5xw0lhdsb/Sports_Docs.jpg">ActivateWindow(10025,&quot;plugin://plugin.program.super.favourites/?label=sports documentaries&amp;mode=400&amp;folder=special%3A%2F%2Fhome%2Fuserdata%2Faddon_data%2Fplugin.program.super.favourites%2FSuper%20Favourites%2F.Turnkey%2FVideos%2FMovies%2FMovie%20Collections%2Fsports%20films%2Fsports%20documentaries&amp;sf_options=fanart%3Dhttp%3A%2F%2Fimg1.goodfon.su%2Foriginal%2F1920x1080%2F7%2F52%2Fking-queen-crown-poker.jpg%26_options_sf&quot;)</favourite>
	<favourite name="DocumentaryTube" thumb="special://home/addons/plugin.video.documentarytube/icon.png">ActivateWindow(10025,&quot;plugin://plugin.video.documentarytube?sf_options=fanart%3Dspecial%3A%2F%2Fhome%2Faddons%2Fplugin.video.documentarytube%2Ffanart.jpg%26desc%3DThousands+of+Documentaries+on+YouTube.+Including+Richard+Attenborough%2C+Nat+Geo%2C+BBC%2C+PBS+-+Nova%2C+How+Its+Made%2C+Bear+Grylls%2C+Bush+Tucker+Man%2C+Tanked%2C+Grand+Designs+and+many+more.%26_options_sf&quot;,return)</favourite>
	<favourite name="History Tube" thumb="special://home/addons/plugin.video.historytube/icon.png">ActivateWindow(10025,&quot;plugin://plugin.video.historytube?sf_options=fanart%3Dspecial%3A%2F%2Fhome%2Faddons%2Fplugin.video.historytube%2Ffanart.jpg%26desc%3DThousands+of+documentary+videos+on+YouTube.%26_options_sf&quot;,return)</favourite>
	<favourite name="[COLOR blue]DOCUMENTRIES[/COLOR]" thumb="http://s22.postimg.org/6vk9j205d/IMG_8410.jpg">ActivateWindow(10025,&quot;plugin://plugin.video.3amigos/?fanart=http%3a%2f%2fs17.postimg.org%2fm8kwyrwov%2fimage.jpg&amp;mode=1&amp;name=%5bCOLOR%20blue%5dDOCUMENTRIES%5b%2fCOLOR%5d&amp;url=http%3a%2f%2fpastebin.com%2fraw.php%3fi%3d5w3z7SFY&amp;sf_options=fanart%3Dhttp%3A%2F%2Fs17.postimg.org%2Fm8kwyrwov%2Fimage.jpg%26_options_sf&quot;,return)</favourite>
</favourites>