<favourites>
	<favourite name="F.U.B.A.R." thumb="special://home/addons/plugin.video.mdfubar/icon.png">ActivateWindow(10025,&quot;plugin://plugin.video.mdfubar?sf_options=fanart%3Dspecial%3A%2F%2Fhome%2Faddons%2Fplugin.video.mdfubar%2Ffanart.jpg%26desc%3DA+Variety+Of+Streaming+Sources+From+The+Net%26_options_sf&quot;,return)</favourite>
	<favourite name="BBTS" thumb="special://home/addons/plugin.video.bbts/icon.png">ActivateWindow(10025,&quot;plugin://plugin.video.bbts?sf_options=fanart%3Dspecial%3A%2F%2Fhome%2Faddons%2Fplugin.video.bbts%2Ffanart.jpg%26desc%3D%5BCOLOR+yellowgreen%5DB%5B%2FCOLOR%5D%5BCOLOR+dodgerblue%5DB%5B%2FCOLOR%5D%5BCOLOR+white%5DT%5B%2FCOLOR%5D%5BCOLOR+orangered%5DS%5B%2FCOLOR%5D+video+plugin+is+a+collection+of+Live+TV+and+Radio+streams+from+around+the+world.%0A%0A%5BCOLOR+yellowgreen%5DB%5B%2FCOLOR%5D%5BCOLOR+dodgerblue%5DB%5B%2FCOLOR%5D%5BCOLOR+white%5DT%5B%2FCOLOR%5D%5BCOLOR+orangered%5DS%5B%2FCOLOR%5D+source+is+brought+to+you+by+the+people+and+for+the+people.+With+your+support%2C+we+will+give+back+even+more+for+all+of+us%21+Let%27s+get+started%21+Website+%3A%5BCOLOR+blue%5D%5BB%5Dhttp%3A%2F%2Fwww.bbtsip.tv%5B%2FB%5D%5B%2FCOLOR%5D%0APlugin+by+%40koderdude%26_options_sf&quot;,return)</favourite>
	<favourite name="Live TV castaway" thumb="special://home/addons/plugin.video.castaway/resources/media/live_tv.jpg">ActivateWindow(10025,&quot;plugin://plugin.video.castaway/?mode=live_tv&amp;sf_options=fanart%3Dspecial%3A%2F%2Fhome%2Faddons%2Fplugin.video.castaway%2Ffanart.jpg%26_options_sf&quot;,return)</favourite>
	<favourite name="[COLOR white]Israe[/COLOR][COLOR blue]L[/COLOR][COLOR white]IVE[/COLOR]" thumb="special://home/addons/plugin.video.israelive/icon.png">ActivateWindow(10025,&quot;plugin://plugin.video.israelive/?sf_options=desc%3DWatch+Live+TV+channels+from+Israel+and+all+over+the+world.%5BCR%5D%5BCR%5DThe+addon+page+and+free+download%3A%5BCR%5D%5BCOLOR+blue%5Dhttp%3A%2F%2Fwww.hometheater.co.il%2Fvt219048.html%5B%2FCOLOR%5D%5BCR%5D%5BCR%5DMore+addons+on+The+Israeli+repo%3A%5BCR%5D%5BCOLOR+blue%5Dhttps%3A%2F%2Fgithub.com%2Fcubicle-vdo%2Fxbmc-israel%5B%2FCOLOR%5D%26_options_sf&quot;,return)</favourite>
	<favourite name="Ares-Streams" thumb="special://home/addons/plugin.video.Ares-Streams/icon.png">ActivateWindow(10025,&quot;plugin://plugin.video.Ares-Streams?sf_options=fanart%3Dspecial%3A%2F%2Fhome%2Faddons%2Fplugin.video.Ares-Streams%2Ffanart.jpg%26desc%3DWe+Thank+You+All%21+Remember+to+check+out+our+other+addons.%26_options_sf&quot;,return)</favourite>
	<favourite name="cCloud TV" thumb="special://home/addons/plugin.video.ccloudtv/icon.png">ActivateWindow(10025,&quot;plugin://plugin.video.ccloudtv?sf_options=fanart%3Dspecial%3A%2F%2Fhome%2Faddons%2Fplugin.video.ccloudtv%2Ffanart.jpg%26desc%3DcCloud+is+an+open+source+cloud+based+social+IPTV+service.+It+is+built+by+the+community+for+the+community%2C+where+streaming+is+just+a+click+away.+Just+click%2C+play+and+stream+yup+it%27s+that+simple.+Just+go+to+http%3A%2F%2Fccloudtv.org++and+enjoy%3A%29+Please+report+any+channels+that+are+down+here+http%3A%2F%2Fwww.tiny.cc%2Freportchs%26_options_sf&quot;,return)</favourite>
	<favourite name="channel PEAR" thumb="special://home/addons/plugin.video.channelpear/icon.png">ActivateWindow(10025,&quot;plugin://plugin.video.channelpear?sf_options=fanart%3Dspecial%3A%2F%2Fhome%2Faddons%2Fplugin.video.channelpear%2Ffanart.jpg%26desc%3DThe+channel+PEAR+media+database+is+100%25+maintained+by+users+like+you%21+Share+media+sources+with+fellow+channel+PEAR+users+and+discover+a+whole+world+of+live+streaming+channels+from+around+the+globe%21+http%3A%2F%2Fchannelpear.com%0A%09You+can+now+enter+your+custom+Plex+URL+in+the+addon+settings.+You+can+get+your+custom+Plex+URL+from+your+library+at+https%3A%2F%2Fchannelpear.com%2Flibrary%2F+%28must+be+logged+in+-+click+the+%22Plex+Channel%22+link+at+the+top+right+of+the+page%29.%0A%09%0A%09This+addon+is+based+on+code+from+LiveStreamspro+from+Shani.+All+credit+to+Shani+and+other+devs+involved.%26_options_sf&quot;,return)</favourite>
	<favourite name="Daffyslist" thumb="special://home/addons/plugin.video.Daffyslist/icon.png">ActivateWindow(10025,&quot;plugin://plugin.video.Daffyslist?sf_options=fanart%3Dspecial%3A%2F%2Fhome%2Faddons%2Fplugin.video.Daffyslist%2Ffanart.jpg%26desc%3DI+work+alone+also+i+have+a+job%21%21%21+i+will+continue+to+update%0A%09and+work+on+this+addon+aslong+as+kodi+is+alive%21%21+please+bare+with.%0A%09Daffy+loves+yal%0A%09Thats+all+Folks%26_options_sf&quot;,return)</favourite>
	<favourite name="FilmOn" thumb="special://home/addons/plugin.video.filmon/icon.png">ActivateWindow(10025,&quot;plugin://plugin.video.filmon/?sf_options=desc%3DFilmOn.com+is+an+internet+based+television+provider+owned+by+FilmOn.TV+Networks+Inc.+FilmOn.TV+Networks+was+founded+by+Alki+David+in+2006.FilmOn.com+subscription+packages+include+access+to+over+120+streaming+TV+channels+%28mostly+in+English+language%29+in+addition+to+premium+FilmOn.com+Movie+channels+and+pay-per-view+channels%26_options_sf&quot;,return)</favourite>
	<favourite name="FilmOn.TV" thumb="special://home/addons/plugin.video.F.T.V/icon.png">ActivateWindow(10025,&quot;plugin://plugin.video.F.T.V?sf_options=fanart%3Dspecial%3A%2F%2Fhome%2Faddons%2Fplugin.video.F.T.V%2Ffanart.jpg%26desc%3DStream+Live+TV+from+FilmOn+or+watch+FilmOn+Demand.+Login+with+your+FilmOn+user-name+to+access+recording+features.%26_options_sf&quot;,return)</favourite>
	<favourite name="Gorilla Streams 2.0" thumb="special://home/addons/plugin.video.gorillastreams/icon.png">ActivateWindow(10025,&quot;plugin://plugin.video.gorillastreams?sf_options=fanart%3Dspecial%3A%2F%2Fhome%2Faddons%2Fplugin.video.gorillastreams%2Ffanart.jpg%26desc%3DNo+streams+are+hosted+by+Gorilla.+The+code+for+this+addon+was+originally+wrote+by+MaxMustermann+for+the+Sportsdevil+addon+and+then+modified+by+Dragon+Streams+and+has+now+been+modified+by+Gorilla+Streams%26_options_sf&quot;,return)</favourite>
	<favourite name="Gul LIVE" thumb="special://home/addons/plugin.video.gul/icon.png">ActivateWindow(10025,&quot;plugin://plugin.video.gul?sf_options=fanart%3Dspecial%3A%2F%2Fhome%2Faddons%2Fplugin.video.gul%2Ffanart.jpg%26desc%3DHalow+Add-ons%26_options_sf&quot;,return)</favourite>
	<favourite name="GUL LIVE TV" thumb="special://home/addons/plugin.video.amanda/icon.png">ActivateWindow(10025,&quot;plugin://plugin.video.amanda/?sf_options=desc%3D%5BCOLOR+red%5DFree+Halow+TV+Live+is+free+for+all+containing+different+live+channels+from+different+countries+free+for+the+whole+world+FB_%3E+IPTV+Halow+TV+Xbmc+twitter_%3E+%40HalowTV.%5B%2FCOLOR%5D%26_options_sf&quot;,return)</favourite>
	<favourite name="Livestream" thumb="special://home/addons/plugin.video.livestream/icon.png">ActivateWindow(10025,&quot;plugin://plugin.video.livestream?sf_options=fanart%3Dspecial%3A%2F%2Fhome%2Faddons%2Fplugin.video.livestream%2Ffanart.jpg%26desc%3DLivestream%2C+formerly+known+as+Mogulus%2C+is+a+live+streaming+video+platform+that+allows+users+to+view+and+broadcast+video+content+using+a+camera+and+a+computer+through+the+internet.%26_options_sf&quot;,return)</favourite>
	<favourite name="NotFilmOn" thumb="special://home/addons/plugin.video.notfilmon/icon.png">ActivateWindow(10025,&quot;plugin://plugin.video.notfilmon/?sf_options=desc%3DStream+And+Record+From+FilmON+Tv+Live+.....Official+Support....XBMCTALK.COM%26_options_sf&quot;,return)</favourite>
	<favourite name="Stream Engine" thumb="special://home/addons/plugin.video.streamengine/icon.png">ActivateWindow(10025,&quot;plugin://plugin.video.streamengine?sf_options=fanart%3Dspecial%3A%2F%2Fhome%2Faddons%2Fplugin.video.streamengine%2Ffanart.jpg%26desc%3DTop+Quality+Streaming+Source.%26_options_sf&quot;,return)</favourite>
	<favourite name="The GiddyUp Network" thumb="special://home/addons/plugin.video.tgun/icon.png">ActivateWindow(10025,&quot;plugin://plugin.video.tgun/?sf_options=desc%3DVisit+www.tvaddons.ag+for+support.%0A++++++++%0AWatch+all+your+favorite+TV+Shows+and+Movies+streamed+on+constant+repeat+24%2F7+from+The+Giddy+Up+Network+-+www.tgun.tv%26_options_sf&quot;,return)</favourite>
	<favourite name="UK Turk Playlists" thumb="special://home/addons/plugin.video.ukturk/icon.png">ActivateWindow(10025,&quot;plugin://plugin.video.ukturk?sf_options=fanart%3Dspecial%3A%2F%2Fhome%2Faddons%2Fplugin.video.ukturk%2Ffanart.jpg%26desc%3DFree+Playlists+courtesy+of+%40uk_turk%26_options_sf&quot;,return)</favourite>
	<favourite name="USTVnow Plus" thumb="special://home/addons/plugin.video.ustvnow.tva/icon.png">ActivateWindow(10025,&quot;plugin://plugin.video.ustvnow.tva?sf_options=fanart%3Dspecial%3A%2F%2Fhome%2Faddons%2Fplugin.video.ustvnow.tva%2Ffanart.jpg%26desc%3DWatch+Major+American+Television+Networks+Live%21+Entirely+Legal+and+Free%21+You+can+also+record+content+with+a+paid+DVR+account+or+by+using+DVR+referral+points.+Signup+for+a+free+account+through+the+following+link+today%3A+http%3A%2F%2Fwatch.ustvnow.com%26_options_sf&quot;,return)</favourite>
	<favourite name="ZemTV.com" thumb="special://home/addons/plugin.video.ZemTV-shani/icon.png">ActivateWindow(10025,&quot;plugin://plugin.video.ZemTV-shani/?sf_options=desc%3DWatch+ZemTV.com+on+your+XBMC.+This+plugin+fetches+the+video+sources+from+ZemTV.com+and+play+on+XBMC+compatible+plateforms%26_options_sf&quot;,return)</favourite>
	<favourite name="[COLOR lime]lihattv[/COLOR] [COLOR black]|[COLOR black] [COLOR white]Live TV Streaming[/COLOR]" thumb="special://home/addons/plugin.video.lihattv/icon.png">ActivateWindow(10025,&quot;plugin://plugin.video.lihattv/?sf_options=desc%3DWatch+free+IPTV+for+PC+and+Mobile+device.+You+can+watch+live+tv+streaming+over+web+browser+on+PC%2C+Mac+or+Linux%2C+on+any+Smartphone+or+Tablets%2C+or+on+any+media+Player.%26_options_sf&quot;,return)</favourite>
	<favourite name="ExPat TV" thumb="special://home/addons/plugin.video.expattv/icon.png">ActivateWindow(10025,&quot;plugin://plugin.video.expattv/?sf_options=desc%3DLive+Uk+Tv%26_options_sf&quot;,return)</favourite>
</favourites>