<favourites>
	<favourite name="Tennis live" thumb="special://home/addons/plugin.video.gorillastreams/resources/images/sports/Tennis.png">ActivateWindow(10025,&quot;plugin://plugin.video.gorillastreams/?item=title%3dTennis%26url%3dhttp%253A%252F%252Fwww.stopstream.tv%252F4-tennis.html%26cfg%3dstopstream.com.events.cfg%26definedIn%3dcustoms%252Fstopstream.com.cfg%26director%3dGorilla%2bStreams%26genre%3dLive%2bTV%26type%3drss%26icon%3d%252Fhome%252Fosmc%252F.kodi%252Faddons%252Fplugin.video.gorillastreams%252Fresources%252Fimages%252Fsports%252FTennis.png&amp;mode=1&amp;sf_options=fanart%3Dspecial%3A%2F%2Fhome%2Faddons%2Fplugin.video.gorillastreams%2Ffanart.jpg%26_options_sf&quot;,return)</favourite>
	<favourite name="Tennis" thumb="special://home/addons/plugin.video.castaway/resources/media/icons/tennis.png">ActivateWindow(10025,&quot;plugin://plugin.video.castaway/?mode=open_sport_cat&amp;site=vipbox&amp;url=http%3a%2f%2fwww.vipleague.me%2fsports%2ftennis.html&amp;sf_options=fanart%3Dspecial%3A%2F%2Fhome%2Faddons%2Fplugin.video.castaway%2Ffanart.jpg%26_options_sf&quot;,return)</favourite>
	<favourite name="Tennis" thumb="special://home/addons/plugin.video.castaway/resources/media/icons/tennis.png">ActivateWindow(10025,&quot;plugin://plugin.video.castaway/?mode=open_sport_cat&amp;site=dimsport&amp;url=http%3a%2f%2fidimsports.eu%2ftennis.html&amp;sf_options=fanart%3Dspecial%3A%2F%2Fhome%2Faddons%2Fplugin.video.castaway%2Ffanart.jpg%26_options_sf&quot;,return)</favourite>
	<favourite name="Tennis (4)" thumb="special://home/addons/plugin.video.castaway/resources/media/icons/tennis.png">ActivateWindow(10025,&quot;plugin://plugin.video.castaway/?mode=open_sport_cat&amp;site=livetv&amp;url=http%3a%2f%2fxliveru.sx%2fen%2fallupcomingsports%2f4%2f&amp;sf_options=fanart%3Dspecial%3A%2F%2Fhome%2Faddons%2Fplugin.video.castaway%2Ffanart.jpg%26_options_sf&quot;,return)</favourite>
	<favourite name="Tennis" thumb="special://home/addons/plugin.video.castaway/resources/media/icons/tennis.png">ActivateWindow(10025,&quot;plugin://plugin.video.castaway/?mode=open_sport_cat&amp;site=stream2watch&amp;url=http%3a%2f%2fwww.stream2watch.co%2fsports%2ftennis&amp;sf_options=fanart%3Dspecial%3A%2F%2Fhome%2Faddons%2Fplugin.video.castaway%2Ffanart.jpg%26_options_sf&quot;,return)</favourite>
	<favourite name="Tennis" thumb="special://home/addons/plugin.video.SportsDevil/resources/images/sports/Tennis.png">ActivateWindow(10025,&quot;plugin://plugin.video.SportsDevil/?item=title%3dTennis%26url%3dhttp%253A%252F%252Fwww.idimsports.eu%252Ftennis.html%26cfg%3ddimsports.eu.links.cfg%26definedIn%3dlivesports%252Fdimsports.eu.cfg%26director%3ddimsports.eu%26genre%3dLive%2bSports%26type%3drss%26icon%3d%252Fhome%252Fosmc%252F.kodi%252Faddons%252Fplugin.video.SportsDevil%252Fresources%252Fimages%252Fsports%252FTennis.png&amp;mode=1&amp;sf_options=fanart%3Dspecial%3A%2F%2Fhome%2Faddons%2Fplugin.video.SportsDevil%2Ffanart.jpg%26_options_sf&quot;,return)</favourite>
	<favourite name="Tennis" thumb="special://home/addons/plugin.video.SportsDevil/resources/images/sports/Tennis.png">ActivateWindow(10025,&quot;plugin://plugin.video.SportsDevil/?item=title%3dTennis%26url%3dhttp%253A%252F%252Fwww.thefeed2all.eu%252Ftype%252Ftennis.html%26cfg%3dfirstrowsports.eu.links.cfg%26definedIn%3dlivesports%252Ffirstrowsports.eu.cfg%26director%3dFirstRowSports.eu%26genre%3dLive%2bSports%26type%3drss%26icon%3d%252Fhome%252Fosmc%252F.kodi%252Faddons%252Fplugin.video.SportsDevil%252Fresources%252Fimages%252Fsports%252FTennis.png&amp;mode=1&amp;sf_options=fanart%3Dspecial%3A%2F%2Fhome%2Faddons%2Fplugin.video.SportsDevil%2Ffanart.jpg%26_options_sf&quot;,return)</favourite>
	<favourite name="Tennis" thumb="special://home/addons/plugin.video.SportsDevil/resources/images/sports/Tennis.png">ActivateWindow(10025,&quot;plugin://plugin.video.SportsDevil/?item=title%3dTennis%26url%3dhttp%253A%252F%252Ffirstrowsports.ge%252Findex.php%253Fgame%253Dtennis%26cfg%3dfirstrowsports.ge.links.cfg%26definedIn%3dlivesports%252Ffirstrowsports.ge.cfg%26director%3dFirstRowSports.ge%26genre%3dLive%2bSports%26type%3drss%26icon%3d%252Fhome%252Fosmc%252F.kodi%252Faddons%252Fplugin.video.SportsDevil%252Fresources%252Fimages%252Fsports%252FTennis.png&amp;mode=1&amp;sf_options=fanart%3Dspecial%3A%2F%2Fhome%2Faddons%2Fplugin.video.SportsDevil%2Ffanart.jpg%26_options_sf&quot;,return)</favourite>
	<favourite name="Tennis (10)" thumb="special://home/addons/plugin.video.SportsDevil/resources/images/sports/Tennis.png">ActivateWindow(10025,&quot;plugin://plugin.video.SportsDevil/?item=count.tmp%3d10%26title.tmp%3dTennis%26ticon.tmp%3dhttp%253A%252F%252Fcdn.livetvcdn.net%252Fimg%252Fsport%252F4.gif%26url%3dhttp%253A%252F%252Flivetv102.net%252Fen%252Fallupcomingsports%252F4%252F%26cfg%3dlivetv.ru.videos.cfg%2540CATEGORY%25404%26definedIn%3dlivesports%252Flivetv.ru.cfg%26director%3dLiveTV.ru%26id.tmp%3d4%26referer%3dhttp%253A%252F%252Flivetv102.net%252Fen%252Fallupcoming%26genre%3dLive%2bSports%26title%3dTennis%2b%252810%2529%26icon.tmp%3d%252Fhome%252Fosmc%252F.kodi%252Faddons%252Fplugin.video.SportsDevil%252Fresources%252Fimages%252Fsports%252FTennis.png%26type%3drss%26icon%3d%252Fhome%252Fosmc%252F.kodi%252Faddons%252Fplugin.video.SportsDevil%252Fresources%252Fimages%252Fsports%252FTennis.png&amp;mode=1&amp;sf_options=fanart%3Dspecial%3A%2F%2Fhome%2Faddons%2Fplugin.video.SportsDevil%2Ffanart.jpg%26_options_sf&quot;,return)</favourite>
	<favourite name="Tennis" thumb="special://home/addons/plugin.video.SportsDevil/resources/images/sports/Tennis.png">ActivateWindow(10025,&quot;plugin://plugin.video.SportsDevil/?item=title%3dTennis%26url%3dhttp%253A%252F%252Fwww.stopstream.me%252F4-tennis.html%26cfg%3dstopstream.com.events.cfg%26definedIn%3dlivesports%252Fstopstream.com.cfg%26director%3dstopstream.com%26genre%3dLive%2bSports%26type%3drss%26icon%3d%252Fhome%252Fosmc%252F.kodi%252Faddons%252Fplugin.video.SportsDevil%252Fresources%252Fimages%252Fsports%252FTennis.png&amp;mode=1&amp;sf_options=fanart%3Dspecial%3A%2F%2Fhome%2Faddons%2Fplugin.video.SportsDevil%2Ffanart.jpg%26_options_sf&quot;,return)</favourite>
	<favourite name="Tennis" thumb="special://home/addons/plugin.video.SportsDevil/resources/images/sports/Tennis.png">ActivateWindow(10025,&quot;plugin://plugin.video.SportsDevil/?item=title%3dTennis%26url%3dhttp%253A%252F%252Fwww.vipleague.is%252Fsports%252Ftennis.html%26cfg%3dvipbox.tv.events.cfg%26definedIn%3dlivesports%252Fvipbox.tv.cfg%26director%3dVipBox.tv%26genre%3dLive%2bSports%26type%3drss%26icon%3d%252Fhome%252Fosmc%252F.kodi%252Faddons%252Fplugin.video.SportsDevil%252Fresources%252Fimages%252Fsports%252FTennis.png&amp;mode=1&amp;sf_options=fanart%3Dspecial%3A%2F%2Fhome%2Faddons%2Fplugin.video.SportsDevil%2Ffanart.jpg%26_options_sf&quot;,return)</favourite>
	<favourite name="Tennis" thumb="special://home/addons/plugin.video.SportsDevil/resources/images/vipbox.png">ActivateWindow(10025,&quot;plugin://plugin.video.SportsDevil/?item=title.tmp%3dTennis%26title%3dTennis%26url%3dhttp%253A%252F%252Fwww.vipleague.is%252Fsports%252Ftennis.html%26cfg%3dvipbox.tv.events.cfg%2540Tennis%26definedIn%3dvipbox.tv.cfg%26director%3dVipBox.tv%26referer%3dhttp%253A%252F%252Fwww.vipleague.is%26genre%3dLive%2bSports%26type%3drss%26icon%3d%252Fhome%252Fosmc%252F.kodi%252Faddons%252Fplugin.video.SportsDevil%252Fresources%252Fimages%252Fvipbox.png&amp;mode=1&amp;sf_options=fanart%3Dspecial%3A%2F%2Fhome%2Faddons%2Fplugin.video.SportsDevil%2Ffanart.jpg%26_options_sf&quot;,return)</favourite>
	<favourite name="[COLOR FF11b500]Tennis channel v8[/COLOR]" thumb="http://thumb1.shutterstock.com/display_pic_with_logo/436018/436018,1278418095,4/stock-photo-word-sports-d-56624578.jpg">PlayMedia(&quot;plugin://plugin.video.ZemTV-shani/?url=ZGlyZWN0MjpodHRwOi8vMzcuMTU3LjI0Ni4xNzA6ODA4MC84OHRlbm5pcy90ZW5uaXMvaW5kZXgubTN1OD90b2tlbj1OV0ZpWXpWaE1XRTJZek0yTURkbU5XWmhabVEyTnprMk1URm1abUZrTlRBNk1UUTFOamsxTnpjeU1RPT0%3D&amp;mode=11&amp;name=%5BCOLOR+FF11b500%5DTennis+channel+v8%5B%2FCOLOR%5D&amp;sf_options=winID%3D10025%26_options_sf&quot;)</favourite>
	<favourite name="FilmOn Tennis" thumb="http://static.filmon.com/assets/channels/1948/big_logo.png">PlayMedia(&quot;plugin://plugin.video.filmon/?url=url&amp;mode=12&amp;name=FilmOn+Tennis&amp;iconimage=http%3A%2F%2Fstatic.filmon.com%2Fassets%2Fchannels%2F1948%2Fbig_logo.png&amp;description=&amp;programme_id=1948&amp;startdate_time=&amp;group=SPORTS&amp;sf_options=winID%3D10025%26_options_sf&quot;)</favourite>
	<favourite name="SuperTennis" thumb="special://home/addons/plugin.video.supertennis/icon.png">ActivateWindow(10025,&quot;plugin://plugin.video.supertennis/?sf_options=desc%3DNews%2C+live+reporting+from+tournaments%2C+educational+programs%2C+technical+disclosure%2C+historical+re-enactments%2C+insights+and+anything+else+on+the+universe+of+tennis.%26_options_sf&quot;,return)</favourite>
</favourites>