<favourites>
	<favourite name="Documentaries" thumb="http://s28.postimg.org/op4gqc0ot/Documentaries.jpg">ActivateWindow(10025,&quot;plugin://plugin.video.phstreams/?action=ndmode&amp;audio=0&amp;content=0&amp;fanart=http%3a%2f%2fimg1.goodfon.su%2foriginal%2f1920x1080%2f7%2f52%2fking-queen-crown-poker.jpg&amp;image=http%3a%2f%2fs28.postimg.org%2fop4gqc0ot%2fDocumentaries.jpg&amp;name=Documentaries&amp;tvshow=0&amp;url=http%3a%2f%2fgibraltar.watchkodi.com%2fMisc%2fdocs.xml&amp;sf_options=fanart%3Dhttp%3A%2F%2Fimg1.goodfon.su%2Foriginal%2F1920x1080%2F7%2F52%2Fking-queen-crown-poker.jpg%26desc%3DDiscover+Great+Streaming+Playlists%21%26_options_sf&quot;,return)</favourite>
	<favourite name="[COLOR cyan]documentaryaddict[/COLOR] fubar" thumb="special://home/addons/plugin.video.mdfubar/resources/art/da.png">ActivateWindow(10025,&quot;plugin://plugin.video.mdfubar/?description&amp;iconimage=%2fhome%2fosmc%2f.kodi%2faddons%2fplugin.video.mdfubar%2fresources%2fart%2fda.png&amp;mode=350&amp;name=%5bCOLOR%20cyan%5ddocumentaryaddict.com%5b%2fCOLOR%5d&amp;url=http%3a%2f%2fdocumentaryaddict.com%2f&amp;sf_options=fanart%3Dspecial%3A%2F%2Fhome%2Faddons%2Fplugin.video.mdfubar%2Fresources%2Fart%2Ff1.jpg%26_options_sf&quot;,return)</favourite>
	<favourite name="[COLOR saddlebrown]DOCUMENTARIES[/COLOR] bbts" thumb="http://bbts-repo.weebly.com/files/theme/Logos/Folders/docos.png">ActivateWindow(10025,&quot;plugin://plugin.video.bbts/?folder=%2fDOCUMENTARIES&amp;sf_options=fanart%3Dhttp%3A%2F%2Fbbts-repo.weebly.com%2Ffiles%2Ftheme%2FLogos%2FFolders%2FBBTS.jpg%26desc%3DA+collection+of+documents%2C+realty%2C+history%2C+and+more....%26_options_sf&quot;,return)</favourite>
	<favourite name="Decado Documentaries" thumb="special://home/addons/plugin.video.DecadoDocs/icon.png">ActivateWindow(10025,&quot;plugin://plugin.video.DecadoDocs?sf_options=fanart%3Dspecial%3A%2F%2Fhome%2Faddons%2Fplugin.video.DecadoDocs%2Ffanart.jpg%26_options_sf&quot;,return)</favourite>
	<favourite name="Docu-Hub" thumb="special://home/addons/plugin.video.docuhub/icon.png">ActivateWindow(10025,&quot;plugin://plugin.video.docuhub?sf_options=fanart%3Dspecial%3A%2F%2Fhome%2Faddons%2Fplugin.video.docuhub%2Ffanart.jpg%26desc%3DDocumentary+Films+from+the+Web%26_options_sf&quot;,return)</favourite>
	<favourite name="DocumentaryTube" thumb="special://home/addons/plugin.video.documentarytube/icon.png">ActivateWindow(10025,&quot;plugin://plugin.video.documentarytube?sf_options=fanart%3Dspecial%3A%2F%2Fhome%2Faddons%2Fplugin.video.documentarytube%2Ffanart.jpg%26desc%3DThousands+of+Documentaries+on+YouTube.+Including+Richard+Attenborough%2C+Nat+Geo%2C+BBC%2C+PBS+-+Nova%2C+How+Its+Made%2C+Bear+Grylls%2C+Bush+Tucker+Man%2C+Tanked%2C+Grand+Designs+and+many+more.%26_options_sf&quot;,return)</favourite>
	<favourite name="[COLOR peachpuff][B]Documentaries &gt;[/B][/COLOR] &gt;" thumb="special://home/addons/plugin.video.allinone/icons/doc.png">[/B][/COLOR] &gt;&quot; thumb=&quot;special://home/addons/plugin.video.allinone/icons/doc.png&quot;&gt;[/B][/COLOR] &gt;&quot; thumb=&quot;special://home/addons/plugin.video.allinone/icons/doc.png&quot;&gt;[/B][/COLOR] &gt;&quot; thumb=&quot;special://home/addons/plugin.video.allinone/icons/doc.png&quot;&gt;[/B][/COLOR] &gt;&quot; thumb=&quot;special://home/addons/plugin.video.allinone/icons/doc.png&quot;&gt;[/B][/COLOR] &gt;&quot; thumb=&quot;special://home/addons/plugin.video.allinone/icons/doc.png&quot;&gt;[/B][/COLOR] &gt;&quot; thumb=&quot;special://home/addons/plugin.video.allinone/icons/doc.png&quot;&gt;[/B][/COLOR] &gt;&quot; thumb=&quot;special://home/addons/plugin.video.allinone/icons/doc.png&quot;&gt;[/B][/COLOR] &gt;&quot; thumb=&quot;special://home/addons/plugin.video.allinone/icons/doc.png&quot;&gt;[/B][/COLOR] &gt;&quot; thumb=&quot;special://home/addons/plugin.video.allinone/icons/doc.png&quot;&gt;[/B][/COLOR] &gt;&quot; thumb=&quot;special://home/addons/plugin.video.allinone/icons/doc.png&quot;&gt;[/B][/COLOR] &gt;&quot; thumb=&quot;special://home/addons/plugin.video.allinone/icons/doc.png&quot;&gt;[/B][/COLOR] &gt;&quot; thumb=&quot;special://home/addons/plugin.video.allinone/icons/doc.png&quot;&gt;[/B][/COLOR] &gt;&quot; thumb=&quot;special://home/addons/plugin.video.allinone/icons/doc.png&quot;&gt;[/B][/COLOR] &gt;&quot; thumb=&quot;special://home/addons/plugin.video.allinone/icons/doc.png&quot;&gt;[/B][/COLOR] &gt;&quot; thumb=&quot;special://home/addons/plugin.video.allinone/icons/doc.png&quot;&gt;[/B][/COLOR] &gt;&quot; thumb=&quot;special://home/addons/plugin.video.allinone/icons/doc.png&quot;&gt;[/B][/COLOR] &gt;&quot; thumb=&quot;special://home/addons/plugin.video.allinone/icons/doc.png&quot;&gt;[/B][/COLOR] &gt;&quot; thumb=&quot;special://home/addons/plugin.video.allinone/icons/doc.png&quot;&gt;[/B][/COLOR] &gt;&quot; thumb=&quot;special://home/addons/plugin.video.allinone/icons/doc.png&quot;&gt;[/B][/COLOR] &gt;&quot; thumb=&quot;special://home/addons/plugin.video.allinone/icons/doc.png&quot;&gt;ActivateWindow(10025,&quot;plugin://plugin.video.allinone/?mode=DocMenu&amp;sf_options=fanart%3Dspecial%3A%2F%2Fhome%2Faddons%2Fplugin.video.allinone%2Ficons%2Ffanart.png%26_options_sf&quot;,return)</favourite>
	<favourite name="[COLOR orangered]D[/COLOR][COLOR white]OCUMENTARIES[/COLOR]" thumb="http://s6.postimg.org/hn4iiiz9d/Docs.png">ActivateWindow(10025,&quot;plugin://plugin.video.phstreams/?action=ndmode&amp;audio=0&amp;content=0&amp;fanart=http%3a%2f%2fs6.postimg.org%2f4ph8mo5q9%2fBackdrop.png&amp;image=http%3a%2f%2fs6.postimg.org%2fhn4iiiz9d%2fDocs.png&amp;name=%5bCOLOR%20orangered%5dD%5b%2fCOLOR%5d%5bCOLOR%20white%5dOCUMENTARIES%5b%2fCOLOR%5d&amp;tvshow=0&amp;url=http%3a%2f%2fzenica.watchkodi.com%2fDirectories%2fMain%2520Directory%2fDocs%2520Main.xml&amp;sf_options=fanart%3Dhttp%3A%2F%2Fs6.postimg.org%2F4ph8mo5q9%2FBackdrop.png%26desc%3DDiscover+Great+Streaming+Playlists%21%26_options_sf&quot;,return)</favourite>
	<favourite name="Rock Doc&apos;s" thumb="http://s21.postimg.org/49u2b344n/Rock_Docs.jpg">ActivateWindow(10025,&quot;plugin://plugin.video.phstreams/?action=ndmode&amp;audio=0&amp;content=0&amp;fanart=http%3a%2f%2fimg1.goodfon.su%2foriginal%2f1920x1080%2f7%2f52%2fking-queen-crown-poker.jpg&amp;image=http%3a%2f%2fs21.postimg.org%2f49u2b344n%2fRock_Docs.jpg&amp;name=Rock%20Doc%27s&amp;tvshow=0&amp;url=http%3a%2f%2fgibraltar.watchkodi.com%2fCollections%2frockdoc.xml&amp;sf_options=fanart%3Dhttp%3A%2F%2Fimg1.goodfon.su%2Foriginal%2F1920x1080%2F7%2F52%2Fking-queen-crown-poker.jpg%26desc%3DDiscover+Great+Streaming+Playlists%21%26_options_sf&quot;,return)</favourite>
	<favourite name="Documentary" thumb="DefaultFolder.png">ActivateWindow(10025,&quot;plugin://plugin.video.icefilms/?mode=73&amp;name=Documentary&amp;url=http%3a%2f%2fwww.icefilms.info%2fmovies%2f&quot;,return)</favourite>
	<favourite name="[COLOR white]Discovery/History  Channel shows and Documentaries More (coming soon)[/COLOR]" thumb="special://home/addons/plugin.video.morepower/icon.png">ActivateWindow(10025,&quot;plugin://plugin.video.morepower/?description&amp;iconimage=%2fhome%2fosmc%2f.kodi%2faddons%2fplugin.video.morepower%2ficon.png&amp;mode=2&amp;name=%5bCOLOR%20white%5dDiscovery%2fHistory%20%20Channel%20shows%20and%20Documentaries%20More%20(coming%20soon)%5b%2fCOLOR%5d&amp;url=https%3a%2f%2fgithub.com%2filovemymac%2fMashUpMorePower%2fraw%2fmaster%2fDocumentries.xml&amp;sf_options=fanart%3Dhttp%3A%2F%2F3.bp.blogspot.com%2F-GCLok8sY2d4%2FTaA5Y-1Sa7I%2FAAAAAAAAB00%2FTilbR1Dhi4c%2Fs1600%2FCool-wallpapers%2B%2525286%252529.jpg%26_options_sf&quot;,return)</favourite>
	<favourite name="[COLOR white]DOCUMENTARIES[/COLOR]" thumb="http://i1295.photobucket.com/albums/b636/beatbox8501/DOCU_zpslwrvowqj.png">ActivateWindow(10025,&quot;plugin://plugin.video.streamengine/?date&amp;description&amp;iconimage=http%3a%2f%2fi1295.photobucket.com%2falbums%2fb636%2fbeatbox8501%2fDOCU_zpslwrvowqj.png&amp;mode=1&amp;name=%5bCOLOR%20white%5dDOCUMENTARIES%5b%2fCOLOR%5d&amp;page&amp;play&amp;url=https%3a%2f%2fpastebin.com%2fraw.php%3fi%3d8MEeYLBY&amp;sf_options=fanart%3Dhttp%3A%2F%2Fi1295.photobucket.com%2Falbums%2Fb636%2Fbeatbox8501%2Fwallpaper_zpsopwvguho.jpg%26_options_sf&quot;,return)</favourite>
	<favourite name="[COLOR royalblue][B]Documentary[/B][/COLOR]" thumb="special://home/addons/plugin.video.ccloudtv/resources/icons//documentary.png">ActivateWindow(10025,&quot;plugin://plugin.video.ccloudtv/?iconimage=%2fhome%2fosmc%2f.kodi%2faddons%2fplugin.video.ccloudtv%2fresources%2ficons%2f%2fdocumentary.png&amp;mode=54&amp;name=%5bCOLOR%20royalblue%5d%5bB%5dDocumentary%5b%2fB%5d%5b%2fCOLOR%5d&amp;url=documentary&amp;sf_options=fanart%3Dspecial%3A%2F%2Fhome%2Faddons%2Fplugin.video.ccloudtv%2Ffanart.jpg%26_options_sf&quot;,return)</favourite>
	<favourite name="History Tube" thumb="special://home/addons/plugin.video.historytube/icon.png">ActivateWindow(10025,&quot;plugin://plugin.video.historytube?sf_options=fanart%3Dspecial%3A%2F%2Fhome%2Faddons%2Fplugin.video.historytube%2Ffanart.jpg%26desc%3DThousands+of+documentary+videos+on+YouTube.%26_options_sf&quot;,return)</favourite>
</favourites>