<favourites>
	<favourite name="Biography" thumb="special://home/addons/plugin.video.twomovies/resources/art//tvshows/biography.png">ActivateWindow(10025,&quot;plugin://plugin.video.twomovies/?mode=tvplaygenre&amp;name=Biography&amp;url=http%3a%2f%2ftwomovies.us%2fbrowse_tv_shows%2fBiography%2fbyViews%2fall%2f&quot;,return)</favourite>
	<favourite name="Biography" thumb="special://home/addons/script.exodus.artwork/resources/media/exodus/genres.png">ActivateWindow(10025,&quot;plugin://plugin.video.exodus/?action=tvshows&amp;url=http%3a%2f%2fwww.imdb.com%2fsearch%2ftitle%3ftitle_type%3dtv_series%2cmini_series%26release_date%3d%2cdate%5b0%5d%26genres%3dbiography%26sort%3dmoviemeter%2casc%26count%3d40%26start%3d1&amp;sf_options=fanart%3Dspecial%3A%2F%2Fhome%2Faddons%2Fscript.exodus.artwork%2Fresources%2Fmedia%2Fexodus%2Ffanart.jpg%26_options_sf&quot;,return)</favourite>
	<favourite name="Biography" thumb="special://home/addons/script.1channel.themepak/art/themes/Classic/biography.jpg">ActivateWindow(10025,&quot;plugin://plugin.video.1channel/?genre=Biography&amp;mode=GetFilteredResults&amp;section=tv&amp;sort=date&amp;sf_options=fanart%3Dspecial%3A%2F%2Fhome%2Faddons%2Fscript.1channel.themepak%2Fart%2Fthemes%2FClassic%2Ffanart.png%26_options_sf&quot;,return)</favourite>
	<favourite name="Biography" thumb="special://home/addons/plugin.video.teevee/resources/icons/new/Genre.png">ActivateWindow(10025,&quot;plugin://plugin.video.teevee/?letter=http%3a%2f%2ftvonline.tw%2fgenres%2fbiography%2f&amp;mode=open_letter&amp;page=1&quot;,return)</favourite>
	<favourite name="Biography" thumb="special://home/addons/plugin.video.tvonlineER/icons/icon.png">ActivateWindow(10025,&quot;plugin://plugin.video.tvonlineER/?listitem=%3cxbmcgui.ListItem%20object%20at%200x5bac6608%3e&amp;mode=GetTitles&amp;text=Biography&amp;url=http%3a%2f%2ftvonline.tw%2fgenres%2fbiography%2f&amp;sf_options=fanart%3Dspecial%3A%2F%2Fhome%2Faddons%2Fplugin.video.tvonlineER%2Ficons%2Ffanart.jpg%26_options_sf&quot;,return)</favourite>
	<favourite name="Biography" thumb="DefaultFolder.png">ActivateWindow(10025,&quot;plugin://script.icechannel/?episode&amp;fanart&amp;favorite=false&amp;imdb_id&amp;img&amp;indexer=tv_shows&amp;indexer_id=IMDb&amp;istream_path=%20%3a%20TV%20Shows%20%3a%20Genres%20%3a%20Biography&amp;mode=section&amp;name&amp;season&amp;section=biography&amp;title=Biography&amp;trailer&amp;type=tv_shows&amp;url=http%3a%2f%2fimdb.com%2fsearch%2ftitle%3fhas%3dtechnical%26moviemeter%3d%2c200000%26num_votes%3d500%2c%26title_type%3dtv_series%2cmini_series%26genres%3dbiography%26sort%3dnum_votes%2cdesc&amp;urls&amp;year&quot;,return)</favourite>
	<favourite name="[COLOR lightskyblue]biography [/COLOR] &gt;&gt;" thumb="special://home/addons/plugin.video.ddlseriesER/icons/tv.png">ActivateWindow(10025,&quot;plugin://plugin.video.ddlseriesER/?mode=GetTitles4&amp;section=ALL&amp;url=http%3a%2f%2fwww.ddlseries.net%2f%2fgenre%2fbiography%2f&amp;sf_options=fanart%3Dspecial%3A%2F%2Fhome%2Faddons%2Fplugin.video.ddlseriesER%2Ficons%2Ffanart.jpg%26_options_sf&quot;,return)</favourite>
</favourites>