<favourites>
	<favourite name="AMA Pro Racing" thumb="special://home/addons/plugin.video.amaproracing/icon.png">ActivateWindow(10025,&quot;plugin://plugin.video.amaproracing?sf_options=fanart%3Dspecial%3A%2F%2Fhome%2Faddons%2Fplugin.video.amaproracing%2Ffanart.jpg%26desc%3DThe+AMA+is+the+largest+motorsports+organization+in+the+world%2C+overseeing+80+professional+and+more+than+4%2C000+amateur+events+each+year.+Watch+live+and+archived+full-length+races%2C+highlights+and+more.%26_options_sf&quot;,return)</favourite>
	<favourite name="High Tech Corvette" thumb="special://home/addons/plugin.video.hightechcorvette/icon.png">ActivateWindow(10025,&quot;plugin://plugin.video.hightechcorvette?sf_options=fanart%3Dspecial%3A%2F%2Fhome%2Faddons%2Fplugin.video.hightechcorvette%2Ffanart.jpg%26desc%3DCovering+drag+racing%2C+road+racing%2C+street+racing%2C+Coffee+and+Cars%2C+the+Texas+Mile%2C+custom+builds%2C+underground+events%2C+supercars%2C+dyno+pulls%2C+and+testing.%26_options_sf&quot;,return)</favourite>
	<favourite name="SPEEDWAY PORTAL" thumb="special://home/addons/plugin.video.speedway/icon.png">ActivateWindow(10025,&quot;plugin://plugin.video.speedway?sf_options=fanart%3Dspecial%3A%2F%2Fhome%2Faddons%2Fplugin.video.speedway%2Ffanart.jpg%26desc%3DSPEEDWAY+PORTAL+is+an+add-on+full+of+various+videos+and+podcasts+relating+to+all+things+Speedway+from+around+the+world.++It+has+been+put+together+by+the+fans%2C+for+the+fans.++At+no+point+has%2C+nor+will+there+be+any+fee+required+by+the+user+to+access+SPEEDWAY+PORTAL.++It+will+remain+free+of+charge.%26_options_sf&quot;,return)</favourite>
	<favourite name="Auto Sports" thumb="special://home/addons/plugin.video.extreme.com/resources/art/Auto Sports.png">ActivateWindow(10025,&quot;plugin://plugin.video.extreme.com/?action=videos_autosports&amp;sf_options=fanart%3Dspecial%3A%2F%2Fhome%2Faddons%2Fplugin.video.extreme.com%2Ffanart.jpg%26desc%3DExtreme+Sports%26_options_sf&quot;,return)</favourite>
	<favourite name="Motornutz" thumb="special://home/addons/plugin.video.motornutz/icon.png">ActivateWindow(10025,&quot;plugin://plugin.video.motornutz?sf_options=fanart%3Dspecial%3A%2F%2Fhome%2Faddons%2Fplugin.video.motornutz%2Ffanart.jpg%26desc%3DThe+Need+for+Speed+by+%40random_robbie%26_options_sf&quot;,return)</favourite>
	<favourite name="[COLOR lime]NASCAR[/COLOR]" thumb="http://s10.postimg.org/jb16g605l/812308_nascar.jpg">ActivateWindow(10025,&quot;plugin://plugin.video.3amigos/?fanart=http%3a%2f%2fs17.postimg.org%2fm8kwyrwov%2fimage.jpg&amp;mode=1&amp;name=%5bCOLOR%20lime%5dNASCAR%5b%2fCOLOR%5d&amp;url=http%3a%2f%2fpastebin.com%2fraw.php%3fi%3dpsr4XmtE&amp;sf_options=fanart%3Dhttp%3A%2F%2Fs17.postimg.org%2Fm8kwyrwov%2Fimage.jpg%26_options_sf&quot;,return)</favourite>
</favourites>