<favourites>
	<favourite name="2Movies by Rating" thumb="special://home/addons/plugin.video.twomovies/resources/art/moviesrating.png">ActivateWindow(10025,&quot;plugin://plugin.video.twomovies/?mode=playyear&amp;name=Movies%20by%20Rating&amp;url=http%3a%2f%2ftwomovies.us%2fbrowse_movies%2fall%2fbyRating%2fall%2f&quot;,return)</favourite>
	<favourite name="[COLOR chartreuse]Top rated movies [I](TheMovieDB)[/I][/COLOR]" thumb="DefaultFolder.png">ActivateWindow(10025,&quot;plugin://script.extendedinfo/?info=topratedmovies&quot;,return)</favourite>
	<favourite name="Box Office blockbusters exodus" thumb="special://home/addons/script.exodus.artwork/resources/media/exodus/box-office.png">ActivateWindow(10025,&quot;plugin://plugin.video.exodus/?action=movies&amp;url=boxoffice&amp;sf_options=fanart%3Dspecial%3A%2F%2Fhome%2Faddons%2Fscript.exodus.artwork%2Fresources%2Fmedia%2Fexodus%2Ffanart.jpg%26_options_sf&quot;,return)</favourite>
	<favourite name="Highly rated primewire" thumb="special://home/addons/script.1channel.themepak/art/themes/Classic/highly_rated.png">ActivateWindow(10025,&quot;plugin://plugin.video.1channel/?mode=GetFilteredResults&amp;section=movie&amp;sort=ratings&amp;sf_options=fanart%3Dspecial%3A%2F%2Fhome%2Faddons%2Fscript.1channel.themepak%2Fart%2Fthemes%2FClassic%2Ffanart.png%26_options_sf&quot;,return)</favourite>
	<favourite name="Movies by Rating merdb" thumb="http://cliqaddon.com/support/commoncore/tvaddons/moviedb/showgunart/images/rating.jpg">ActivateWindow(10025,&quot;plugin://plugin.video.moviedb/?mode=movieindex&amp;name=Movies%20by%20Rating&amp;url=http%3a%2f%2fwww.merdb.cn%2f%3fsort%3dratingp&amp;sf_options=fanart%3Dhttp%3A%2F%2Fcliqaddon.com%2Fsupport%2Fcommoncore%2Ftvaddons%2Fmoviedb%2Fshowgunart%2Fimages%2Ffanart%2Ffanart.jpg%26_options_sf&quot;,return)</favourite>
	<favourite name="Highly Rated ice" thumb="special://home/addons/plugin.video.icefilms/resources/art/highly rated.png">ActivateWindow(10025,&quot;plugin://plugin.video.icefilms/?mode=2&amp;name=Highly%20Rated&amp;url=http%3a%2f%2fwww.icefilms.info%2fmovies%2frating%2f1&quot;,return)</favourite>
	<favourite name="Most Voted" thumb="special://home/addons/plugin.video.specto/resources/media/gone/moviesViews.jpg">ActivateWindow(10025,&quot;plugin://plugin.video.specto/?action=movies&amp;url=views&amp;sf_options=fanart%3Dspecial%3A%2F%2Fhome%2Faddons%2Fplugin.video.specto%2Fresources%2Fmedia%2Fgone%2Ffanart.jpg%26_options_sf&quot;,return)</favourite>
	<favourite name="Box Office" thumb="special://home/addons/plugin.video.specto/resources/media/gone/moviesBoxoffice.jpg">ActivateWindow(10025,&quot;plugin://plugin.video.specto/?action=movies&amp;url=boxoffice&amp;sf_options=fanart%3Dspecial%3A%2F%2Fhome%2Faddons%2Fplugin.video.specto%2Fresources%2Fmedia%2Fgone%2Ffanart.jpg%26_options_sf&quot;,return)</favourite>
	<favourite name="[COLOR gold]Top Rated[/COLOR]" thumb="special://home/addons/plugin.video.velocity/resources/art/special_movie_lists.png">ActivateWindow(10025,&quot;plugin://plugin.video.velocity/?media=movies&amp;mode=get_public_lists&amp;movie_title&amp;name=%5bCOLOR%20gold%5dTop%20Rated%5b%2fCOLOR%5d&amp;thumb=%2fhome%2fosmc%2f.kodi%2faddons%2fplugin.video.velocity%2fresources%2fart%2fspecial_movie_lists.png&amp;trakt_id=Top-Rated&amp;url=movistapp&amp;sf_options=fanart%3Dspecial%3A%2F%2Fhome%2Faddons%2Fplugin.video.velocity%2Fresources%2Fart%2Ffanart.jpg%26_options_sf&quot;,return)</favourite>
	<favourite name="Box Office" thumb="DefaultFolder.png">ActivateWindow(10025,&quot;plugin://script.icechannel/?episode&amp;fanart&amp;favorite=false&amp;imdb_id&amp;img&amp;indexer=movies&amp;indexer_id=IMDb&amp;istream_path=%20%3a%20Movies%20%3a%20Box%20Office&amp;mode=section&amp;name&amp;season&amp;section=boxoffice_gross_us&amp;title=Box%20Office&amp;trailer&amp;type=movies&amp;url=http%3a%2f%2fimdb.com%2fsearch%2ftitle%3fhas%3dtechnical%26moviemeter%3d%2c50000%26num_votes%3d3000%2c%26production_status%3dreleased%26title_type%3dfeature%2ctv_movie%26sort%3dboxoffice_gross_us%2cdesc&amp;urls&amp;year&quot;,return)</favourite>
	<favourite name="Highly Rated" thumb="DefaultFolder.png">ActivateWindow(10025,&quot;plugin://script.icechannel/?episode&amp;fanart&amp;favorite=false&amp;imdb_id&amp;img&amp;indexer=movies&amp;indexer_id=IMDb&amp;istream_path=%20%3a%20Movies%20%3a%20Highly%20Rated&amp;mode=section&amp;name&amp;season&amp;section=user_rating&amp;title=Highly%20Rated&amp;trailer&amp;type=movies&amp;url=http%3a%2f%2fimdb.com%2fsearch%2ftitle%3fhas%3dtechnical%26moviemeter%3d%2c50000%26num_votes%3d25000%2c%26production_status%3dreleased%26title_type%3dfeature%2ctv_movie%26sort%3duser_rating%2cdesc&amp;urls&amp;year&quot;,return)</favourite>
</favourites>