<favourites>
	<favourite name="[COLOR yellow]MuttsNutz [/COLOR]Reloaded" thumb="special://home/addons/plugin.video.mnutzreloaded/icon.png">ActivateWindow(10025,&quot;plugin://plugin.video.mnutzreloaded?sf_options=fanart%3Dspecial%3A%2F%2Fhome%2Faddons%2Fplugin.video.mnutzreloaded%2Ffanart.jpg%26desc%3DCredit+goes+to+Metalkettle+for+the+base+and+Lambda+for+the+resolver%26_options_sf&quot;,return)</favourite>
	<favourite name="LiveStreamsPro" thumb="special://home/addons/plugin.video.live.streamspro/icon.png">ActivateWindow(10025,&quot;plugin://plugin.video.live.streamspro?sf_options=fanart%3Dspecial%3A%2F%2Fhome%2Faddons%2Fplugin.video.live.streamspro%2Ffanart.jpg%26desc%3DIn+addition+to+what+livestreams+allowed+you+to+do%2C+you+can+now%2C%0A++++++++1.+call+regex+in+regex%2C%0A++++++++2.+multiple+regex+in+page%2C+regex+in+session%2C+also+htmlunescape+responses%0A++++++++3.+create+session+from+one+regex+and+pass+onto+next+in+line%0A++++++++4.+save+sessions+to+a+file+and+open+again+later%0A++++++++5.+write+python+code+in+.py+file%2C+put+in+the+profile+directory+and+then+call+from+your+regex.%0A++++++++6.+use+epoctime%2C+guid+and+unpack+as+functions+already+defined.%0A++++++++7.+Use+it+to+post+values+to+the+pages+to+get+the+proper+responses%0A++++++++8.+support+many+headers%2C+like+origin%2C+X-Requested-With%0A++++++++9.+you+can+now+append+cookies+in+response+and+then+read+in+regex+using+includeheaders%0A++++++++10.+You+can+now+link+to+another+web+url+via+your+xml+using+externallink%0A++++++++11.+support+for+google+captcha%2C+now+you+can+show+and+then+post+the+text%26_options_sf&quot;,return)</favourite>
	<favourite name="XMovies8" thumb="special://home/addons/plugin.video.xmovies8/icon.png">ActivateWindow(10025,&quot;plugin://plugin.video.xmovies8?sf_options=fanart%3Dspecial%3A%2F%2Fhome%2Faddons%2Fplugin.video.xmovies8%2Ffanart.jpg%26_options_sf&quot;,return)</favourite>
	<favourite name="Ares-Streams" thumb="special://home/addons/plugin.video.Ares-Streams/icon.png">ActivateWindow(10025,&quot;plugin://plugin.video.Ares-Streams?sf_options=fanart%3Dspecial%3A%2F%2Fhome%2Faddons%2Fplugin.video.Ares-Streams%2Ffanart.jpg%26desc%3DWe+Thank+You+All%21+Remember+to+check+out+our+other+addons.%26_options_sf&quot;,return)</favourite>
</favourites>