<favourites>
	<favourite name="A-Z primewire" thumb="special://home/addons/script.1channel.themepak/art/themes/Classic/atoz.png">ActivateWindow(10025,&quot;plugin://plugin.video.1channel/?mode=BrowseAlphabetMenu&amp;section=tv&amp;sf_options=fanart%3Dspecial%3A%2F%2Fhome%2Faddons%2Fscript.1channel.themepak%2Fart%2Fthemes%2FClassic%2Ffanart.png%26_options_sf&quot;,return)</favourite>
	<favourite name="All TV Shows merdb" thumb="http://cliqaddon.com/support/commoncore/tvaddons/moviedb/showgunart/images/all.jpg">ActivateWindow(10025,&quot;plugin://plugin.video.moviedb/?mode=tvindex&amp;name=All%20TV%20Shows&amp;url=http%3a%2f%2fwww.merdb.cn%2ftvshow%2findex.php&amp;sf_options=fanart%3Dhttp%3A%2F%2Fcliqaddon.com%2Fsupport%2Fcommoncore%2Ftvaddons%2Fmoviedb%2Fshowgunart%2Fimages%2Ffanart%2Ffanart.jpg%26_options_sf&quot;,return)</favourite>
	<favourite name="All Series Gate TV Shows" thumb="http://cliqaddon.com/support/commoncore/tvaddons/moviedb/showgunart/images/all.jpg">ActivateWindow(10025,&quot;plugin://plugin.video.moviedb/?mode=sgindex&amp;name=All%20Series%20Gate%20TV%20Shows&amp;url=http%3a%2f%2fseriesgate.me%2ftvshows%2f&amp;sf_options=fanart%3Dhttp%3A%2F%2Fcliqaddon.com%2Fsupport%2Fcommoncore%2Ftvaddons%2Fmoviedb%2Fshowgunart%2Fimages%2Ffanart%2Ffanart.jpg%26_options_sf&quot;,return)</favourite>
	<favourite name="A-Z Directories icefilms" thumb="special://home/addons/plugin.video.icefilms/resources/art/az directories.png">ActivateWindow(10025,&quot;plugin://plugin.video.icefilms/?mode=10&amp;name=A-Z%20Directories&amp;url=http%3a%2f%2fwww.icefilms.info%2ftv%2fa-z%2f1&quot;,return)</favourite>
	<favourite name="[B][COLOR yellow]A-Z[/COLOR][/B] md" thumb="special://home/addons/plugin.video.mdws/resources/art/mdws.png">ActivateWindow(10025,&quot;plugin://plugin.video.mdws/?mode=7&amp;name=%5bB%5d%5bCOLOR%20yellow%5dA-Z%5b%2fCOLOR%5d%5b%2fB%5d&amp;url=http%3a%2f%2fwatchseries.vc%2fseries&amp;sf_options=fanart%3Dspecial%3A%2F%2Fhome%2Faddons%2Fplugin.video.mdws%2Ffanart.jpg%26_options_sf&quot;,return)</favourite>
	<favourite name="All TV shows 4k.t" thumb="special://home/addons/plugin.video.movie4k/resources/img/tvshows.png">ActivateWindow(10025,&quot;plugin://plugin.video.movie4k/?action=letters&amp;extra=tvshows-all&amp;page&amp;plot&amp;thumbnail=%2fhome%2fosmc%2f.kodi%2faddons%2fplugin.video.movie4k%2fresources%2fimg%2ftvshows.png&amp;title=All%20TV%20shows&amp;url=http%3a%2f%2fwww.movie4k.to%2ftvshows-all.html&amp;sf_options=fanart%3Dspecial%3A%2F%2Fhome%2Faddons%2Fplugin.video.movie4k%2Ffanart.jpg%26_options_sf&quot;,return)</favourite>
	<favourite name="A-Z movies25" thumb="special://home/addons/plugin.video.moviestwentyfive/art/A_Z.png">ActivateWindow(10025,&quot;plugin://plugin.video.moviestwentyfive/?mode=33&amp;name=A-Z&amp;url=http%3a%2f%2fthewatchseries.to%2fletters%2f09&amp;sf_options=fanart%3Dspecial%3A%2F%2Fhome%2Faddons%2Fplugin.video.moviestwentyfive%2Ffanart.jpg%26_options_sf&quot;,return)</favourite>
	<favourite name="A-Z" thumb="special://home/addons/plugin.video.projectfreetv/icons/AZ.png">ActivateWindow(10025,&quot;plugin://plugin.video.projectfreetv/?mode=tvaz&amp;section=tvaz&quot;,return)</favourite>
	<favourite name="[COLOR blue][B]A to Z[/B] [/COLOR]&gt;&gt;" thumb="special://home/addons/plugin.video.tvonlineER/icons/icon.png">&gt;&quot; thumb=&quot;special://home/addons/plugin.video.tvonlineER/icons/icon.png&quot;&gt;&gt;&quot; thumb=&quot;special://home/addons/plugin.video.tvonlineER/icons/icon.png&quot;&gt;ActivateWindow(10025,&quot;plugin://plugin.video.tvonlineER/?mode=GetTitles3&amp;section=ALL&amp;url=http%3a%2f%2ftvonline.tw%2f%2ftv-listings%2fa%2f&amp;sf_options=fanart%3Dspecial%3A%2F%2Fhome%2Faddons%2Fplugin.video.tvonlineER%2Ficons%2Ffanart.jpg%26_options_sf&quot;,return)</favourite>
	<favourite name="A-Z" thumb="DefaultFolder.png">ActivateWindow(10025,&quot;plugin://plugin.video.ustvcc/?dbid&amp;mode=3&amp;name=A-Z&amp;season&amp;sn&amp;url=http%3a%2f%2fwww.ustv.cc%2fepisode%2f&quot;,return)</favourite>
	<favourite name="A-Z" thumb="special://home/addons/plugin.video.teevee/resources/icons/new/AZ.png">ActivateWindow(10025,&quot;plugin://plugin.video.teevee/?foldername=shows&amp;mode=az_shows&amp;sf_options=fanart%3Dspecial%3A%2F%2Fhome%2Faddons%2Fplugin.video.teevee%2Fresources%2Ficons%2Fnew%2Ffanart.jpg%26_options_sf&quot;,return)</favourite>
</favourites>