<favourites>
	<favourite name="Big Ten Network" thumb="special://home/addons/plugin.video.Pac-12/iconbtn.png">ActivateWindow(10025,&quot;plugin://plugin.video.Pac-12/?fanart=%2fhome%2fosmc%2f.kodi%2faddons%2fplugin.video.Pac-12%2ffanartbtn.jpg&amp;iconimage=%2fhome%2fosmc%2f.kodi%2faddons%2fplugin.video.Pac-12%2ficonbtn.png&amp;mode=2&amp;name=Big%20Ten%20Network&amp;url=http%3a%2f%2fbigten247.cdnak.bigtenhd.neulion.com%2fnlds%2fbtn2go%2fbtnnetwork%2fas%2flive%2fbtnnetwork_hd_3000.m3u8&amp;sf_options=fanart%3Dspecial%3A%2F%2Fhome%2Faddons%2Fplugin.video.Pac-12%2Ffanartbtn.jpg%26_options_sf&quot;,return)</favourite>
	<favourite name="Big Ten Network HD" thumb="http://i.ytimg.com/vi/yE4Jxq-3SrM/hqdefault.jpg">PlayMedia(&quot;plugin://plugin.video.gul/?url=http%3A%2F%2Fbigten247.cdnak.bigtenhd.neulion.com%2Fnlds%2Fbtn2go%2Fbtnnetwork%2Fas%2Flive%2Fbtnnetwork_hd_3000.m3u8&amp;mode=3&amp;name=Big+Ten+Network+HD&amp;iconimage=http%3A%2F%2Fi.ytimg.com%2Fvi%2FyE4Jxq-3SrM%2Fhqdefault.jpg&amp;description=&amp;sf_options=fanart%3Dhttp%3A%2F%2Fi.ytimg.com%2Fvi%2FyE4Jxq-3SrM%2Fhqdefault.jpg%26winID%3D10025%26_options_sf&quot;)</favourite>
	<favourite name="NBC Sports Network 1080P" thumb="http://i.ytimg.com/vi/yE4Jxq-3SrM/hqdefault.jpg">PlayMedia(&quot;plugin://plugin.video.gul/?url=http%3A%2F%2Ftvenbcsn-i.Akamaihd.net%2Fhls%2Flive%2F218235%2Fnbcsnx%2F4296k%2Fprog.m3u8%7CX-Forwarded-For%3D209.239.112.104&amp;mode=3&amp;name=NBC+Sports+Network+1080P&amp;iconimage=http%3A%2F%2Fi.ytimg.com%2Fvi%2FyE4Jxq-3SrM%2Fhqdefault.jpg&amp;description=&amp;sf_options=fanart%3Dhttp%3A%2F%2Fi.ytimg.com%2Fvi%2FyE4Jxq-3SrM%2Fhqdefault.jpg%26winID%3D10025%26_options_sf&quot;)</favourite>
	<favourite name="USA Live TV Big Ten Network" thumb="http://i.ytimg.com/vi/yE4Jxq-3SrM/hqdefault.jpg">PlayMedia(&quot;plugin://plugin.video.gul/?url=http%3A%2F%2Fbigten247.cdnak.bigtenhd.neulion.com%2Fnlds%2Fbtn2go%2Fbtnnetwork%2Fas%2Flive%2Fbtnnetwork_hd_3000.m3u8&amp;mode=3&amp;name=USA+Live+TV+Big+Ten+Network&amp;iconimage=http%3A%2F%2Fi.ytimg.com%2Fvi%2FyE4Jxq-3SrM%2Fhqdefault.jpg&amp;description=&amp;sf_options=fanart%3Dhttp%3A%2F%2Fi.ytimg.com%2Fvi%2FyE4Jxq-3SrM%2Fhqdefault.jpg%26winID%3D10025%26_options_sf&quot;)</favourite>
	<favourite name="Big Ten Network 720p" thumb="http://i.ytimg.com/vi/yE4Jxq-3SrM/hqdefault.jpg">PlayMedia(&quot;plugin://plugin.video.gul/?url=http%3A%2F%2Fbigten247.cdnak.bigtenhd.neulion.com%2Fnlds%2Fbtn2go%2Fbtnnetwork%2Fas%2Flive%2Fbtnnetwork_hd_3000.m3u8&amp;mode=3&amp;name=Big+Ten+Network+720p&amp;iconimage=http%3A%2F%2Fi.ytimg.com%2Fvi%2FyE4Jxq-3SrM%2Fhqdefault.jpg&amp;description=&amp;sf_options=fanart%3Dhttp%3A%2F%2Fi.ytimg.com%2Fvi%2FyE4Jxq-3SrM%2Fhqdefault.jpg%26winID%3D10025%26_options_sf&quot;)</favourite>
	<favourite name="[COLOR FF11b500]Big ten elite v8[/COLOR]" thumb="http://thumb1.shutterstock.com/display_pic_with_logo/436018/436018,1278418095,4/stock-photo-word-sports-d-56624578.jpg">PlayMedia(&quot;plugin://plugin.video.ZemTV-shani/?url=ZGlyZWN0MjpodHRwOi8veHJ4cy5uZXQvdmlkZW8vbGl2ZS1idG4tMTI0MC5tM3U4&amp;mode=11&amp;name=%5BCOLOR+FF11b500%5DBig+ten+elite+v8%5B%2FCOLOR%5D&amp;sf_options=winID%3D10025%26_options_sf&quot;)</favourite>
	<favourite name="[COLOR FF11b500]Big ten network v8[/COLOR]" thumb="http://thumb1.shutterstock.com/display_pic_with_logo/436018/436018,1278418095,4/stock-photo-word-sports-d-56624578.jpg">PlayMedia(&quot;plugin://plugin.video.ZemTV-shani/?url=ZGlyZWN0MjpodHRwOi8vYmlndGVuMjQ3LmNkbmFrLmJpZ3RlbmhkLm5ldWxpb24uY29tL25sZHMvYnRuMmdvL2J0bm5ldHdvcmsvYXMvbGl2ZS9idG5uZXR3b3JrX2hkXzMwMDAubTN1OA%3D%3D&amp;mode=11&amp;name=%5BCOLOR+FF11b500%5DBig+ten+network+v8%5B%2FCOLOR%5D&amp;sf_options=winID%3D10025%26_options_sf&quot;)</favourite>
</favourites>