<favourites>
	<favourite name="Latest Episodes exodus" thumb="special://home/addons/script.exodus.artwork/resources/media/exodus/latest-episodes.png">ActivateWindow(10025,&quot;plugin://plugin.video.exodus/?action=calendar&amp;url=added&amp;sf_options=fanart%3Dspecial%3A%2F%2Fhome%2Faddons%2Fscript.exodus.artwork%2Fresources%2Fmedia%2Fexodus%2Ffanart.jpg%26_options_sf&quot;,return)</favourite>
	<favourite name="[B][COLOR yellow]Newest Episodes Added This Week[/COLOR][/B]" thumb="special://home/addons/plugin.video.mdws/resources/art/mdws.png">ActivateWindow(10025,&quot;plugin://plugin.video.mdws/?mode=9&amp;name=%5bB%5d%5bCOLOR%20yellow%5dNewest%20Episodes%20Added%20This%20Week%5b%2fCOLOR%5d%5b%2fB%5d&amp;url=http%3a%2f%2fwatchseries.vc%2flatest&amp;sf_options=fanart%3Dspecial%3A%2F%2Fhome%2Faddons%2Fplugin.video.mdws%2Ffanart.jpg%26_options_sf&quot;,return)</favourite>
	<favourite name="Newest Episodes" thumb="special://home/addons/plugin.video.moviestwentyfive/art/NEW_EPISODES.png">ActivateWindow(10025,&quot;plugin://plugin.video.moviestwentyfive/?mode=36&amp;name=Newest%20Episodes&amp;url=http%3a%2f%2fthewatchseries.to%2flatest&amp;sf_options=fanart%3Dspecial%3A%2F%2Fhome%2Faddons%2Fplugin.video.moviestwentyfive%2Ffanart.jpg%26_options_sf&quot;,return)</favourite>
	<favourite name="Last 24 Hours free tv" thumb="special://home/addons/plugin.video.projectfreetv/icons/Last_24_Hours.png">ActivateWindow(10025,&quot;plugin://plugin.video.projectfreetv/?mode=tvlastadded&amp;section=tv24hours&amp;url=http%3a%2f%2fwww.project-free-tv.sx%2finternet%2findex_last.html&quot;,return)</favourite>
	<favourite name="Last 3 Days free tv" thumb="special://home/addons/plugin.video.projectfreetv/icons/Last_3_Days.png">ActivateWindow(10025,&quot;plugin://plugin.video.projectfreetv/?mode=tvlastadded&amp;section=tv3days&amp;url=http%3a%2f%2fwww.project-free-tv.sx%2finternet%2findex_last_3_days.html&quot;,return)</favourite>
	<favourite name="Last 7 Days" thumb="special://home/addons/plugin.video.projectfreetv/icons/Last_7_Days.png">ActivateWindow(10025,&quot;plugin://plugin.video.projectfreetv/?mode=tvlastadded&amp;section=tv7days&amp;url=http%3a%2f%2fwww.project-free-tv.sx%2finternet%2findex_last_7_days.html&quot;,return)</favourite>
	<favourite name="This Month freee tv" thumb="special://home/addons/plugin.video.projectfreetv/icons/This_Month.png">ActivateWindow(10025,&quot;plugin://plugin.video.projectfreetv/?mode=tvlastadded&amp;section=tvmonth&amp;url=http%3a%2f%2fwww.project-free-tv.sx%2finternet%2findex_last_30_days.html&quot;,return)</favourite>
	<favourite name="[B][COLOR blue]Latest :[/COLOR] Episodes &amp; Seasons[/B] rlseason" thumb="special://home/addons/plugin.video.rlseriesER/icons/tv.png">ActivateWindow(10025,&quot;plugin://plugin.video.rlseriesER/?mode=GetTitles&amp;numOfPages=1&amp;section=ALL&amp;startPage=1&amp;url=http%3a%2f%2frlseries.com%2f%2f&amp;sf_options=fanart%3Dspecial%3A%2F%2Fhome%2Faddons%2Fplugin.video.rlseriesER%2Ficons%2Ffanart.jpg%26_options_sf&quot;,return)</favourite>
	<favourite name="Latest Episodes specto" thumb="special://home/addons/plugin.video.specto/resources/media/gone/calendarsAdded.jpg">ActivateWindow(10025,&quot;plugin://plugin.video.specto/?action=calendar&amp;url=added&amp;sf_options=fanart%3Dspecial%3A%2F%2Fhome%2Faddons%2Fplugin.video.specto%2Fresources%2Fmedia%2Fgone%2Ffanart.jpg%26_options_sf&quot;,return)</favourite>
	<favourite name="New Episodes" thumb="special://home/addons/plugin.video.teevee/resources/icons/new/Latest_Added.png">ActivateWindow(10025,&quot;plugin://plugin.video.teevee/?foldername=shows&amp;mode=new_tv&amp;page=1&amp;sf_options=fanart%3Dspecial%3A%2F%2Fhome%2Faddons%2Fplugin.video.teevee%2Fresources%2Ficons%2Fnew%2Ffanart.jpg%26_options_sf&quot;,return)</favourite>
	<favourite name="New Latest Episodes" thumb="special://home/addons/plugin.video.tvmix/resources/art/latest.png">ActivateWindow(10025,&quot;plugin://plugin.video.tvmix/?description&amp;iconimage=%2fhome%2fosmc%2f.kodi%2faddons%2fplugin.video.tvmix%2fresources%2fart%2flatest.png&amp;mode=1&amp;name=New%20Latest%20Episodes&amp;url=http%3a%2f%2fwww.watchepisodes1.com%2f&amp;sf_options=fanart%3Dspecial%3A%2F%2Fhome%2Faddons%2Fplugin.video.tvmix%2Ffanart.jpg%26_options_sf&quot;,return)</favourite>
	<favourite name="[COLOR blue][B]New Episodes[/B] [/COLOR]&gt;&gt;" thumb="special://home/addons/plugin.video.tvonlineER/icons/icon.png">&gt;&quot; thumb=&quot;special://home/addons/plugin.video.tvonlineER/icons/icon.png&quot;&gt;&gt;&quot; thumb=&quot;special://home/addons/plugin.video.tvonlineER/icons/icon.png&quot;&gt;ActivateWindow(10025,&quot;plugin://plugin.video.tvonlineER/?mode=GetTitles5&amp;section=ALL&amp;url=http%3a%2f%2ftvonline.tw%2f%2fnew-episodes%2f&amp;sf_options=fanart%3Dspecial%3A%2F%2Fhome%2Faddons%2Fplugin.video.tvonlineER%2Ficons%2Ffanart.jpg%26_options_sf&quot;,return)</favourite>
	<favourite name="Latest Updates TV Series" thumb="DefaultFolder.png">ActivateWindow(10025,&quot;plugin://plugin.video.ustvcc/?dbid&amp;mode=8&amp;name=Latest%20Updates%20TV%20Series&amp;season&amp;sn&amp;url&quot;,return)</favourite>
	<favourite name="New TV Episodes" thumb="DefaultFolder.png">ActivateWindow(10025,&quot;plugin://plugin.video.ustvcc/?dbid&amp;mode=8&amp;name=New%20TV%20Episodes&amp;season&amp;sn&amp;url&quot;,return)</favourite>
</favourites>