<favourites>
	<favourite name="TV Shows by Popularity 2movies" thumb="special://home/addons/plugin.video.twomovies/resources/art//tvshows/tvshowspopularity.png">ActivateWindow(10025,&quot;plugin://plugin.video.twomovies/?mode=tvplayyear&amp;name=TV%20Shows%20by%20Popularity&amp;url=http%3a%2f%2ftwomovies.us%2fbrowse_tv_shows%2fall%2fbyViews%2fall%2f&quot;,return)</favourite>
	<favourite name="Popular TV shows [I](TheMovieDB)[/I]" thumb="DefaultFolder.png">ActivateWindow(10025,&quot;plugin://script.extendedinfo/?info=populartvshows&quot;,return)</favourite>
	<favourite name="Most Popular primewire" thumb="special://home/addons/script.1channel.themepak/art/themes/Classic/most_popular.png">ActivateWindow(10025,&quot;plugin://plugin.video.1channel/?mode=GetFilteredResults&amp;section=tv&amp;sort=views&amp;sf_options=fanart%3Dspecial%3A%2F%2Fhome%2Faddons%2Fscript.1channel.themepak%2Fart%2Fthemes%2FClassic%2Ffanart.png%26_options_sf&quot;,return)</favourite>
	<favourite name="Most Popular" thumb="special://home/addons/script.exodus.artwork/resources/media/exodus/most-popular.png">ActivateWindow(10025,&quot;plugin://plugin.video.exodus/?action=tvshows&amp;url=popular&amp;sf_options=fanart%3Dspecial%3A%2F%2Fhome%2Faddons%2Fscript.exodus.artwork%2Fresources%2Fmedia%2Fexodus%2Ffanart.jpg%26_options_sf&quot;,return)</favourite>
	<favourite name="Popular ice" thumb="special://home/addons/plugin.video.icefilms/resources/art/popular.png">ActivateWindow(10025,&quot;plugin://plugin.video.icefilms/?mode=11&amp;name=Popular&amp;url=http%3a%2f%2fwww.icefilms.info%2ftv%2fpopular%2f1&quot;,return)</favourite>
	<favourite name="Most Popular movies25" thumb="special://home/addons/plugin.video.moviestwentyfive/art/MOST_POPULAR.png">ActivateWindow(10025,&quot;plugin://plugin.video.moviestwentyfive/?mode=36&amp;name=Most%20Popular&amp;url=http%3a%2f%2fthewatchseries.to%2fnew&amp;sf_options=fanart%3Dspecial%3A%2F%2Fhome%2Faddons%2Fplugin.video.moviestwentyfive%2Ffanart.jpg%26_options_sf&quot;,return)</favourite>
	<favourite name="Popular free tv" thumb="special://home/addons/plugin.video.projectfreetv/icons/Popular.png">ActivateWindow(10025,&quot;plugin://plugin.video.projectfreetv/?mode=tvpopular&amp;section=tvpopular&quot;,return)</favourite>
	<favourite name="Most Popular specto" thumb="special://home/addons/plugin.video.specto/resources/media/gone/tvshowsPopular.jpg">ActivateWindow(10025,&quot;plugin://plugin.video.specto/?action=tvshows&amp;url=popular&amp;sf_options=fanart%3Dspecial%3A%2F%2Fhome%2Faddons%2Fplugin.video.specto%2Fresources%2Fmedia%2Fgone%2Ffanart.jpg%26_options_sf&quot;,return)</favourite>
	<favourite name="Popular TV Shows" thumb="special://home/addons/script.salts.themepak/art/themes/Shine/popular.png">ActivateWindow(10025,&quot;plugin://plugin.video.salts/?mode=popular&amp;section=TV&amp;sf_options=fanart%3Dspecial%3A%2F%2Fhome%2Faddons%2Fplugin.video.salts%2Ffanart.jpg%26_options_sf&quot;,return)</favourite>
	<favourite name="Popular today" thumb="special://home/addons/plugin.video.teevee/resources/icons/new/Popular.png">ActivateWindow(10025,&quot;plugin://plugin.video.teevee/?foldername=shows&amp;mode=popular_today&amp;page=1&amp;sf_options=fanart%3Dspecial%3A%2F%2Fhome%2Faddons%2Fplugin.video.teevee%2Fresources%2Ficons%2Fnew%2Ffanart.jpg%26_options_sf&quot;,return)</favourite>
	<favourite name="Most popular" thumb="special://home/addons/plugin.video.teevee/resources/icons/new/Popular.png">ActivateWindow(10025,&quot;plugin://plugin.video.teevee/?foldername=shows&amp;mode=most_popular&amp;page=1&amp;sf_options=fanart%3Dspecial%3A%2F%2Fhome%2Faddons%2Fplugin.video.teevee%2Fresources%2Ficons%2Fnew%2Ffanart.jpg%26_options_sf&quot;,return)</favourite>
	<favourite name="Popular Shows" thumb="special://home/addons/plugin.video.theroyalwe/resources/artwork/trakt_popular.jpg">ActivateWindow(10025,&quot;plugin://plugin.video.theroyalwe/?mode=tv_popular&amp;sf_options=fanart%3Dspecial%3A%2F%2Fhome%2Faddons%2Fplugin.video.theroyalwe%2Ffanart.jpg%26_options_sf&quot;,return)</favourite>
	<favourite name="[COLOR blue][B]Most Popular[/B] [/COLOR]&gt;&gt;" thumb="special://home/addons/plugin.video.tvonlineER/icons/icon.png">&gt;&quot; thumb=&quot;special://home/addons/plugin.video.tvonlineER/icons/icon.png&quot;&gt;&gt;&quot; thumb=&quot;special://home/addons/plugin.video.tvonlineER/icons/icon.png&quot;&gt;&gt;&quot; thumb=&quot;special://home/addons/plugin.video.tvonlineER/icons/icon.png&quot;&gt;&gt;&quot; thumb=&quot;special://home/addons/plugin.video.tvonlineER/icons/icon.png&quot;&gt;&gt;&quot; thumb=&quot;special://home/addons/plugin.video.tvonlineER/icons/icon.png&quot;&gt;&gt;&quot; thumb=&quot;special://home/addons/plugin.video.tvonlineER/icons/icon.png&quot;&gt;&gt;&quot; thumb=&quot;special://home/addons/plugin.video.tvonlineER/icons/icon.png&quot;&gt;&gt;&quot; thumb=&quot;special://home/addons/plugin.video.tvonlineER/icons/icon.png&quot;&gt;&gt;&quot; thumb=&quot;special://home/addons/plugin.video.tvonlineER/icons/icon.png&quot;&gt;&gt;&quot; thumb=&quot;special://home/addons/plugin.video.tvonlineER/icons/icon.png&quot;&gt;&gt;&quot; thumb=&quot;special://home/addons/plugin.video.tvonlineER/icons/icon.png&quot;&gt;ActivateWindow(10025,&quot;plugin://plugin.video.tvonlineER/?mode=GetTitles&amp;section=ALL&amp;url=http%3a%2f%2ftvonline.tw%2f%2fmost-popular%2f&amp;sf_options=fanart%3Dspecial%3A%2F%2Fhome%2Faddons%2Fplugin.video.tvonlineER%2Ficons%2Ffanart.jpg%26_options_sf&quot;,return)</favourite>
	<favourite name="Popular TV" thumb="special://home/addons/plugin.video.velocity/resources/art/popular_tv.png">ActivateWindow(10025,&quot;plugin://plugin.video.velocity/?media&amp;mode=call_trakt_tv&amp;movie_title&amp;name=Popular%20TV&amp;thumb=%2fhome%2fosmc%2f.kodi%2faddons%2fplugin.video.velocity%2fresources%2fart%2fpopular_tv.png&amp;trakt_id&amp;url=popular_tv&amp;sf_options=fanart%3Dspecial%3A%2F%2Fhome%2Faddons%2Fplugin.video.velocity%2Fresources%2Fart%2Ffanart.jpg%26_options_sf&quot;,return)</favourite>
	<favourite name="Popular TV" thumb="special://home/addons/plugin.video.alluc.api/resources/artwork/popular.jpg">ActivateWindow(10025,&quot;plugin://plugin.video.alluc.api/?mode=tv_popular&amp;sf_options=fanart%3Dspecial%3A%2F%2Fhome%2Faddons%2Fplugin.video.alluc.api%2Ffanart.jpg%26_options_sf&quot;,return)</favourite>
	<favourite name="Popular Series" thumb="special://home/addons/plugin.video.tvmix/resources/art/popular.png">ActivateWindow(10025,&quot;plugin://plugin.video.tvmix/?description&amp;iconimage=%2fhome%2fosmc%2f.kodi%2faddons%2fplugin.video.tvmix%2fresources%2fart%2fpopular.png&amp;mode=3&amp;name=Popular%20Series&amp;url=http%3a%2f%2fwww.watchepisodes1.com%2fhome%2fpopular-series&amp;sf_options=fanart%3Dspecial%3A%2F%2Fhome%2Faddons%2Fplugin.video.tvmix%2Ffanart.jpg%26_options_sf&quot;,return)</favourite>
	<favourite name="Most Popular" thumb="DefaultFolder.png">ActivateWindow(10025,&quot;plugin://script.icechannel/?episode&amp;fanart&amp;favorite=false&amp;imdb_id&amp;img&amp;indexer=tv_shows&amp;indexer_id=IMDb&amp;istream_path=%20%3a%20TV%20Shows%20%3a%20Most%20Popular&amp;mode=section&amp;name&amp;season&amp;section=moviemeter&amp;title=Most%20Popular&amp;trailer&amp;type=tv_shows&amp;url=http%3a%2f%2fimdb.com%2fsearch%2ftitle%3fhas%3dtechnical%26moviemeter%3d%2c50000%26num_votes%3d1500%2c%26title_type%3dtv_series%2cmini_series%26&amp;urls&amp;year&quot;,return)</favourite>
</favourites>