<favourites>
	<favourite name="In-cinema movies [I](TheMovieDB)[/I]" thumb="DefaultFolder.png">ActivateWindow(10025,&quot;plugin://script.extendedinfo/?info=incinemas&quot;,return)</favourite>
	<favourite name="In-cinema movies [I](RottenTomatoes)[/I]" thumb="DefaultFolder.png">ActivateWindow(10025,&quot;plugin://script.extendedinfo/?info=intheaters&quot;,return)</favourite>
	<favourite name="Opening in theaters today" thumb="DefaultFolder.png">ActivateWindow(10025,&quot;plugin://script.extendedinfo/?info=opening&quot;,return)</favourite>
	<favourite name="Box office Blockbusters still showing" thumb="DefaultFolder.png">ActivateWindow(10025,&quot;plugin://script.extendedinfo/?info=boxoffice&quot;,return)</favourite>
	<favourite name="Box Office" thumb="special://home/addons/plugin.video.velocity/resources/art/box_office.png">ActivateWindow(10025,&quot;plugin://plugin.video.velocity/?media&amp;mode=call_trakt_movies&amp;movie_title&amp;name=Box%20Office&amp;thumb=%2fhome%2fosmc%2f.kodi%2faddons%2fplugin.video.velocity%2fresources%2fart%2fbox_office.png&amp;trakt_id&amp;url=box_office&amp;sf_options=fanart%3Dspecial%3A%2F%2Fhome%2Faddons%2Fplugin.video.velocity%2Fresources%2Fart%2Ffanart.jpg%26_options_sf&quot;,return)</favourite>
	<favourite name="[COLOR gold]Now Playing[/COLOR]" thumb="special://home/addons/plugin.video.velocity/resources/art/special_movie_lists.png">ActivateWindow(10025,&quot;plugin://plugin.video.velocity/?media=movies&amp;mode=get_public_lists&amp;movie_title&amp;name=%5bCOLOR%20gold%5dNow%20Playing%5b%2fCOLOR%5d&amp;thumb=%2fhome%2fosmc%2f.kodi%2faddons%2fplugin.video.velocity%2fresources%2fart%2fspecial_movie_lists.png&amp;trakt_id=Now-Playing&amp;url=movistapp&amp;sf_options=fanart%3Dspecial%3A%2F%2Fhome%2Faddons%2Fplugin.video.velocity%2Fresources%2Fart%2Ffanart.jpg%26_options_sf&quot;,return)</favourite>
	<favourite name="In Theaters exodus" thumb="special://home/addons/script.exodus.artwork/resources/media/exodus/in-theaters.png">ActivateWindow(10025,&quot;plugin://plugin.video.exodus/?action=movies&amp;url=theaters&amp;sf_options=fanart%3Dspecial%3A%2F%2Fhome%2Faddons%2Fscript.exodus.artwork%2Fresources%2Fmedia%2Fexodus%2Ffanart.jpg%26_options_sf&quot;,return)</favourite>
	<favourite name="[COLOR orangered]L[/COLOR][COLOR white]ATEST[/COLOR] [COLOR orangered]C[/COLOR][COLOR white]INEMA[/COLOR] TNPB" thumb="http://s6.postimg.org/yz13nuoap/Latest_Cinema.png">ActivateWindow(10025,&quot;plugin://plugin.video.phstreams/?action=ndmode&amp;audio=0&amp;content=0&amp;fanart=http%3a%2f%2fs6.postimg.org%2f4ph8mo5q9%2fBackdrop.png&amp;image=http%3a%2f%2fs6.postimg.org%2fyz13nuoap%2fLatest_Cinema.png&amp;name=%5bCOLOR%20orangered%5dL%5b%2fCOLOR%5d%5bCOLOR%20white%5dATEST%5b%2fCOLOR%5d%20%5bCOLOR%20orangered%5dC%5b%2fCOLOR%5d%5bCOLOR%20white%5dINEMA%5b%2fCOLOR%5d&amp;tvshow=0&amp;url=http%3a%2f%2fzenica.watchkodi.com%2fMovies%2fLatest%2520Cinema.xml&amp;sf_options=fanart%3Dhttp%3A%2F%2Fs6.postimg.org%2F4ph8mo5q9%2FBackdrop.png%26desc%3DDiscover+Great+Streaming+Playlists%21%26_options_sf&quot;,return)</favourite>
	<favourite name="Cinema Movies *Mostly Cams* afdah" thumb="http://cliqaddon.com/support/commoncore/tvaddons/moviedb/showgunart/images/cinema.jpg">ActivateWindow(10025,&quot;plugin://plugin.video.moviedb/?mode=afdahindex&amp;name=Cinema%20Movies%20%2aMostly%20Cams%2a&amp;url=http%3a%2f%2fafdah.com%2fcategory%2fcinema%2f&amp;sf_options=fanart%3Dhttp%3A%2F%2Fcliqaddon.com%2Fsupport%2Fcommoncore%2Ftvaddons%2Fmoviedb%2Fshowgunart%2Fimages%2Ffanart%2Ffanart.jpg%26_options_sf&quot;,return)</favourite>
	<favourite name="Cinema movies 4k.to" thumb="special://home/addons/plugin.video.movie4k/resources/img/movies.png">ActivateWindow(10025,&quot;plugin://plugin.video.movie4k/?action=movies_cinema&amp;extra&amp;page&amp;plot&amp;thumbnail=%2fhome%2fosmc%2f.kodi%2faddons%2fplugin.video.movie4k%2fresources%2fimg%2fmovies.png&amp;title=Cinema%20movies&amp;url=http%3a%2f%2fwww.movie4k.to%2findex.php&amp;sf_options=fanart%3Dspecial%3A%2F%2Fhome%2Faddons%2Fplugin.video.movie4k%2Ffanart.jpg%26_options_sf&quot;,return)</favourite>
	<favourite name="In Theaters secto" thumb="special://home/addons/plugin.video.specto/resources/media/gone/moviesTheaters.jpg">ActivateWindow(10025,&quot;plugin://plugin.video.specto/?action=movies&amp;url=theaters&amp;sf_options=fanart%3Dspecial%3A%2F%2Fhome%2Faddons%2Fplugin.video.specto%2Fresources%2Fmedia%2Fgone%2Ffanart.jpg%26_options_sf&quot;,return)</favourite>
	<favourite name="Now Playing" thumb="DefaultFolder.png">ActivateWindow(10025,&quot;plugin://script.icechannel/?episode&amp;fanart&amp;favorite=false&amp;imdb_id&amp;img&amp;indexer=movies&amp;indexer_id=IMDb&amp;istream_path=%20%3a%20Movies%20%3a%20Now%20Playing&amp;mode=section&amp;name&amp;season&amp;section=now-playing-us&amp;title=Now%20Playing&amp;trailer&amp;type=movies&amp;url=http%3a%2f%2fimdb.com%2fsearch%2ftitle%3fhas%3dtechnical%26moviemeter%3d%2c200000%26num_votes%3d1000%2c%26production_status%3dreleased%26title_type%3dfeature%2ctv_movie%26groups%3dnow-playing-us%26sort%3drelease_date_us%2cdesc&amp;urls&amp;year&quot;,return)</favourite>
	<favourite name="CINEMA RELEASES" thumb="http://i1295.photobucket.com/albums/b636/beatbox8501/CINEMA_zpsg4igkylp.png">ActivateWindow(10025,&quot;plugin://plugin.video.streamengine/?date&amp;description&amp;iconimage=http%3a%2f%2fi1295.photobucket.com%2falbums%2fb636%2fbeatbox8501%2fCINEMA_zpsg4igkylp.png&amp;mode=1&amp;name=CINEMA%20RELEASES&amp;page&amp;play&amp;url=https%3a%2f%2fpastebin.com%2fraw.php%3fi%3dxVsTQR3t&amp;sf_options=fanart%3Dhttp%3A%2F%2Fi1295.photobucket.com%2Falbums%2Fb636%2Fbeatbox8501%2Fwallpaper_zpsopwvguho.jpg%26_options_sf&quot;,return)</favourite>
</favourites>