<favourites>
	<favourite name="[COLOR=FFFFFF00][ Archive ][/COLOR]" thumb="special://home/addons/plugin.video.prosport/icon.png">ActivateWindow(10025,&quot;plugin://plugin.video.prosport/?away&amp;home&amp;mode=archive&amp;url&quot;,return)</favourite>
	<favourite name="Super Replays" thumb="special://home/addons/plugin.video.superreplays/icon.png">ActivateWindow(10025,&quot;plugin://plugin.video.superreplays?sf_options=fanart%3Dspecial%3A%2F%2Fhome%2Faddons%2Fplugin.video.superreplays%2Ffanart.jpg%26desc%3DWatch+Any+Sport+Replays%26_options_sf&quot;,return)</favourite>
	<favourite name="Fight replays" thumb="special://home/addons/plugin.video.mdwww/icon.png">ActivateWindow(10025,&quot;plugin://plugin.video.mdwww/?description&amp;iconimage=%2fhome%2fosmc%2f.kodi%2faddons%2fplugin.video.mdwww%2ficon.png&amp;mode=6&amp;name=%5bB%5d%5bCOLOR%20white%5dSport%5b%2fCOLOR%5d%5b%2fB%5d&amp;url=url&amp;sf_options=fanart%3Dspecial%3A%2F%2Fhome%2Faddons%2Fplugin.video.mdwww%2Ffanart.jpg%26_options_sf&quot;,return)</favourite>
	<favourite name="SPORTS VOD" thumb="http://i1295.photobucket.com/albums/b636/beatbox8501/vod_zpsxujdmmky.png">ActivateWindow(10025,&quot;plugin://plugin.video.streamengine/?date&amp;description&amp;iconimage=http%3a%2f%2fi1295.photobucket.com%2falbums%2fb636%2fbeatbox8501%2fvod_zpsxujdmmky.png&amp;mode=1&amp;name=SPORTS%20VOD&amp;page&amp;play&amp;url=https%3a%2f%2fpastebin.com%2fraw.php%3fi%3db194kzVk&amp;sf_options=fanart%3Dhttp%3A%2F%2Fimg28.fansshare.com%2Fphotos%2Flivefootball%2Fsuper-league-wallpaper-live-sports-856013617.jpg%26_options_sf&quot;,return)</favourite>
	<favourite name="[COLOR red] WWE [/COLOR]---[COLOR white]REPLAYS[/COLOR]" thumb="http://icons.iconarchive.com/icons/martz90/circle-addon2/128/wwe-icon.png">ActivateWindow(10025,&quot;plugin://plugin.video.3amigos/?fanart=http%3a%2f%2fs2.postimg.org%2fbbmmrs7h1%2f12305539_10208273877868300_661183800_n.jpg&amp;mode=1&amp;name=%5bCOLOR%20red%5d%20WWE%20%5b%2fCOLOR%5d---%5bCOLOR%20white%5dREPLAYS%5b%2fCOLOR%5d&amp;url=http%3a%2f%2fpastebin.com%2fraw.php%3fi%3dbhk2VZjh&amp;sf_options=fanart%3Dhttp%3A%2F%2Fs2.postimg.org%2Fbbmmrs7h1%2F12305539_10208273877868300_661183800_n.jpg%26_options_sf&quot;,return)</favourite>
	<favourite name="[COLOR red] UFC [/COLOR]---[COLOR white]REPLAYS[/COLOR]" thumb="http://icons.iconarchive.com/icons/chrisbanks2/cold-fusion-hd/128/ufc-tv-2-icon.png">ActivateWindow(10025,&quot;plugin://plugin.video.3amigos/?fanart=http%3a%2f%2fs2.postimg.org%2fbbmmrs7h1%2f12305539_10208273877868300_661183800_n.jpg&amp;mode=1&amp;name=%5bCOLOR%20red%5d%20UFC%20%5b%2fCOLOR%5d---%5bCOLOR%20white%5dREPLAYS%5b%2fCOLOR%5d&amp;url=http%3a%2f%2fpastebin.com%2fraw.php%3fi%3dkpmramfU&amp;sf_options=fanart%3Dhttp%3A%2F%2Fs2.postimg.org%2Fbbmmrs7h1%2F12305539_10208273877868300_661183800_n.jpg%26_options_sf&quot;,return)</favourite>
	<favourite name="[COLOR lime]Football Replays[/COLOR]" thumb="http://s20.postimg.org/bb3uv14p9/Football_w504.jpg">ActivateWindow(10025,&quot;plugin://plugin.video.3amigos/?fanart=http%3a%2f%2fs17.postimg.org%2fm8kwyrwov%2fimage.jpg&amp;mode=53&amp;name=%5bCOLOR%20lime%5dFootball%20Replays%5b%2fCOLOR%5d&amp;url=plugin%3a%2f%2fplugin.video.footballreplays&amp;sf_options=fanart%3Dhttp%3A%2F%2Fs17.postimg.org%2Fm8kwyrwov%2Fimage.jpg%26_options_sf&quot;,return)</favourite>
	<favourite name="[COLOR lime]PPV REPLAYS[/COLOR]" thumb="http://s29.postimg.org/9y4v4x3vb/replay.png">ActivateWindow(10025,&quot;plugin://plugin.video.3amigos/?fanart=http%3a%2f%2fs17.postimg.org%2fm8kwyrwov%2fimage.jpg&amp;mode=1&amp;name=%5bCOLOR%20lime%5dPPV%20REPLAYS%5b%2fCOLOR%5d&amp;url=http%3a%2f%2fpastebin.com%2fraw.php%3fi%3d8EhYpVxH&amp;sf_options=fanart%3Dhttp%3A%2F%2Fs17.postimg.org%2Fm8kwyrwov%2Fimage.jpg%26_options_sf&quot;,return)</favourite>
</favourites>