<favourites>
	<favourite name="[B]---===[COLOR red]GAME[/COLOR][COLOR blue] DAY[/COLOR]===---[/B]" thumb="http://prod.static.bears.clubs.nfl.com/assets/images/fan-zone/wallpapers/2012-wallpaper/Bennett_1920x1080.jpg">ActivateWindow(10025,&quot;plugin://plugin.video.NJMSoccer/?fanart&amp;mode=1&amp;name=%5bB%5d---%3d%3d%3d%5bCOLOR%20red%5dGAME%5b%2fCOLOR%5d%5bCOLOR%20blue%5d%20DAY%5b%2fCOLOR%5d%3d%3d%3d---%5b%2fB%5d&amp;url=http%3a%2f%2fnjmsoccer.kodistream.info%2fUSA_Sports%2frh_NFL.xml&quot;,return)</favourite>
	<favourite name="[COLOR=FF00FF00][ NFL GAMES ][/COLOR]" thumb="http://www.shermanreport.com/wp-content/uploads/2012/06/NFL-Logo1.gif">ActivateWindow(10025,&quot;plugin://plugin.video.prosport/?away&amp;home&amp;mode=nfl&amp;url&quot;,return)</favourite>
	<favourite name="Football" thumb="special://home/addons/plugin.video.castaway/resources/media/icons/football.png">ActivateWindow(10025,&quot;plugin://plugin.video.castaway/?mode=open_sport_cat&amp;site=vipbox&amp;url=http%3a%2f%2fwww.vipleague.me%2fsports%2famerican-football.html&amp;sf_options=fanart%3Dspecial%3A%2F%2Fhome%2Faddons%2Fplugin.video.castaway%2Ffanart.jpg%26_options_sf&quot;,return)</favourite>
	<favourite name="American Football" thumb="special://home/addons/plugin.video.castaway/resources/media/icons/football.png">ActivateWindow(10025,&quot;plugin://plugin.video.castaway/?mode=open_sport_cat&amp;site=dimsport&amp;url=http%3a%2f%2fidimsports.eu%2famerican-football.html&amp;sf_options=fanart%3Dspecial%3A%2F%2Fhome%2Faddons%2Fplugin.video.castaway%2Ffanart.jpg%26_options_sf&quot;,return)</favourite>
	<favourite name="American Football" thumb="special://home/addons/plugin.video.castaway/resources/media/icons/football.png">ActivateWindow(10025,&quot;plugin://plugin.video.castaway/?mode=open_sport_cat&amp;site=stream2watch&amp;url=http%3a%2f%2fwww.stream2watch.co%2fsports%2ffootball&amp;sf_options=fanart%3Dspecial%3A%2F%2Fhome%2Faddons%2Fplugin.video.castaway%2Ffanart.jpg%26_options_sf&quot;,return)</favourite>
	<favourite name="American Football" thumb="special://home/addons/plugin.video.SportsDevil/resources/images/sports/American Football.png">ActivateWindow(10025,&quot;plugin://plugin.video.SportsDevil/?item=title%3dAmerican%2bFootball%26url%3dhttp%253A%252F%252Fwww.idimsports.eu%252Famerican-football.html%26cfg%3ddimsports.eu.links.cfg%26definedIn%3dlivesports%252Fdimsports.eu.cfg%26director%3ddimsports.eu%26genre%3dLive%2bSports%26type%3drss%26icon%3d%252Fhome%252Fosmc%252F.kodi%252Faddons%252Fplugin.video.SportsDevil%252Fresources%252Fimages%252Fsports%252FAmerican%2bFootball.png&amp;mode=1&amp;sf_options=fanart%3Dspecial%3A%2F%2Fhome%2Faddons%2Fplugin.video.SportsDevil%2Ffanart.jpg%26_options_sf&quot;,return)</favourite>
	<favourite name="American Football" thumb="special://home/addons/plugin.video.SportsDevil/resources/images/sports/American Football.png">ActivateWindow(10025,&quot;plugin://plugin.video.SportsDevil/?item=title%3dAmerican%2bFootball%26url%3dhttp%253A%252F%252Fwww.thefeed2all.eu%252Ftype%252Famerican-football.html%26cfg%3dfirstrowsports.eu.links.cfg%26definedIn%3dlivesports%252Ffirstrowsports.eu.cfg%26director%3dFirstRowSports.eu%26genre%3dLive%2bSports%26type%3drss%26icon%3d%252Fhome%252Fosmc%252F.kodi%252Faddons%252Fplugin.video.SportsDevil%252Fresources%252Fimages%252Fsports%252FAmerican%2bFootball.png&amp;mode=1&amp;sf_options=fanart%3Dspecial%3A%2F%2Fhome%2Faddons%2Fplugin.video.SportsDevil%2Ffanart.jpg%26_options_sf&quot;,return)</favourite>
	<favourite name="American Football" thumb="special://home/addons/plugin.video.SportsDevil/resources/images/sports/American Football.png">ActivateWindow(10025,&quot;plugin://plugin.video.SportsDevil/?item=title%3dAmerican%2bFootball%26url%3dhttp%253A%252F%252Ffirstrowsports.ge%252Findex.php%253Fgame%253Damerican-football%26cfg%3dfirstrowsports.ge.links.cfg%26definedIn%3dlivesports%252Ffirstrowsports.ge.cfg%26director%3dFirstRowSports.ge%26genre%3dLive%2bSports%26type%3drss%26icon%3d%252Fhome%252Fosmc%252F.kodi%252Faddons%252Fplugin.video.SportsDevil%252Fresources%252Fimages%252Fsports%252FAmerican%2bFootball.png&amp;mode=1&amp;sf_options=fanart%3Dspecial%3A%2F%2Fhome%2Faddons%2Fplugin.video.SportsDevil%2Ffanart.jpg%26_options_sf&quot;,return)</favourite>
	<favourite name="American Football" thumb="special://home/addons/plugin.video.SportsDevil/resources/images/sports/American Football.png">ActivateWindow(10025,&quot;plugin://plugin.video.SportsDevil/?item=title%3dAmerican%2bFootball%26url%3dhttp%253A%252F%252Fwww.vipleague.is%252Fsports%252Famerican-football.html%26cfg%3dvipbox.tv.events.cfg%26definedIn%3dlivesports%252Fvipbox.tv.cfg%26director%3dVipBox.tv%26genre%3dLive%2bSports%26type%3drss%26icon%3d%252Fhome%252Fosmc%252F.kodi%252Faddons%252Fplugin.video.SportsDevil%252Fresources%252Fimages%252Fsports%252FAmerican%2bFootball.png&amp;mode=1&amp;sf_options=fanart%3Dspecial%3A%2F%2Fhome%2Faddons%2Fplugin.video.SportsDevil%2Ffanart.jpg%26_options_sf&quot;,return)</favourite>
	<favourite name="Football" thumb="special://home/addons/plugin.video.SportsDevil/resources/images/vipbox.png">ActivateWindow(10025,&quot;plugin://plugin.video.SportsDevil/?item=title.tmp%3dFootball%26title%3dFootball%26url%3dhttp%253A%252F%252Fwww.vipleague.is%252Fsports%252Famerican-football.html%26cfg%3dvipbox.tv.events.cfg%2540Football%26definedIn%3dvipbox.tv.cfg%26director%3dVipBox.tv%26referer%3dhttp%253A%252F%252Fwww.vipleague.is%26genre%3dLive%2bSports%26type%3drss%26icon%3d%252Fhome%252Fosmc%252F.kodi%252Faddons%252Fplugin.video.SportsDevil%252Fresources%252Fimages%252Fvipbox.png&amp;mode=1&amp;sf_options=fanart%3Dspecial%3A%2F%2Fhome%2Faddons%2Fplugin.video.SportsDevil%2Ffanart.jpg%26_options_sf&quot;,return)</favourite>
	<favourite name="[COLOR lime] AMERICAN FOOTBALL LIVE MATCHES[/COLOR]" thumb="http://icons.iconarchive.com/icons/icons-land/vista-people/128/Sport-Football-Player-Male-Light-icon.png">ActivateWindow(10025,&quot;plugin://plugin.video.3amigos/?fanart=http%3a%2f%2fs17.postimg.org%2fm8kwyrwov%2fimage.jpg&amp;mode=53&amp;name=%5bCOLOR%20lime%5d%20AMERICAN%20FOOTBALL%20LIVE%20MATCHES%5b%2fCOLOR%5d&amp;url=plugin%3a%2f%2fplugin.video.SportsDevil%2f%3fitem%3dtitle%253dAmerican%252bFootball%2526url%253dhttp%25253A%25252F%25252Fwww.thefeed2all.eu%25252Ftype%25252Famerican-football.html%2526cfg%253dfirstrowsports.eu.links.cfg%2526definedIn%253dlivesports%25252Ffirstrowsports.eu.cfg%2526director%253dFirstRowSports.eu%2526genre%253dLive%252bSports%2526type%253drss%2526icon%253dC%25253A%25255CUsers%25255CDaffys%25255CAppData%25255CRoaming%25255CKodi%25255Caddons%25255Cplugin.video.SportsDevil%25255Cresources%25255Cimages%25255Csports%25252FAmerican%252bFootball.png%26mode%3d1&amp;sf_options=fanart%3Dhttp%3A%2F%2Fs17.postimg.org%2Fm8kwyrwov%2Fimage.jpg%26_options_sf&quot;,return)</favourite>
</favourites>