<favourites>
	<favourite name="Poker Central" thumb="http://bbts-repo.weebly.com/files/theme/Logos/SPORTS/BBTS_poker-central.png">PlayMedia(&quot;http://ooyalahd2-f.akamaihd.net/i/crtv01_delivery@329705/index_1164_av-b.m3u8#?b?b*t$&amp;sf_options=fanart%3Dhttp%3A%2F%2Fbbts-repo.weebly.com%2Ffiles%2Ftheme%2FLogos%2FFolders%2Fsports.jpg%26winID%3D10025%26_options_sf&quot;)</favourite>
	<favourite name="[B]Poker Central[/B]" thumb="special://home/addons/plugin.video.castaway/resources/media/atdhe.jpg">PlayMedia(&quot;plugin://plugin.video.castaway/?url=http%3A%2F%2Fgoatd.net%2F11270%2Fwatch-poker-central&amp;play=True&amp;mode=play&amp;img=%2Fhome%2Fosmc%2F.kodi%2Faddons%2Fplugin.video.castaway%2Fresources%2Fmedia%2Fatdhe.jpg&amp;title=%5BB%5DPoker+Central%5B%2FB%5D&amp;sf_options=fanart%3Dspecial%3A%2F%2Fhome%2Faddons%2Fplugin.video.castaway%2Ffanart.jpg%26winID%3D10025%26_options_sf&quot;)</favourite>
	<favourite name="Poker Central" thumb="http://channelpear.com/images/media/9997.jpg">PlayMedia(&quot;plugin://plugin.video.channelpear/?url=http%3A%2F%2Fooyalahd2-f.akamaihd.net%2Fi%2Fcrtv01_delivery%40329705%2Findex_1164_av-b.m3u8%3F&amp;mode=12&amp;sf_options=winID%3D10025%26_options_sf&quot;)</favourite>
	<favourite name="Poker Central" thumb="http://i62.tinypic.com/b8l5b4.png">ActivateWindow(10025,&quot;plugin://plugin.video.SportsDevil/?item=catcher%3dstreams%26url.tmp%3d11270%252Fwatch-poker-central%26title%3dPoker%2bCentral%26url%3dhttp%253A%252F%252Fgoatd.net%252F11270%252Fwatch-poker-central%26videoTitle%3dPoker%2bCentral%26director%3dAtdheNet.tv%26genre%3dLive%2bSports%26referer%3dhttp%253A%252F%252Fgoatd.net%252F11270%252Fwatch-poker-central%26definedIn%3dlivesports%252Fatdee.net.cfg%26type%3drss%26icon%3dhttp%253A%252F%252Fi62.tinypic.com%252Fb8l5b4.png&amp;mode=1&amp;sf_options=fanart%3Dspecial%3A%2F%2Fhome%2Faddons%2Fplugin.video.SportsDevil%2Ffanart.jpg%26_options_sf&quot;,return)</favourite>
	<favourite name="Poker Central (Sports) (US) (English)" thumb="http://channelpear.com/images/media/9997.jpg">PlayMedia(&quot;plugin://plugin.video.ccloudtv/?url=http%3A%2F%2Fooyalahd2-f.akamaihd.net%2Fi%2Fcrtv01_delivery%40329705%2Findex_1164_av-b.m3u8&amp;mode=1&amp;name=Poker+Central+%28Sports%29+%28US%29+%28English%29&amp;iconimage=http%3A%2F%2Fchannelpear.com%2Fimages%2Fmedia%2F9997.jpg&amp;sf_options=fanart%3Dhttp%3A%2F%2Fchannelpear.com%2Fimages%2Fmedia%2F9997.jpg%26winID%3D10025%26_options_sf&quot;)</favourite>
	<favourite name="Poker Central" thumb="http://static.filmon.com/assets/channels/3761/big_logo.png">PlayMedia(&quot;plugin://plugin.video.filmon/?url=url&amp;mode=12&amp;name=Poker+Central&amp;iconimage=http%3A%2F%2Fstatic.filmon.com%2Fassets%2Fchannels%2F3761%2Fbig_logo.png&amp;description=&amp;programme_id=3761&amp;startdate_time=&amp;group=PAY+TV+-+CHANNELS&amp;sf_options=winID%3D10025%26_options_sf&quot;)</favourite>
</favourites>