<favourites>
	<favourite name="Rugby" thumb="special://home/addons/plugin.video.castaway/resources/media/icons/rugby.png">ActivateWindow(10025,&quot;plugin://plugin.video.castaway/?mode=open_sport_cat&amp;site=vipbox&amp;url=http%3a%2f%2fwww.vipleague.me%2fsports%2frugby.html&amp;sf_options=fanart%3Dspecial%3A%2F%2Fhome%2Faddons%2Fplugin.video.castaway%2Ffanart.jpg%26_options_sf&quot;,return)</favourite>
	<favourite name="AFL" thumb="special://home/addons/plugin.video.castaway/resources/media/icons/rugby.png">ActivateWindow(10025,&quot;plugin://plugin.video.castaway/?mode=open_sport_cat&amp;site=vipbox&amp;url=http%3a%2f%2fwww.vipleague.me%2fsports%2faussie-rules.html&amp;sf_options=fanart%3Dspecial%3A%2F%2Fhome%2Faddons%2Fplugin.video.castaway%2Ffanart.jpg%26_options_sf&quot;,return)</favourite>
	<favourite name="Rugby 2" thumb="special://home/addons/plugin.video.castaway/resources/media/icons/rugby.png">ActivateWindow(10025,&quot;plugin://plugin.video.castaway/?mode=open_sport_cat&amp;site=dimsport&amp;url=http%3a%2f%2fidimsports.eu%2frugby.html&amp;sf_options=fanart%3Dspecial%3A%2F%2Fhome%2Faddons%2Fplugin.video.castaway%2Ffanart.jpg%26_options_sf&quot;,return)</favourite>
	<favourite name="Rugby" thumb="special://home/addons/plugin.video.SportsDevil/resources/images/sports/Rugby.png">ActivateWindow(10025,&quot;plugin://plugin.video.SportsDevil/?item=title%3dRugby%26url%3dhttp%253A%252F%252Fwww.idimsports.eu%252Frugby.html%26cfg%3ddimsports.eu.links.cfg%26definedIn%3dlivesports%252Fdimsports.eu.cfg%26director%3ddimsports.eu%26genre%3dLive%2bSports%26type%3drss%26icon%3d%252Fhome%252Fosmc%252F.kodi%252Faddons%252Fplugin.video.SportsDevil%252Fresources%252Fimages%252Fsports%252FRugby.png&amp;mode=1&amp;sf_options=fanart%3Dspecial%3A%2F%2Fhome%2Faddons%2Fplugin.video.SportsDevil%2Ffanart.jpg%26_options_sf&quot;,return)</favourite>
	<favourite name="Aussie Rules" thumb="special://home/addons/plugin.video.SportsDevil/resources/images/sports/Rugby.png">ActivateWindow(10025,&quot;plugin://plugin.video.SportsDevil/?item=title%3dAussie%2bRules%26url%3dhttp%253A%252F%252Fwww.idimsports.eu%252Faussie-rules.html%26cfg%3ddimsports.eu.links.cfg%26definedIn%3dlivesports%252Fdimsports.eu.cfg%26director%3ddimsports.eu%26genre%3dLive%2bSports%26type%3drss%26icon%3d%252Fhome%252Fosmc%252F.kodi%252Faddons%252Fplugin.video.SportsDevil%252Fresources%252Fimages%252Fsports%252FRugby.png&amp;mode=1&amp;sf_options=fanart%3Dspecial%3A%2F%2Fhome%2Faddons%2Fplugin.video.SportsDevil%2Ffanart.jpg%26_options_sf&quot;,return)</favourite>
	<favourite name="Rugby" thumb="special://home/addons/plugin.video.SportsDevil/resources/images/sports/Rugby.png">ActivateWindow(10025,&quot;plugin://plugin.video.SportsDevil/?item=title%3dRugby%26url%3dhttp%253A%252F%252Fwww.thefeed2all.eu%252Ftype%252Frugby.html%26cfg%3dfirstrowsports.eu.links.cfg%26definedIn%3dlivesports%252Ffirstrowsports.eu.cfg%26director%3dFirstRowSports.eu%26genre%3dLive%2bSports%26type%3drss%26icon%3d%252Fhome%252Fosmc%252F.kodi%252Faddons%252Fplugin.video.SportsDevil%252Fresources%252Fimages%252Fsports%252FRugby.png&amp;mode=1&amp;sf_options=fanart%3Dspecial%3A%2F%2Fhome%2Faddons%2Fplugin.video.SportsDevil%2Ffanart.jpg%26_options_sf&quot;,return)</favourite>
	<favourite name="Aussie Rules" thumb="special://home/addons/plugin.video.SportsDevil/resources/images/sports/Rugby.png">ActivateWindow(10025,&quot;plugin://plugin.video.SportsDevil/?item=title%3dAussie%2bRules%26url%3dhttp%253A%252F%252Fwww.thefeed2all.eu%252Ftype%252Faussie-rules.html%26cfg%3dfirstrowsports.eu.links.cfg%26definedIn%3dlivesports%252Ffirstrowsports.eu.cfg%26director%3dFirstRowSports.eu%26genre%3dLive%2bSports%26type%3drss%26icon%3d%252Fhome%252Fosmc%252F.kodi%252Faddons%252Fplugin.video.SportsDevil%252Fresources%252Fimages%252Fsports%252FRugby.png&amp;mode=1&amp;sf_options=fanart%3Dspecial%3A%2F%2Fhome%2Faddons%2Fplugin.video.SportsDevil%2Ffanart.jpg%26_options_sf&quot;,return)</favourite>
	<favourite name="Rugby" thumb="special://home/addons/plugin.video.SportsDevil/resources/images/sports/Rugby.png">ActivateWindow(10025,&quot;plugin://plugin.video.SportsDevil/?item=title%3dRugby%26url%3dhttp%253A%252F%252Ffirstrowsports.ge%252Findex.php%253Fgame%253Drugby%26cfg%3dfirstrowsports.ge.links.cfg%26definedIn%3dlivesports%252Ffirstrowsports.ge.cfg%26director%3dFirstRowSports.ge%26genre%3dLive%2bSports%26type%3drss%26icon%3d%252Fhome%252Fosmc%252F.kodi%252Faddons%252Fplugin.video.SportsDevil%252Fresources%252Fimages%252Fsports%252FRugby.png&amp;mode=1&amp;sf_options=fanart%3Dspecial%3A%2F%2Fhome%2Faddons%2Fplugin.video.SportsDevil%2Ffanart.jpg%26_options_sf&quot;,return)</favourite>
	<favourite name="Rugby" thumb="special://home/addons/plugin.video.SportsDevil/resources/images/sports/Rugby.png">ActivateWindow(10025,&quot;plugin://plugin.video.SportsDevil/?item=title%3dRugby%26url%3dhttp%253A%252F%252Fwww.vipleague.is%252Fsports%252Frugby.html%26cfg%3dvipbox.tv.events.cfg%26definedIn%3dlivesports%252Fvipbox.tv.cfg%26director%3dVipBox.tv%26genre%3dLive%2bSports%26type%3drss%26icon%3d%252Fhome%252Fosmc%252F.kodi%252Faddons%252Fplugin.video.SportsDevil%252Fresources%252Fimages%252Fsports%252FRugby.png&amp;mode=1&amp;sf_options=fanart%3Dspecial%3A%2F%2Fhome%2Faddons%2Fplugin.video.SportsDevil%2Ffanart.jpg%26_options_sf&quot;,return)</favourite>
	<favourite name="Rugby" thumb="special://home/addons/plugin.video.SportsDevil/resources/images/vipbox.png">ActivateWindow(10025,&quot;plugin://plugin.video.SportsDevil/?item=title.tmp%3dRugby%26title%3dRugby%26url%3dhttp%253A%252F%252Fwww.vipleague.is%252Fsports%252Frugby.html%26cfg%3dvipbox.tv.events.cfg%2540Rugby%26definedIn%3dvipbox.tv.cfg%26director%3dVipBox.tv%26referer%3dhttp%253A%252F%252Fwww.vipleague.is%26genre%3dLive%2bSports%26type%3drss%26icon%3d%252Fhome%252Fosmc%252F.kodi%252Faddons%252Fplugin.video.SportsDevil%252Fresources%252Fimages%252Fvipbox.png&amp;mode=1&amp;sf_options=fanart%3Dspecial%3A%2F%2Fhome%2Faddons%2Fplugin.video.SportsDevil%2Ffanart.jpg%26_options_sf&quot;,return)</favourite>
	<favourite name="Afl" thumb="special://home/addons/plugin.video.SportsDevil/resources/images/vipbox.png">ActivateWindow(10025,&quot;plugin://plugin.video.SportsDevil/?item=title.tmp%3dAFL%26title%3dAfl%26url%3dhttp%253A%252F%252Fwww.vipleague.is%252Fsports%252Faussie-rules.html%26cfg%3dvipbox.tv.events.cfg%2540AFL%26definedIn%3dvipbox.tv.cfg%26director%3dVipBox.tv%26referer%3dhttp%253A%252F%252Fwww.vipleague.is%26genre%3dLive%2bSports%26type%3drss%26icon%3d%252Fhome%252Fosmc%252F.kodi%252Faddons%252Fplugin.video.SportsDevil%252Fresources%252Fimages%252Fvipbox.png&amp;mode=1&amp;sf_options=fanart%3Dspecial%3A%2F%2Fhome%2Faddons%2Fplugin.video.SportsDevil%2Ffanart.jpg%26_options_sf&quot;,return)</favourite>
	<favourite name="[COLOR lime]Rugby LIVE matches[/COLOR] " thumb="http://icons.iconarchive.com/icons/afterglow/new-zealand/128/Rugby-Ball-icon.png">ActivateWindow(10025,&quot;plugin://plugin.video.3amigos/?fanart=http%3a%2f%2fs17.postimg.org%2fm8kwyrwov%2fimage.jpg&amp;mode=53&amp;name=%5bCOLOR%20lime%5dRugby%20LIVE%20matches%5b%2fCOLOR%5d%20&amp;url=plugin%3a%2f%2fplugin.video.SportsDevil%2f%3fitem%3dtitle%253dRugby%2526url%253dhttp%25253A%25252F%25252Fwww.vipleague.is%25252Fsports%25252Frugby.html%2526cfg%253dvipbox.tv.events.cfg%2526definedIn%253dlivesports%25252Fvipbox.tv.cfg%2526director%253dVipBox.tv%2526genre%253dLive%252bSports%2526type%253drss%2526icon%253dC%25253A%25255CUsers%25255CUser%25255CAppData%25255CRoaming%25255CKodi%25255Caddons%25255Cplugin.video.SportsDevil%25255Cresources%25255Cimages%25255Csports%25252FRugby.png%26mode%3d1&amp;sf_options=fanart%3Dhttp%3A%2F%2Fs17.postimg.org%2Fm8kwyrwov%2Fimage.jpg%26_options_sf&quot;,return)</favourite>
	<favourite name="AFL Video" thumb="special://home/addons/plugin.video.afl-video/icon.png">ActivateWindow(10025,&quot;plugin://plugin.video.afl-video?sf_options=fanart%3Dspecial%3A%2F%2Fhome%2Faddons%2Fplugin.video.afl-video%2Ffanart.jpg%26desc%3DWatch+the+latest+AFL+replays.+Club+video%2FMatch+reports+are+unavailable+for+now.%26_options_sf&quot;,return)</favourite>
</favourites>