<favourites>
	<favourite name="Mini-series" thumb="special://home/addons/plugin.video.tvmix/resources/art/Mini-series.png">ActivateWindow(10025,&quot;plugin://plugin.video.tvmix/?description&amp;iconimage=%2fhome%2fosmc%2f.kodi%2faddons%2fplugin.video.tvmix%2fresources%2fart%2fMini-series.png&amp;mode=8&amp;name=Mini-series&amp;url=http%3a%2f%2fwww.watchepisodes1.com%2fhome%2fseries%3fgenres%3dmini-series&amp;sf_options=fanart%3Dspecial%3A%2F%2Fhome%2Faddons%2Fplugin.video.tvmix%2Ffanart.jpg%26_options_sf&quot;,return)</favourite>
	<favourite name="Short" thumb="special://home/addons/plugin.video.teevee/resources/icons/new/Genre.png">ActivateWindow(10025,&quot;plugin://plugin.video.teevee/?letter=http%3a%2f%2ftvonline.tw%2fgenres%2fshort%2f&amp;mode=open_letter&amp;page=1&quot;,return)</favourite>
	<favourite name="Short" thumb=".">ActivateWindow(10025,&quot;plugin://plugin.video.movie4k/?action=tvshows_all&amp;extra&amp;page&amp;plot&amp;thumbnail=.&amp;title=Short&amp;url=http%3a%2f%2fwww.movie4k.to%2ftvshows-genre-55-Short.html&amp;sf_options=fanart%3Dspecial%3A%2F%2Fhome%2Faddons%2Fplugin.video.movie4k%2Ffanart.jpg%26_options_sf&quot;,return)</favourite>
	<favourite name="Short" thumb="special://home/addons/script.1channel.themepak/art/themes/Classic/short.jpg">ActivateWindow(10025,&quot;plugin://plugin.video.1channel/?genre=Short&amp;mode=GetFilteredResults&amp;section=tv&amp;sort=date&amp;sf_options=fanart%3Dspecial%3A%2F%2Fhome%2Faddons%2Fscript.1channel.themepak%2Fart%2Fthemes%2FClassic%2Ffanart.png%26_options_sf&quot;,return)</favourite>
	<favourite name="Short" thumb="special://home/addons/plugin.video.tvonlineER/icons/icon.png">ActivateWindow(10025,&quot;plugin://plugin.video.tvonlineER/?listitem=%3cxbmcgui.ListItem%20object%20at%200x5bac6608%3e&amp;mode=GetTitles&amp;text=Short&amp;url=http%3a%2f%2ftvonline.tw%2fgenres%2fshort%2f&amp;sf_options=fanart%3Dspecial%3A%2F%2Fhome%2Faddons%2Fplugin.video.tvonlineER%2Ficons%2Ffanart.jpg%26_options_sf&quot;,return)</favourite>
	<favourite name="[COLOR lightskyblue]short [/COLOR] &gt;&gt;" thumb="special://home/addons/plugin.video.ddlseriesER/icons/tv.png">ActivateWindow(10025,&quot;plugin://plugin.video.ddlseriesER/?mode=GetTitles4&amp;section=ALL&amp;url=http%3a%2f%2fwww.ddlseries.net%2f%2fgenre%2fshort%2f&amp;sf_options=fanart%3Dspecial%3A%2F%2Fhome%2Faddons%2Fplugin.video.ddlseriesER%2Ficons%2Ffanart.jpg%26_options_sf&quot;,return)</favourite>
</favourites>