<favourites>
	<favourite name="NBC" thumb="http://zerocast.tv/channels/img/nbc-tv.jpg">PlayMedia(&quot;plugin://plugin.video.castaway/?url=http%3A%2F%2Fwww.zerocast.tv%2Fchannels%2Fchan.php%3Fchan%3Dnbc%26width%3D600%26height%3D400&amp;play=True&amp;mode=play&amp;img=http%3A%2F%2Fzerocast.tv%2Fchannels%2Fimg%2Fnbc-tv.jpg&amp;title=NBC&amp;sf_options=fanart%3Dspecial%3A%2F%2Fhome%2Faddons%2Fplugin.video.castaway%2Ffanart.jpg%26winID%3D10025%26_options_sf&quot;)</favourite>
	<favourite name="NBC 4 New York" thumb="http://www.shadow-net.me/product_images/c/970/wnbc_nbc4_new_york__88786_thumb.jpg">PlayMedia(&quot;plugin://plugin.video.castaway/?url=http%3A%2F%2Fwww.shadow-net.me%2Fchannels%2FNBC-4-New-York.html&amp;play=True&amp;mode=play&amp;img=http%3A%2F%2Fwww.shadow-net.me%2Fproduct_images%2Fc%2F970%2Fwnbc_nbc4_new_york__88786_thumb.jpg&amp;title=NBC+4+New+York&amp;sf_options=fanart%3Dspecial%3A%2F%2Fhome%2Faddons%2Fplugin.video.castaway%2Ffanart.jpg%26winID%3D10025%26_options_sf&quot;)</favourite>
	<favourite name="NBC East" thumb="http://www.shadow-net.me/product_images/w/554/nbc__14605_thumb.gif">PlayMedia(&quot;plugin://plugin.video.castaway/?url=http%3A%2F%2Fwww.shadow-net.me%2Fchannels%2FNBC-East.html&amp;play=True&amp;mode=play&amp;img=http%3A%2F%2Fwww.shadow-net.me%2Fproduct_images%2Fw%2F554%2Fnbc__14605_thumb.gif&amp;title=NBC+East&amp;sf_options=fanart%3Dspecial%3A%2F%2Fhome%2Faddons%2Fplugin.video.castaway%2Ffanart.jpg%26winID%3D10025%26_options_sf&quot;)</favourite>
	<favourite name="NBC" thumb="special://home/addons/plugin.video.castaway/resources/media/ibrod.png">PlayMedia(&quot;plugin://plugin.video.castaway/?url=http%3A%2F%2Fwww.ibrod.tv%2Fnbc-tv-online.html&amp;play=True&amp;mode=play&amp;img=%2Fhome%2Fosmc%2F.kodi%2Faddons%2Fplugin.video.castaway%2Fresources%2Fmedia%2Fibrod.png&amp;title=NBC&amp;sf_options=fanart%3Dspecial%3A%2F%2Fhome%2Faddons%2Fplugin.video.castaway%2Ffanart.jpg%26winID%3D10025%26_options_sf&quot;)</favourite>
	<favourite name="NBC -" thumb="http://mc.ustvnow.com/gtv/1/live/viewposter?srsid=3621559&amp;cs=WGAL&amp;tid=EP">PlayMedia(&quot;plugin://plugin.video.ustvnow.tva/?name=NBC&amp;mode=play&amp;sf_options=fanart%3Dspecial%3A%2F%2Fhome%2Faddons%2Fplugin.video.ustvnow.tva%2Fresources%2Fimages%2Flogos%2FNBC.png%26winID%3D10025%26desc%3DFood+dyes+banned+in+other+countries+are+still+used+in+the+U.S.%3B+answers+to+food+questions.%26_options_sf&quot;)</favourite>
</favourites>