<favourites>
	<favourite name="Discovery US" thumb="http://www.shadow-net.me/product_images/k/583/discovery_us__51096_thumb.jpg">PlayMedia(&quot;plugin://plugin.video.castaway/?url=http%3A%2F%2Fwww.shadow-net.me%2Fchannels%2FDiscovery-US.html&amp;play=True&amp;mode=play&amp;img=http%3A%2F%2Fwww.shadow-net.me%2Fproduct_images%2Fk%2F583%2Fdiscovery_us__51096_thumb.jpg&amp;title=Discovery+US&amp;sf_options=fanart%3Dspecial%3A%2F%2Fhome%2Faddons%2Fplugin.video.castaway%2Ffanart.jpg%26winID%3D10025%26_options_sf&quot;)</favourite>
	<favourite name="- Discovery Channel ( 1 Channels) -" thumb="http://bbts-repo.weebly.com/files/theme/Logos/DOCUMENTARIES/BBTS_Discovery_Channel_Folder.png">ActivateWindow(10025,&quot;plugin://plugin.video.bbts/?folder=DOCUMENTARIES%2f-%20Discovery%20Channel%20(%201%20Channels)%20-&amp;sf_options=fanart%3Dhttp%3A%2F%2Fbbts-repo.weebly.com%2Ffiles%2Ftheme%2FLogos%2FFolders%2Fdocos.jpg%26_options_sf&quot;,return)</favourite>
	<favourite name="DISCOVERY UK" thumb="http://www.vectorsland.com/imgd/l22952-discovery-channel-eps-logo-29473.png">PlayMedia(&quot;plugin://plugin.video.streamengine/?url=http%3A%2F%2F62.210.248.96%3A11000%2Felenimelada%40gmail.com_uk%2Felenimelada%40gmail.com_uk%2F84.ch&amp;mode=2&amp;name=DISCOVERY+UK&amp;iconimage=http%3A%2F%2Fwww.vectorsland.com%2Fimgd%2Fl22952-discovery-channel-eps-logo-29473.png&amp;play=&amp;date=&amp;description=&amp;page=&amp;sf_options=fanart%3Dhttp%3A%2F%2Fi1295.photobucket.com%2Falbums%2Fb636%2Fbeatbox8501%2Fwallpaper_zpsopwvguho.jpg%26winID%3D10025%26_options_sf&quot;)</favourite>
	<favourite name="Discovery Channel (Documentary) (US) (English)" thumb="http://images2.fanpop.com/image/photos/12200000/Discovery-Channel-logos-discovery-channel-12245119-300-300.jpg">PlayMedia(&quot;plugin://plugin.video.ccloudtv/?url=http%3A%2F%2F167.114.102.27%2Flive%2Fv-lkpq9rQmrkNH4zWU_qeA%2F1456963477%2Fa490ae75a3ec2acf16c9f592e889eb4c.m3u8%7CUser-Agent%3DMozilla%252F5.0%2520%28Windows%2520NT%25206.1%253B%2520WOW64%29%2520AppleWebKit%252F537.36%2520%28KHTML%252C%2520like%2520Gecko%29%2520Chrome%252F47.0.2526.106%2520Safari%252F537.36&amp;mode=1&amp;name=Discovery+Channel+%28Documentary%29+%28US%29+%28English%29&amp;iconimage=http%3A%2F%2Fimages2.fanpop.com%2Fimage%2Fphotos%2F12200000%2FDiscovery-Channel-logos-discovery-channel-12245119-300-300.jpg&amp;sf_options=fanart%3Dhttp%3A%2F%2Fimages2.fanpop.com%2Fimage%2Fphotos%2F12200000%2FDiscovery-Channel-logos-discovery-channel-12245119-300-300.jpg%26winID%3D10025%26_options_sf&quot;)</favourite>
	<favourite name="Discovery Theater HD (Documentary) (US) (English)" thumb="https://encrypted-tbn2.gstatic.com/images?q=tbn:ANd9GcRimrEagvlJvrJ_E3VYqzIcS6ReYaHGHZt1hEyKEyfGwslP3VaFeIZIcA">PlayMedia(&quot;plugin://plugin.video.ccloudtv/?url=http%3A%2F%2F200.76.77.237%2FLIVE%2FH01%2FCANAL351%2FPROFILE05.m3u8%3F-1332%252F1499-20150816T153535.ts%3D-1&amp;mode=1&amp;name=Discovery+Theater+HD+%28Documentary%29+%28US%29+%28English%29&amp;iconimage=https%3A%2F%2Fencrypted-tbn2.gstatic.com%2Fimages%3Fq%3Dtbn%3AANd9GcRimrEagvlJvrJ_E3VYqzIcS6ReYaHGHZt1hEyKEyfGwslP3VaFeIZIcA&amp;sf_options=winID%3D10025%26_options_sf&quot;)</favourite>
	<favourite name="Discovery Channel (Top10) (US) (English)" thumb="http://images2.fanpop.com/image/photos/12200000/Discovery-Channel-logos-discovery-channel-12245119-300-300.jpg">PlayMedia(&quot;plugin://plugin.video.ccloudtv/?url=http%3A%2F%2F167.114.102.27%2Flive%2F6dAIh2wmCVrfl9fLJ0eFeQ%2F1456964142%2Fa490ae75a3ec2acf16c9f592e889eb4c.m3u8%7CUser-Agent%3DMozilla%252F5.0%2520%28Windows%2520NT%25206.1%253B%2520WOW64%29%2520AppleWebKit%252F537.36%2520%28KHTML%252C%2520like%2520Gecko%29%2520Chrome%252F47.0.2526.106%2520Safari%252F537.36&amp;mode=1&amp;name=Discovery+Channel+%28Top10%29+%28US%29+%28English%29&amp;iconimage=http%3A%2F%2Fimages2.fanpop.com%2Fimage%2Fphotos%2F12200000%2FDiscovery-Channel-logos-discovery-channel-12245119-300-300.jpg&amp;sf_options=fanart%3Dhttp%3A%2F%2Fimages2.fanpop.com%2Fimage%2Fphotos%2F12200000%2FDiscovery-Channel-logos-discovery-channel-12245119-300-300.jpg%26winID%3D10025%26_options_sf&quot;)</favourite>
	<favourite name="Discovery (HD)" thumb="http://snapshots.streamlive.to/snapshots/ishyd3sopok3p27_snapshot.jpg">PlayMedia(&quot;plugin://plugin.video.castaway/?url=http%3A%2F%2Fwww.streamlive.to%2Fview%2F69112%2FDiscovery_%2528HD%2529&amp;play=True&amp;mode=play&amp;img=http%3A%2F%2Fsnapshots.streamlive.to%2Fsnapshots%2Fishyd3sopok3p27_snapshot.jpg&amp;title=Discovery+%28HD%29&amp;sf_options=fanart%3Dspecial%3A%2F%2Fhome%2Faddons%2Fplugin.video.castaway%2Ffanart.jpg%26winID%3D10025%26_options_sf&quot;)</favourite>
</favourites>