<favourites>
	<favourite name="FOX" thumb="http://zerocast.tv/channels/img/fox-tv.jpg">PlayMedia(&quot;plugin://plugin.video.castaway/?url=http%3A%2F%2Fwww.zerocast.tv%2Fchannels%2Fchan.php%3Fchan%3Dfox%26width%3D600%26height%3D400&amp;play=True&amp;mode=play&amp;img=http%3A%2F%2Fzerocast.tv%2Fchannels%2Fimg%2Ffox-tv.jpg&amp;title=FOX&amp;sf_options=fanart%3Dspecial%3A%2F%2Fhome%2Faddons%2Fplugin.video.castaway%2Ffanart.jpg%26winID%3D10025%26_options_sf&quot;)</favourite>
	<favourite name="FOX 13 News Tampa Bay" thumb="">PlayMedia(&quot;plugin://plugin.video.castaway/?url=http%3A%2F%2Fwww.shadow-net.me%2Fchannels%2FFOX-13-News-Tampa-Bay.html&amp;play=True&amp;mode=play&amp;img=http%3A%2F%2Fwww.shadow-net.me%2Fproduct_images%2Fe%2F939%2FWTVT_Fox_13_logo__37207_thumb.png&amp;title=FOX+13+News+Tampa+Bay&amp;sf_options=fanart%3Dspecial%3A%2F%2Fhome%2Faddons%2Fplugin.video.castaway%2Ffanart.jpg%26winID%3D10025%26_options_sf&quot;)</favourite>
	<favourite name="FOX 2 St. Louis" thumb="">PlayMedia(&quot;plugin://plugin.video.castaway/?url=http%3A%2F%2Fwww.shadow-net.me%2Fchannels%2FFOX-2-St.-Louis.html&amp;play=True&amp;mode=play&amp;img=http%3A%2F%2Fwww.shadow-net.me%2Fproduct_images%2Fv%2F930%2FKTVI_2_logo__11697_thumb.png&amp;title=FOX+2+St.+Louis&amp;sf_options=fanart%3Dspecial%3A%2F%2Fhome%2Faddons%2Fplugin.video.castaway%2Ffanart.jpg%26winID%3D10025%26_options_sf&quot;)</favourite>
	<favourite name="Fox 5 Washington DC" thumb="">PlayMedia(&quot;plugin://plugin.video.castaway/?url=http%3A%2F%2Fwww.shadow-net.me%2Fchannels%2FFox-5-Washington-DC.html&amp;play=True&amp;mode=play&amp;img=http%3A%2F%2Fwww.shadow-net.me%2Fproduct_images%2Fx%2F136%2FWttg__90022_thumb.jpg&amp;title=Fox+5+Washington+DC&amp;sf_options=fanart%3Dspecial%3A%2F%2Fhome%2Faddons%2Fplugin.video.castaway%2Ffanart.jpg%26winID%3D10025%26_options_sf&quot;)</favourite>
	<favourite name="FOX" thumb="">PlayMedia(&quot;plugin://plugin.video.castaway/?url=http%3A%2F%2Fwww.ibrod.tv%2Ffox-tv-online.html&amp;play=True&amp;mode=play&amp;img=%2Fhome%2Fosmc%2F.kodi%2Faddons%2Fplugin.video.castaway%2Fresources%2Fmedia%2Fibrod.png&amp;title=FOX&amp;sf_options=fanart%3Dspecial%3A%2F%2Fhome%2Faddons%2Fplugin.video.castaway%2Ffanart.jpg%26winID%3D10025%26_options_sf&quot;)</favourite>
	<favourite name="FOX MOVIES HD" thumb="http://bbts-repo.weebly.com/files/theme/Logos/USA/BBTS_FOX.png">PlayMedia(&quot;http://200.76.77.237/LIVE/H01/CANAL417/PROFILE03.m3u8?supertvlat=%2F.ts&amp;sf_options=fanart%3Dhttp%3A%2F%2Fbbts-repo.weebly.com%2Ffiles%2Ftheme%2FLogos%2FFlags%2FUnited_States.jpg%26winID%3D10025%26_options_sf&quot;)</favourite>
	<favourite name="FOX" thumb="http://i.ytimg.com/vi/yE4Jxq-3SrM/hqdefault.jpg">PlayMedia(&quot;plugin://plugin.video.gul/?url=http%3A%2F%2F201.161.59.6%2Ffox.isml%2FQualityLevels%281828000%29%2Fmanifest%28format%3Dm3u8-aapl%29.m3u8%3F&amp;mode=3&amp;name=FOX&amp;iconimage=http%3A%2F%2Fi.ytimg.com%2Fvi%2FyE4Jxq-3SrM%2Fhqdefault.jpg&amp;description=&amp;sf_options=fanart%3Dhttp%3A%2F%2Fi.ytimg.com%2Fvi%2FyE4Jxq-3SrM%2Fhqdefault.jpg%26winID%3D10025%26_options_sf&quot;)</favourite>
	<favourite name="FOX -" thumb="http://mc.ustvnow.com/gtv/1/live/viewposter?srsid=3560360&amp;cs=WPMT&amp;tid=EP">PlayMedia(&quot;plugin://plugin.video.ustvnow.tva/?name=FOX&amp;mode=play&amp;sf_options=fanart%3Dspecial%3A%2F%2Fhome%2Faddons%2Fplugin.video.ustvnow.tva%2Fresources%2Fimages%2Flogos%2FFOX.png%26winID%3D10025%26desc%3DThings+go+awry+when+Jay+takes+Phil+out+to+fly+his+new+model+plane%3B+Gloria+takes+Alex+dress+shopping.%26_options_sf&quot;)</favourite>
</favourites>