<favourites>
	<favourite name="ESA Videos" thumb="special://home/addons/plugin.video.esa/icon.png">ActivateWindow(10025,&quot;plugin://plugin.video.esa?sf_options=fanart%3Dspecial%3A%2F%2Fhome%2Faddons%2Fplugin.video.esa%2Ffanart.jpg%26desc%3DThe+European+Space+Agency+%28ESA%29+is+Europe%E2%80%99s+gateway+to+space.+Its+mission+is+to+shape+the+development+of+Europe%E2%80%99s+space+capability+and+ensure+that+investment+in+space+continues+to+deliver+benefits+to+the+citizens+of+Europe+and+the+world.%5BCR%5DThis+plugin+allows+to+watch+directly+the+ESA+videos+from+your+XBMC.%5BCR%5DMore+than+1500+videos+are+available.%26_options_sf&quot;,return)</favourite>
	<favourite name="ESO Videos" thumb="special://home/addons/plugin.video.eso/icon.png">ActivateWindow(10025,&quot;plugin://plugin.video.eso?sf_options=fanart%3Dspecial%3A%2F%2Fhome%2Faddons%2Fplugin.video.eso%2Ffanart.jpg%26desc%3DESO%2C+the+European+Southern+Observatory%2C+is+the+foremost+intergovernmental+astronomy+organisation+in+Europe+and+the+world%27s+most+productive+astronomical+observatory.%5BCR%5DThis+plugin+allows+to+watch+directly+the+ESO+videos+from+your+XBMC.%5BCR%5DMore+than+2000+videos+are+available.%5BCR%5DDon%27t+forget+to+choose+your+preferred+subtitle+language+from+System%3D%3EAppearance%3D%3EInternational%3D%3EPreferred+Subtitle+language.%26_options_sf&quot;,return)</favourite>
	<favourite name="EarthCam" thumb="special://home/addons/plugin.video.earthcam/icon.png">ActivateWindow(10025,&quot;plugin://plugin.video.earthcam?sf_options=fanart%3Dspecial%3A%2F%2Fhome%2Faddons%2Fplugin.video.earthcam%2Ffanart.jpg%26desc%3DEarthCam.com+is+the+premiere+network+of+scenic+webcams+and+offers+a+complete+database+of+interesting+places+and+views+from+around+the+world.+EarthCam.com+is+the+worlds+favorite+webcam+network+and+the+EarthCam+Network+cameras+have+been+seen+on+top+news+shows%2C+including+CNN+Headline+News.%26_options_sf&quot;,return)</favourite>
	<favourite name="Nasa" thumb="special://home/addons/plugin.video.nasa/icon.png">ActivateWindow(10025,&quot;plugin://plugin.video.nasa/?sf_options=desc%3DThis+video+plugin+provides+access+to+more+than+1800+videos%2C+8+vodcasts+and+4+nasa-tv+livestreams%5BCR%5DAll+content+is+dynamic+and+should+be+always+up+to+date.%26_options_sf&quot;,return)</favourite>
	<favourite name="[COLOR red]LIVE:[/COLOR] [COLOR blue]INTERNATIONAL SPACE STATION[/COLOR]" thumb="https://upload.wikimedia.org/wikipedia/commons/thumb/e/e5/NASA_logo.svg/580px-NASA_logo.svg.png">ActivateWindow(10025,&quot;plugin://plugin.video.phstreams/?action=ndmode&amp;audio=0&amp;content=0&amp;fanart=http%3a%2f%2fimg1.goodfon.su%2foriginal%2f1920x1080%2f7%2f52%2fking-queen-crown-poker.jpg&amp;image=https%3a%2f%2fupload.wikimedia.org%2fwikipedia%2fcommons%2fthumb%2fe%2fe5%2fNASA_logo.svg%2f580px-NASA_logo.svg.png&amp;name=%5bCOLOR%20red%5dLIVE%3a%5b%2fCOLOR%5d%20%5bCOLOR%20blue%5dINTERNATIONAL%20SPACE%20STATION%5b%2fCOLOR%5d&amp;tvshow=0&amp;url=http%3a%2f%2fgibraltar.watchkodi.com%2fCollections%2fSPACE.xml&amp;sf_options=fanart%3Dhttp%3A%2F%2Fimg1.goodfon.su%2Foriginal%2F1920x1080%2F7%2F52%2Fking-queen-crown-poker.jpg%26desc%3DDiscover+Great+Streaming+Playlists%21%26_options_sf&quot;,return)</favourite>
	<favourite name="Space Telescope" thumb="special://home/addons/plugin.video.spacetelescope/icon.png">ActivateWindow(10025,&quot;plugin://plugin.video.spacetelescope?sf_options=fanart%3Dspecial%3A%2F%2Fhome%2Faddons%2Fplugin.video.spacetelescope%2Ffanart.jpg%26desc%3DVideos+and+news+releases+from+the+Hubble+Space+Telescope+project%26_options_sf&quot;,return)</favourite>
	<favourite name="NASA TV" thumb="http://www.shadow-net.me/product_images/m/506/nasa_tv_us__35798_thumb.jpg">PlayMedia(&quot;plugin://plugin.video.castaway/?url=http%3A%2F%2Fwww.shadow-net.me%2Fchannels%2FNASA-TV.html&amp;play=True&amp;mode=play&amp;img=http%3A%2F%2Fwww.shadow-net.me%2Fproduct_images%2Fm%2F506%2Fnasa_tv_us__35798_thumb.jpg&amp;title=NASA+TV&amp;sf_options=fanart%3Dspecial%3A%2F%2Fhome%2Faddons%2Fplugin.video.castaway%2Ffanart.jpg%26winID%3D10025%26_options_sf&quot;)</favourite>
	<favourite name="- NASA TV (9 Channels) -" thumb="http://bbts-repo.weebly.com/files/theme/Logos/DOCUMENTARIES/BBTS_NASA.png">ActivateWindow(10025,&quot;plugin://plugin.video.bbts/?folder=DOCUMENTARIES%2f-%20NASA%20TV%20(9%20Channels)%20-&amp;sf_options=fanart%3Dhttp%3A%2F%2Fbbts-repo.weebly.com%2Ffiles%2Ftheme%2FLogos%2FFolders%2Fdocos.jpg%26_options_sf&quot;,return)</favourite>
	<favourite name="NASA HD" thumb="DUMMY">PlayMedia(&quot;plugin://plugin.video.streamengine/?url=http%3A%2F%2Fnasatv-lh.akamaihd.net%2Fi%2FNASA_101%40319270%2Fmaster.m3u8&amp;mode=2&amp;name=NASA+HD+&amp;iconimage=DUMMY&amp;play=&amp;date=&amp;description=&amp;page=&amp;sf_options=fanart%3Dhttp%3A%2F%2Fi1295.photobucket.com%2Falbums%2Fb636%2Fbeatbox8501%2Fwallpaper_zpsopwvguho.jpg%26winID%3D10025%26_options_sf&quot;)</favourite>
	<favourite name="[COLOR white]SPACE[/COLOR]" thumb="http://i.ytimg.com/vi/3sjqmJMCFsg/hqdefault.jpg">ActivateWindow(10025,&quot;plugin://plugin.video.streamengine/?date&amp;description&amp;iconimage=http%3a%2f%2fi.ytimg.com%2fvi%2f3sjqmJMCFsg%2fhqdefault.jpg&amp;mode=7&amp;name=%5bCOLOR%20white%5dSPACE%5b%2fCOLOR%5d&amp;page&amp;play&amp;url=https%3a%2f%2fwww.youtube.com%2fresults%3ffilters%3dvideo%26search_query%3dspace%2bdocumentary%26lclk%3dvideo&amp;sf_options=fanart%3Dhttp%3A%2F%2Fi1295.photobucket.com%2Falbums%2Fb636%2Fbeatbox8501%2Fwallpaper_zpsopwvguho.jpg%26_options_sf&quot;,return)</favourite>
	<favourite name="Nasa TV (News) (US) (English)" thumb="http://t2.gstatic.com/images?q=tbn:ANd9GcQiZX_IWkWKbncEptBtHmWBAkKNmB7w1FoS4Asu9NOWLCq2GE-68jQYbg">PlayMedia(&quot;plugin://plugin.video.ccloudtv/?url=http%3A%2F%2Fnasatv-lh.akamaihd.net%2Fi%2FNASA_101%40319270%2Fmaster.m3u8&amp;mode=1&amp;name=Nasa+TV+%28News%29+%28US%29+%28English%29&amp;iconimage=http%3A%2F%2Ft2.gstatic.com%2Fimages%3Fq%3Dtbn%3AANd9GcQiZX_IWkWKbncEptBtHmWBAkKNmB7w1FoS4Asu9NOWLCq2GE-68jQYbg&amp;sf_options=winID%3D10025%26_options_sf&quot;)</favourite>
</favourites>