<favourites>
	<favourite name="[B]---===[COLOR red]FACE [/COLOR][COLOR blue]OFF[/COLOR]===---[/B]" thumb="http://www.getrealhockey.com/wp-content/uploads/2014/10/NHL-Teams.jpg">ActivateWindow(10025,&quot;plugin://plugin.video.NJMSoccer/?fanart&amp;mode=1&amp;name=%5bB%5d---%3d%3d%3d%5bCOLOR%20red%5dFACE%20%5b%2fCOLOR%5d%5bCOLOR%20blue%5dOFF%5b%2fCOLOR%5d%3d%3d%3d---%5b%2fB%5d&amp;url=http%3a%2f%2fnjmsoccer.kodistream.info%2fUSA_Sports%2frh_NHL.xml&quot;,return)</favourite>
	<favourite name="[COLOR=FF00FF00][ NHL GAMES ][/COLOR]" thumb="https://upload.wikimedia.org/wikipedia/de/thumb/1/19/Logo-NHL.svg/2000px-Logo-NHL.svg.png">ActivateWindow(10025,&quot;plugin://plugin.video.prosport/?away&amp;home&amp;mode=nhl&amp;url&quot;,return)</favourite>
	<favourite name="NHL" thumb="special://home/addons/plugin.video.phstreams/resources/media/phstreams/hockey.jpg">ActivateWindow(10025,&quot;plugin://plugin.video.phstreams/?action=nhlDirectory&amp;sf_options=fanart%3Dspecial%3A%2F%2Fhome%2Faddons%2Fplugin.video.phstreams%2Ffanart.jpg%26_options_sf&quot;,return)</favourite>
	<favourite name="Ice Hockey" thumb="special://home/addons/plugin.video.gorillastreams/resources/images/sports/Ice Hockey.png">ActivateWindow(10025,&quot;plugin://plugin.video.gorillastreams/?item=title%3dIce%2bHockey%26url%3dhttp%253A%252F%252Fwww.stopstream.tv%252F3-hockey.html%26cfg%3dstopstream.com.events.cfg%26definedIn%3dcustoms%252Fstopstream.com.cfg%26director%3dGorilla%2bStreams%26genre%3dLive%2bTV%26type%3drss%26icon%3d%252Fhome%252Fosmc%252F.kodi%252Faddons%252Fplugin.video.gorillastreams%252Fresources%252Fimages%252Fsports%252FIce%2bHockey.png&amp;mode=1&amp;sf_options=fanart%3Dspecial%3A%2F%2Fhome%2Faddons%2Fplugin.video.gorillastreams%2Ffanart.jpg%26_options_sf&quot;,return)</favourite>
	<favourite name="Hockey" thumb="special://home/addons/plugin.video.castaway/resources/media/icons/hockey.png">ActivateWindow(10025,&quot;plugin://plugin.video.castaway/?mode=open_sport_cat&amp;site=vipbox&amp;url=http%3a%2f%2fwww.vipleague.me%2fsports%2fice-hockey.html&amp;sf_options=fanart%3Dspecial%3A%2F%2Fhome%2Faddons%2Fplugin.video.castaway%2Ffanart.jpg%26_options_sf&quot;,return)</favourite>
	<favourite name="Ice Hockey" thumb="special://home/addons/plugin.video.castaway/resources/media/icons/hockey.png">ActivateWindow(10025,&quot;plugin://plugin.video.castaway/?mode=open_sport_cat&amp;site=dimsport&amp;url=http%3a%2f%2fidimsports.eu%2fice-hockey.html&amp;sf_options=fanart%3Dspecial%3A%2F%2Fhome%2Faddons%2Fplugin.video.castaway%2Ffanart.jpg%26_options_sf&quot;,return)</favourite>
	<favourite name="Ice Hockey" thumb="special://home/addons/plugin.video.castaway/resources/media/icons/hockey.png">ActivateWindow(10025,&quot;plugin://plugin.video.castaway/?mode=open_sport_cat&amp;site=stream2watch&amp;url=http%3a%2f%2fwww.stream2watch.co%2fsports%2fhockey&amp;sf_options=fanart%3Dspecial%3A%2F%2Fhome%2Faddons%2Fplugin.video.castaway%2Ffanart.jpg%26_options_sf&quot;,return)</favourite>
	<favourite name="Ice Hockey" thumb="special://home/addons/plugin.video.SportsDevil/resources/images/sports/Ice Hockey.png">ActivateWindow(10025,&quot;plugin://plugin.video.SportsDevil/?item=title%3dIce%2bHockey%26url%3dhttp%253A%252F%252Fwww.idimsports.eu%252Fice-hockey.html%26cfg%3ddimsports.eu.links.cfg%26definedIn%3dlivesports%252Fdimsports.eu.cfg%26director%3ddimsports.eu%26genre%3dLive%2bSports%26type%3drss%26icon%3d%252Fhome%252Fosmc%252F.kodi%252Faddons%252Fplugin.video.SportsDevil%252Fresources%252Fimages%252Fsports%252FIce%2bHockey.png&amp;mode=1&amp;sf_options=fanart%3Dspecial%3A%2F%2Fhome%2Faddons%2Fplugin.video.SportsDevil%2Ffanart.jpg%26_options_sf&quot;,return)</favourite>
	<favourite name="Ice Hockey" thumb="special://home/addons/plugin.video.SportsDevil/resources/images/sports/Ice Hockey.png">ActivateWindow(10025,&quot;plugin://plugin.video.SportsDevil/?item=title%3dIce%2bHockey%26url%3dhttp%253A%252F%252Fwww.thefeed2all.eu%252Ftype%252Fice-hockey.html%26cfg%3dfirstrowsports.eu.links.cfg%26definedIn%3dlivesports%252Ffirstrowsports.eu.cfg%26director%3dFirstRowSports.eu%26genre%3dLive%2bSports%26type%3drss%26icon%3d%252Fhome%252Fosmc%252F.kodi%252Faddons%252Fplugin.video.SportsDevil%252Fresources%252Fimages%252Fsports%252FIce%2bHockey.png&amp;mode=1&amp;sf_options=fanart%3Dspecial%3A%2F%2Fhome%2Faddons%2Fplugin.video.SportsDevil%2Ffanart.jpg%26_options_sf&quot;,return)</favourite>
	<favourite name="Ice Hockey" thumb="special://home/addons/plugin.video.SportsDevil/resources/images/sports/Ice Hockey.png">ActivateWindow(10025,&quot;plugin://plugin.video.SportsDevil/?item=title%3dIce%2bHockey%26url%3dhttp%253A%252F%252Ffirstrowsports.ge%252Findex.php%253Fgame%253Dice-hockey%26cfg%3dfirstrowsports.eu.links.cfg%26definedIn%3dlivesports%252Ffirstrowsports.ge.cfg%26director%3dFirstRowSports.ge%26genre%3dLive%2bSports%26type%3drss%26icon%3d%252Fhome%252Fosmc%252F.kodi%252Faddons%252Fplugin.video.SportsDevil%252Fresources%252Fimages%252Fsports%252FIce%2bHockey.png&amp;mode=1&amp;sf_options=fanart%3Dspecial%3A%2F%2Fhome%2Faddons%2Fplugin.video.SportsDevil%2Ffanart.jpg%26_options_sf&quot;,return)</favourite>
	<favourite name="Ice Hockey (10)" thumb="special://home/addons/plugin.video.SportsDevil/resources/images/sports/Ice Hockey.png">ActivateWindow(10025,&quot;plugin://plugin.video.SportsDevil/?item=count.tmp%3d10%26title.tmp%3dIce%2bHockey%26ticon.tmp%3dhttp%253A%252F%252Fcdn.livetvcdn.net%252Fimg%252Fsport%252F2.gif%26url%3dhttp%253A%252F%252Flivetv102.net%252Fen%252Fallupcomingsports%252F2%252F%26cfg%3dlivetv.ru.videos.cfg%2540CATEGORY%25402%26definedIn%3dlivesports%252Flivetv.ru.cfg%26director%3dLiveTV.ru%26id.tmp%3d2%26referer%3dhttp%253A%252F%252Flivetv102.net%252Fen%252Fallupcoming%26genre%3dLive%2bSports%26title%3dIce%2bHockey%2b%252810%2529%26icon.tmp%3d%252Fhome%252Fosmc%252F.kodi%252Faddons%252Fplugin.video.SportsDevil%252Fresources%252Fimages%252Fsports%252FIce%2bHockey.png%26type%3drss%26icon%3d%252Fhome%252Fosmc%252F.kodi%252Faddons%252Fplugin.video.SportsDevil%252Fresources%252Fimages%252Fsports%252FIce%2bHockey.png&amp;mode=1&amp;sf_options=fanart%3Dspecial%3A%2F%2Fhome%2Faddons%2Fplugin.video.SportsDevil%2Ffanart.jpg%26_options_sf&quot;,return)</favourite>
	<favourite name="Ice Hockey" thumb="special://home/addons/plugin.video.SportsDevil/resources/images/sports/Ice Hockey.png">ActivateWindow(10025,&quot;plugin://plugin.video.SportsDevil/?item=title%3dIce%2bHockey%26url%3dhttp%253A%252F%252Fwww.stopstream.me%252F3-hockey.html%26cfg%3dstopstream.com.events.cfg%26definedIn%3dlivesports%252Fstopstream.com.cfg%26director%3dstopstream.com%26genre%3dLive%2bSports%26type%3drss%26icon%3d%252Fhome%252Fosmc%252F.kodi%252Faddons%252Fplugin.video.SportsDevil%252Fresources%252Fimages%252Fsports%252FIce%2bHockey.png&amp;mode=1&amp;sf_options=fanart%3Dspecial%3A%2F%2Fhome%2Faddons%2Fplugin.video.SportsDevil%2Ffanart.jpg%26_options_sf&quot;,return)</favourite>
	<favourite name="Ice Hockey" thumb="special://home/addons/plugin.video.SportsDevil/resources/images/sports/Ice Hockey.png">ActivateWindow(10025,&quot;plugin://plugin.video.SportsDevil/?item=title%3dIce%2bHockey%26url%3dhttp%253A%252F%252Fwww.vipleague.is%252Fsports%252Fice-hockey.html%26cfg%3dvipbox.tv.events.cfg%26definedIn%3dlivesports%252Fvipbox.tv.cfg%26director%3dVipBox.tv%26genre%3dLive%2bSports%26type%3drss%26icon%3d%252Fhome%252Fosmc%252F.kodi%252Faddons%252Fplugin.video.SportsDevil%252Fresources%252Fimages%252Fsports%252FIce%2bHockey.png&amp;mode=1&amp;sf_options=fanart%3Dspecial%3A%2F%2Fhome%2Faddons%2Fplugin.video.SportsDevil%2Ffanart.jpg%26_options_sf&quot;,return)</favourite>
	<favourite name="Hockey" thumb="special://home/addons/plugin.video.SportsDevil/resources/images/vipbox.png">ActivateWindow(10025,&quot;plugin://plugin.video.SportsDevil/?item=title.tmp%3dHockey%26title%3dHockey%26url%3dhttp%253A%252F%252Fwww.vipleague.is%252Fsports%252Fice-hockey.html%26cfg%3dvipbox.tv.events.cfg%2540Hockey%26definedIn%3dvipbox.tv.cfg%26director%3dVipBox.tv%26referer%3dhttp%253A%252F%252Fwww.vipleague.is%26genre%3dLive%2bSports%26type%3drss%26icon%3d%252Fhome%252Fosmc%252F.kodi%252Faddons%252Fplugin.video.SportsDevil%252Fresources%252Fimages%252Fvipbox.png&amp;mode=1&amp;sf_options=fanart%3Dspecial%3A%2F%2Fhome%2Faddons%2Fplugin.video.SportsDevil%2Ffanart.jpg%26_options_sf&quot;,return)</favourite>
	<favourite name="[COLOR lime]ICE HOCKEY LIVE  [/COLOR]" thumb="http://icons.iconarchive.com/icons/sportsbettingspot/winter-olympics/128/ice-hockey-icon.png">ActivateWindow(10025,&quot;plugin://plugin.video.3amigos/?fanart=http%3a%2f%2fs17.postimg.org%2fm8kwyrwov%2fimage.jpg&amp;mode=53&amp;name=%5bCOLOR%20lime%5dICE%20HOCKEY%20LIVE%20%20%5b%2fCOLOR%5d&amp;url=plugin%3a%2f%2fplugin.video.SportsDevil%2f%3fitem%3dtitle%253dIce%252bHockey%2526url%253dhttp%25253A%25252F%25252Fwww.thefeed2all.eu%25252Ftype%25252Fice-hockey.html%2526cfg%253dfirstrowsports.eu.links.cfg%2526definedIn%253dlivesports%25252Ffirstrowsports.eu.cfg%2526director%253dFirstRowSports.eu%2526genre%253dLive%252bSports%2526type%253drss%2526icon%253dC%25253A%25255CUsers%25255CDaffys%25255CAppData%25255CRoaming%25255CKodi%25255Caddons%25255Cplugin.video.SportsDevil%25255Cresources%25255Cimages%25255Csports%25252FIce%252bHockey.png%26mode%3d1&amp;sf_options=fanart%3Dhttp%3A%2F%2Fs17.postimg.org%2Fm8kwyrwov%2Fimage.jpg%26_options_sf&quot;,return)</favourite>
</favourites>