<favourites>
	<favourite name="Animal Planet US" thumb="http://www.shadow-net.me/product_images/z/026/Animal_Planet_logo_%28black_and_green%29__59139_thumb.png">PlayMedia(&quot;plugin://plugin.video.castaway/?url=http%3A%2F%2Fwww.shadow-net.me%2Fchannels%2FAnimal-Planet-US.html&amp;play=True&amp;mode=play&amp;img=http%3A%2F%2Fwww.shadow-net.me%2Fproduct_images%2Fz%2F026%2FAnimal_Planet_logo_%2528black_and_green%2529__59139_thumb.png&amp;title=Animal+Planet+US&amp;sf_options=fanart%3Dspecial%3A%2F%2Fhome%2Faddons%2Fplugin.video.castaway%2Ffanart.jpg%26winID%3D10025%26_options_sf&quot;)</favourite>
	<favourite name="Animal Planet" thumb="special://home/addons/plugin.video.castaway/resources/media/tvone1.png">ActivateWindow(10025,&quot;plugin://plugin.video.castaway/?img=%2fhome%2fosmc%2f.kodi%2faddons%2fplugin.video.castaway%2fresources%2fmedia%2ftvone1.png&amp;mode=play_special&amp;site=tvone1&amp;title=Animal%20Planet&amp;url=http%3a%2f%2fwww.finecast.tv%2fembed4.php%3fu%3danimal%26vw%3d640%26vh%3d450%26referer%3dhttp%3a%2f%2fwww.247tvstream.com%2f&amp;sf_options=fanart%3Dspecial%3A%2F%2Fhome%2Faddons%2Fplugin.video.castaway%2Ffanart.jpg%26_options_sf&quot;,return)</favourite>
	<favourite name="- Animal Planet ( 1 Channels) -" thumb="http://bbts-repo.weebly.com/files/theme/Logos/DOCUMENTARIES/BBTS_Animal_Planet_Folder.png">ActivateWindow(10025,&quot;plugin://plugin.video.bbts/?folder=DOCUMENTARIES%2f-%20Animal%20Planet%20(%201%20Channels)%20-&amp;sf_options=fanart%3Dhttp%3A%2F%2Fbbts-repo.weebly.com%2Ffiles%2Ftheme%2FLogos%2FFolders%2Fdocos.jpg%26_options_sf&quot;,return)</favourite>
	<favourite name="ANIMAL PLANET" thumb="http://foromedios.com/uploads/gallery/album_2/gallery_1155_2_16953.png">PlayMedia(&quot;plugin://plugin.video.streamengine/?url=http%3A%2F%2Ftv-tikilive-hls-live.hls.adaptive.level3.net%2Fhls2%2F142.m3u8&amp;mode=2&amp;name=ANIMAL+PLANET&amp;iconimage=http%3A%2F%2Fforomedios.com%2Fuploads%2Fgallery%2Falbum_2%2Fgallery_1155_2_16953.png&amp;play=&amp;date=&amp;description=&amp;page=&amp;sf_options=fanart%3Dhttp%3A%2F%2Fi1295.photobucket.com%2Falbums%2Fb636%2Fbeatbox8501%2Fwallpaper_zpsopwvguho.jpg%26winID%3D10025%26_options_sf&quot;)</favourite>
</favourites>