<favourites>
	<favourite name="NBC Sports Live Extra" thumb="special://home/addons/plugin.video.nbcsnliveextra/icon.png">ActivateWindow(10025,&quot;plugin://plugin.video.nbcsnliveextra?sf_options=fanart%3Dspecial%3A%2F%2Fhome%2Faddons%2Fplugin.video.nbcsnliveextra%2Ffanart.jpg%26desc%3DNBC+Sports+Live+Extra+is+a+service+that+allows+you+to+watch+NBC+Sports+coverage+of+live+events+from+NBC+and+NBCSports+Network%26_options_sf&quot;,return)</favourite>
	<favourite name="[B]NBCSN[/B]" thumb="special://home/addons/plugin.video.castaway/resources/media/atdhe.jpg">PlayMedia(&quot;plugin://plugin.video.castaway/?url=http%3A%2F%2Fgoatd.net%2F39296%2Fwatch-nbcsn&amp;play=True&amp;mode=play&amp;img=%2Fhome%2Fosmc%2F.kodi%2Faddons%2Fplugin.video.castaway%2Fresources%2Fmedia%2Fatdhe.jpg&amp;title=%5BB%5DNBCSN%5B%2FB%5D&amp;sf_options=fanart%3Dspecial%3A%2F%2Fhome%2Faddons%2Fplugin.video.castaway%2Ffanart.jpg%26winID%3D10025%26_options_sf&quot;)</favourite>
	<favourite name="NBC Sports Netw." thumb="http://www.shadow-net.me/product_images/q/063/nbc_sports_network__66246_thumb.jpg">PlayMedia(&quot;plugin://plugin.video.castaway/?url=http%3A%2F%2Fwww.shadow-net.me%2Fchannels%2FNBC-Sports-Netw..html&amp;play=True&amp;mode=play&amp;img=http%3A%2F%2Fwww.shadow-net.me%2Fproduct_images%2Fq%2F063%2Fnbc_sports_network__66246_thumb.jpg&amp;title=NBC+Sports+Netw.&amp;sf_options=fanart%3Dspecial%3A%2F%2Fhome%2Faddons%2Fplugin.video.castaway%2Ffanart.jpg%26winID%3D10025%26_options_sf&quot;)</favourite>
	<favourite name="NBCSN" thumb="http://castalba.tv/images/channel.gif">PlayMedia(&quot;plugin://plugin.video.castaway/?url=http%3A%2F%2Fcastalba.tv%2Fchannel%2F27515&amp;play=True&amp;mode=play&amp;img=http%3A%2F%2Fcastalba.tv%2Fimages%2Fchannel.gif&amp;title=NBCSN&amp;sf_options=fanart%3Dspecial%3A%2F%2Fhome%2Faddons%2Fplugin.video.castaway%2Ffanart.jpg%26winID%3D10025%26_options_sf&quot;)</favourite>
	<favourite name="NBC Sport Network" thumb="">PlayMedia(&quot;plugin://plugin.video.castaway/?url=http%3A%2F%2Fwww.streamlive.to%2Fview%2F71137%2FNBC_Sport_Network&amp;play=True&amp;mode=play&amp;img=http%3A%2F%2Fsnapshots.streamlive.to%2Fsnapshots%2Ffwiiknwpnokjic9_snapshot.jpg&amp;title=NBC+Sport+Network&amp;sf_options=fanart%3Dspecial%3A%2F%2Fhome%2Faddons%2Fplugin.video.castaway%2Ffanart.jpg%26winID%3D10025%26_options_sf&quot;)</favourite>
	<favourite name="NBC Sport Networks (HD)" thumb="">PlayMedia(&quot;plugin://plugin.video.castaway/?url=http%3A%2F%2Fwww.streamlive.to%2Fview%2F64232%2FNBC_Sport_Networks_%2528HD%2529&amp;play=True&amp;mode=play&amp;img=http%3A%2F%2Fsnapshots.streamlive.to%2Fsnapshots%2F0fm1lstybe4a0j4_snapshot.jpg&amp;title=NBC+Sport+Networks+%28HD%29&amp;sf_options=fanart%3Dspecial%3A%2F%2Fhome%2Faddons%2Fplugin.video.castaway%2Ffanart.jpg%26winID%3D10025%26_options_sf&quot;)</favourite>
	<favourite name="NBC Sports Network" thumb="http://channelpear.com/images/media/1731.jpg">PlayMedia(&quot;plugin://plugin.video.channelpear/?url=http%3A%2F%2F54.177.79.231%2Fserver%2Fplay%2Fnbcsnxctg%2Fmaster.m3u8&amp;mode=12&amp;sf_options=winID%3D10025%26_options_sf&quot;)</favourite>
	<favourite name="NBCSN Backup" thumb="https://puckthemedia.files.wordpress.com/2011/08/nbcsn_a_reverse.jpg">PlayMedia(&quot;plugin://plugin.video.streamengine/?url=+http%3A%2F%2F37.48.83.131%3A1935%2Flive%2Fmasnbcsn.stream%2Fplaylist.m3u8%3Fwowzasessionid%3D1630536482%7CUser-Agent%3DMozilla%2F5.0+%28Windows+NT+6.1%29+AppleWebKit%2F537.36+%28KHTML%2C+like+Gecko%29+Chrome%2F45.0.2454.93+Safari%2F537.36&amp;mode=2&amp;name=NBCSN+Backup&amp;iconimage=https%3A%2F%2Fpuckthemedia.files.wordpress.com%2F2011%2F08%2Fnbcsn_a_reverse.jpg&amp;play=&amp;date=&amp;description=&amp;page=&amp;sf_options=fanart%3Dhttp%3A%2F%2Fi1295.photobucket.com%2Falbums%2Fb636%2Fbeatbox8501%2Fwallpaper_zpsopwvguho.jpg%26winID%3D10025%26_options_sf&quot;)</favourite>
	<favourite name="NBCSN HD" thumb="https://puckthemedia.files.wordpress.com/2011/08/nbcsn_a_reverse.jpg">PlayMedia(&quot;plugin://plugin.video.streamengine/?url=http%3A%2F%2Ftvenbcsn-i.Akamaihd.net%2Fhls%2Flive%2F218235%2Fnbcsnx%2F2596k%2Fprog.m3u8%7CX-Forwarded-For%3D13.107.25.55&amp;mode=2&amp;name=NBCSN+HD&amp;iconimage=https%3A%2F%2Fpuckthemedia.files.wordpress.com%2F2011%2F08%2Fnbcsn_a_reverse.jpg&amp;play=&amp;date=&amp;description=&amp;page=&amp;sf_options=fanart%3Dhttp%3A%2F%2Fi1295.photobucket.com%2Falbums%2Fb636%2Fbeatbox8501%2Fwallpaper_zpsopwvguho.jpg%26winID%3D10025%26_options_sf&quot;)</favourite>
	<favourite name="NBCSN" thumb="http://1.bp.blogspot.com/_h9hhsY9crXk/SYGhJrx3-XI/AAAAAAAAAAM/Rb4cL_EQqYw/s320/tv.gif">ActivateWindow(10025,&quot;plugin://plugin.video.SportsDevil/?item=catcher%3dstreams%26url.tmp%3d39296%252Fwatch-nbcsn%26title%3dNBCSN%26url%3dhttp%253A%252F%252Fgoatd.net%252F39296%252Fwatch-nbcsn%26videoTitle%3dNBCSN%26director%3dAtdheNet.tv%26genre%3dLive%2bSports%26referer%3dhttp%253A%252F%252Fgoatd.net%252F39296%252Fwatch-nbcsn%26definedIn%3dlivesports%252Fatdee.net.cfg%26type%3drss%26icon%3dhttp%253A%252F%252F1.bp.blogspot.com%252F_h9hhsY9crXk%252FSYGhJrx3-XI%252FAAAAAAAAAAM%252FRb4cL_EQqYw%252Fs320%252Ftv.gif&amp;mode=1&amp;sf_options=fanart%3Dspecial%3A%2F%2Fhome%2Faddons%2Fplugin.video.SportsDevil%2Ffanart.jpg%26_options_sf&quot;,return)</favourite>
	<favourite name="nbscn SportsUsa" thumb="http://crichd.tv/images/nbc.png">ActivateWindow(10025,&quot;plugin://plugin.video.SportsDevil/?item=catcher%3dstreams%26url.tmp%3dhttp%253A%252F%252Fwww.crichd.tv%252Fwatch%252F95279%252Fnbc-sports-live-streaming%252F%26title%3dnbscn%2bSportsUsa%26url%3dhttp%253A%252F%252Fwww.crichd.tv%252Fwatch%252F95279%252Fnbc-sports-live-streaming%252F%26videoTitle%3dnbscn%2bSportsUsa%26director%3dcrichd.tv%26genre%3dTV%26referer%3dhttp%253A%252F%252Fwww.crichd.tv%26definedIn%3dtv%252Fcrichd.tv.cfg%26icon.tmp%3d%252Fimages%252Fnbc.png%26type%3drss%26icon%3dhttp%253A%252F%252Fcrichd.tv%252Fimages%252Fnbc.png&amp;mode=1&amp;sf_options=fanart%3Dspecial%3A%2F%2Fhome%2Faddons%2Fplugin.video.SportsDevil%2Ffanart.jpg%26_options_sf&quot;,return)</favourite>
	<favourite name="NBCSN" thumb="http://hdfree.tv/images/channels/nbcsn.png|Referer=http://hdfree.tv/&amp;User-Agent=Mozilla/5.0 (Windows NT 6.3) AppleWebKit/537.36 (KHTML, like Gecko) Chrome/48.0.2564.97 Safari/537.36">ActivateWindow(10025,&quot;plugin://plugin.video.SportsDevil/?item=_img%3d%252Fimages%252Fchannels%252Fnbcsn.png%26catcher%3dstreams%26title%3dNBCSN%26url%3dhttp%253A%252F%252Fhdfree.tv%252Fnbc-sports-live-stream.html%26videoTitle%3dNBCSN%26director%3dHDFree.tv%26genre%3dTV%26referer%3dhttp%253A%252F%252Fhdfree.tv%252Ftvlogos.html%26definedIn%3dtv%252Fhdfree.tv.cfg%26type%3drss%26icon%3dhttp%253A%252F%252Fhdfree.tv%252Fimages%252Fchannels%252Fnbcsn.png%257CReferer%253Dhttp%253A%252F%252Fhdfree.tv%252F%2526User-Agent%253DMozilla%252F5.0%2b%2528Windows%2bNT%2b6.3%2529%2bAppleWebKit%252F537.36%2b%2528KHTML%252C%2blike%2bGecko%2529%2bChrome%252F48.0.2564.97%2bSafari%252F537.36&amp;mode=1&amp;sf_options=fanart%3Dspecial%3A%2F%2Fhome%2Faddons%2Fplugin.video.SportsDevil%2Ffanart.jpg%26_options_sf&quot;,return)</favourite>
	<favourite name="NBC Sport Network" thumb="http://snapshots.streamlive.to/snapshots/fwiiknwpnokjic9_snapshot.jpg|Referer=http://www.streamlive.to/&amp;User-Agent=Mozilla/5.0 (Windows NT 6.3) AppleWebKit/537.36 (KHTML, like Gecko) Chrome/48.0.2564.97 Safari/537.36">ActivateWindow(10025,&quot;plugin://plugin.video.SportsDevil/?item=catcher%3dstreams%26title%3dNBC%2bSport%2bNetwork%2b%26url%3dhttp%253A%252F%252Fwww.streamlive.to%252Fembed%252F71137%2526width%253D640%2526height%253D480%2526autoplay%253Dtrue%26videoTitle%3dNBC%2bSport%2bNetwork%2b%26director%3dilive.to-sports%26genre%3dTV%26referer%3dhttp%253A%252F%252Fwww.streamlive.to%252Fembed%252F71137%2526width%253D640%2526height%253D480%2526autoplay%253Dtrue%26definedIn%3dtv%252Filive.to-sports.cfg%26icon.tmp%3d%252F%252Fsnapshots.streamlive.to%252Fsnapshots%252Ffwiiknwpnokjic9_snapshot.jpg%26type%3drss%26icon%3dhttp%253A%252F%252Fsnapshots.streamlive.to%252Fsnapshots%252Ffwiiknwpnokjic9_snapshot.jpg%257CReferer%253Dhttp%253A%252F%252Fwww.streamlive.to%252F%2526User-Agent%253DMozilla%252F5.0%2b%2528Windows%2bNT%2b6.3%2529%2bAppleWebKit%252F537.36%2b%2528KHTML%252C%2blike%2bGecko%2529%2bChrome%252F48.0.2564.97%2bSafari%252F537.36&amp;mode=1&amp;sf_options=fanart%3Dspecial%3A%2F%2Fhome%2Faddons%2Fplugin.video.SportsDevil%2Ffanart.jpg%26_options_sf&quot;,return)</favourite>
	<favourite name="[COLOR FF11b500]Nbcsn v6[/COLOR]" thumb="http://i68.tinypic.com/15n4sqs_th.png">PlayMedia(&quot;plugin://plugin.video.ZemTV-shani/?url=ZGlyZWN0MjpodHRwOi8vODAuMjQzLjE4OS4yNjo4ODg5L3BpbnR2aGQvbmJjc24vaW5kZXgubTN1OA%3D%3D&amp;mode=11&amp;name=%5BCOLOR+FF11b500%5DNbcsn+v6%5B%2FCOLOR%5D&amp;sf_options=winID%3D10025%26_options_sf&quot;)</favourite>
	<favourite name="[COLOR FF11b500]Nbc sn v8[/COLOR]" thumb="http://planetill.com/wp-content/uploads/2009/12/nflnetworklogo.jpg">PlayMedia(&quot;plugin://plugin.video.ZemTV-shani/?url=ZGlyZWN0MjpodHRwOi8vODguMTUwLjE5OC4xMTQ6MTg1Ny9OQkNTTi9ORkwvaW5kZXgubTN1OD90b2tlbj1Zakk0TWpBeFlqRmhaREU0TVdOaFptTXpPR1kwTXpkak4ySmtOelptTTJZNk1UUTFOamsxTnpjeU1RPT0%3D&amp;mode=11&amp;name=%5BCOLOR+FF11b500%5DNbc+sn+v8%5B%2FCOLOR%5D&amp;sf_options=winID%3D10025%26_options_sf&quot;)</favourite>
	<favourite name="[COLOR FF11b500]Nbcsn uktv[/COLOR]" thumb="https://app.uktvnow.net/images/channel_imgs/200116020945nbcsn.png">PlayMedia(&quot;plugin://plugin.video.ZemTV-shani/?url=dWt0dm5vdzoxNjI%3D&amp;mode=11&amp;name=%5BCOLOR+FF11b500%5DNbcsn+uktv%5B%2FCOLOR%5D&amp;sf_options=winID%3D10025%26_options_sf&quot;)</favourite>
</favourites>