<favourites>
	<favourite name="New TV Shows exodus" thumb="special://home/addons/script.exodus.artwork/resources/media/exodus/new-tvshows.png">ActivateWindow(10025,&quot;plugin://plugin.video.exodus/?action=tvshows&amp;url=premiere&amp;sf_options=fanart%3Dspecial%3A%2F%2Fhome%2Faddons%2Fscript.exodus.artwork%2Fresources%2Fmedia%2Fexodus%2Ffanart.jpg%26_options_sf&quot;,return)</favourite>
	<favourite name="Premiere TV shows" thumb="DefaultFolder.png">ActivateWindow(10025,&quot;plugin://script.extendedinfo/?info=premiereshows&quot;,return)</favourite>
	<favourite name="[B][COLOR blue]Latest :[/COLOR] Episodes &amp; Seasons[/B]" thumb="special://home/addons/plugin.video.rlseriesER/icons/tv.png">ActivateWindow(10025,&quot;plugin://plugin.video.rlseriesER/?mode=GetTitles&amp;numOfPages=1&amp;section=ALL&amp;startPage=1&amp;url=http%3a%2f%2frlseries.com%2f%2f&amp;sf_options=fanart%3Dspecial%3A%2F%2Fhome%2Faddons%2Fplugin.video.rlseriesER%2Ficons%2Ffanart.jpg%26_options_sf&quot;,return)</favourite>
	<favourite name="New TV Shows specto" thumb="special://home/addons/plugin.video.specto/resources/media/gone/tvshows.jpg">ActivateWindow(10025,&quot;plugin://plugin.video.specto/?action=tvshows&amp;url=premiere&amp;sf_options=fanart%3Dspecial%3A%2F%2Fhome%2Faddons%2Fplugin.video.specto%2Fresources%2Fmedia%2Fgone%2Ffanart.jpg%26_options_sf&quot;,return)</favourite>
	<favourite name="Anticipated TV Shows" thumb="special://home/addons/script.salts.themepak/art/themes/Shine/anticipated.png">ActivateWindow(10025,&quot;plugin://plugin.video.salts/?mode=anticipated&amp;section=TV&amp;sf_options=fanart%3Dspecial%3A%2F%2Fhome%2Faddons%2Fplugin.video.salts%2Ffanart.jpg%26_options_sf&quot;,return)</favourite>
	<favourite name="Anticipated Shows" thumb="special://home/addons/plugin.video.theroyalwe/resources/artwork/trakt_anticipated.jpg">ActivateWindow(10025,&quot;plugin://plugin.video.theroyalwe/?mode=tv_anticipated&amp;sf_options=fanart%3Dspecial%3A%2F%2Fhome%2Faddons%2Fplugin.video.theroyalwe%2Ffanart.jpg%26_options_sf&quot;,return)</favourite>
	<favourite name="New Series" thumb="special://home/addons/plugin.video.tvmix/resources/art/new.png">ActivateWindow(10025,&quot;plugin://plugin.video.tvmix/?description&amp;iconimage=%2fhome%2fosmc%2f.kodi%2faddons%2fplugin.video.tvmix%2fresources%2fart%2fnew.png&amp;mode=3&amp;name=New%20Series&amp;url=http%3a%2f%2fwww.watchepisodes1.com%2fhome%2fnew-series&amp;sf_options=fanart%3Dspecial%3A%2F%2Fhome%2Faddons%2Fplugin.video.tvmix%2Ffanart.jpg%26_options_sf&quot;,return)</favourite>
	<favourite name="[COLOR gold]Anticipated TV Shows[/COLOR]" thumb="special://home/addons/plugin.video.velocity/resources/art/tv_antic.png">ActivateWindow(10025,&quot;plugin://plugin.video.velocity/?media&amp;mode=call_trakt_tv&amp;movie_title&amp;name=%5bCOLOR%20gold%5dAnticipated%20TV%20Shows%5b%2fCOLOR%5d&amp;thumb=%2fhome%2fosmc%2f.kodi%2faddons%2fplugin.video.velocity%2fresources%2fart%2ftv_antic.png&amp;trakt_id&amp;url=get_anticipated_tvshows&amp;sf_options=fanart%3Dspecial%3A%2F%2Fhome%2Faddons%2Fplugin.video.velocity%2Fresources%2Fart%2Ffanart.jpg%26_options_sf&quot;,return)</favourite>
</favourites>