<favourites>
	<favourite name="Handball" thumb="special://home/addons/plugin.video.castaway/resources/media/icons/handball.png">ActivateWindow(10025,&quot;plugin://plugin.video.castaway/?mode=open_sport_cat&amp;site=vipbox&amp;url=http%3a%2f%2fwww.vipleague.me%2fsports%2fhandball.html&amp;sf_options=fanart%3Dspecial%3A%2F%2Fhome%2Faddons%2Fplugin.video.castaway%2Ffanart.jpg%26_options_sf&quot;,return)</favourite>
	<favourite name="Handball" thumb="special://home/addons/plugin.video.SportsDevil/resources/images/sports/Handball.png">ActivateWindow(10025,&quot;plugin://plugin.video.SportsDevil/?item=title%3dHandball%26url%3dhttp%253A%252F%252Fwww.idimsports.eu%252Fhandball.html%26cfg%3ddimsports.eu.links.cfg%26definedIn%3dlivesports%252Fdimsports.eu.cfg%26director%3ddimsports.eu%26genre%3dLive%2bSports%26type%3drss%26icon%3d%252Fhome%252Fosmc%252F.kodi%252Faddons%252Fplugin.video.SportsDevil%252Fresources%252Fimages%252Fsports%252FHandball.png&amp;mode=1&amp;sf_options=fanart%3Dspecial%3A%2F%2Fhome%2Faddons%2Fplugin.video.SportsDevil%2Ffanart.jpg%26_options_sf&quot;,return)</favourite>
	<favourite name="Handball" thumb="special://home/addons/plugin.video.SportsDevil/resources/images/sports/Handball.png">ActivateWindow(10025,&quot;plugin://plugin.video.SportsDevil/?item=title%3dHandball%26url%3dhttp%253A%252F%252Fwww.thefeed2all.eu%252Ftype%252Fhandball.html%26cfg%3dfirstrowsports.eu.links.cfg%26definedIn%3dlivesports%252Ffirstrowsports.eu.cfg%26director%3dFirstRowSports.eu%26genre%3dLive%2bSports%26type%3drss%26icon%3d%252Fhome%252Fosmc%252F.kodi%252Faddons%252Fplugin.video.SportsDevil%252Fresources%252Fimages%252Fsports%252FHandball.png&amp;mode=1&amp;sf_options=fanart%3Dspecial%3A%2F%2Fhome%2Faddons%2Fplugin.video.SportsDevil%2Ffanart.jpg%26_options_sf&quot;,return)</favourite>
	<favourite name="Handball (8)" thumb="special://home/addons/plugin.video.SportsDevil/resources/images/sports/Handball.png">ActivateWindow(10025,&quot;plugin://plugin.video.SportsDevil/?item=count.tmp%3d8%26title.tmp%3dHandball%26ticon.tmp%3dhttp%253A%252F%252Fcdn.livetvcdn.net%252Fimg%252Fsport%252F13.gif%26url%3dhttp%253A%252F%252Flivetv102.net%252Fen%252Fallupcomingsports%252F13%252F%26cfg%3dlivetv.ru.videos.cfg%2540CATEGORY%254013%26definedIn%3dlivesports%252Flivetv.ru.cfg%26director%3dLiveTV.ru%26id.tmp%3d13%26referer%3dhttp%253A%252F%252Flivetv102.net%252Fen%252Fallupcoming%26genre%3dLive%2bSports%26title%3dHandball%2b%25288%2529%26icon.tmp%3d%252Fhome%252Fosmc%252F.kodi%252Faddons%252Fplugin.video.SportsDevil%252Fresources%252Fimages%252Fsports%252FHandball.png%26type%3drss%26icon%3d%252Fhome%252Fosmc%252F.kodi%252Faddons%252Fplugin.video.SportsDevil%252Fresources%252Fimages%252Fsports%252FHandball.png&amp;mode=1&amp;sf_options=fanart%3Dspecial%3A%2F%2Fhome%2Faddons%2Fplugin.video.SportsDevil%2Ffanart.jpg%26_options_sf&quot;,return)</favourite>
	<favourite name="Handball" thumb="special://home/addons/plugin.video.SportsDevil/resources/images/vipbox.png">ActivateWindow(10025,&quot;plugin://plugin.video.SportsDevil/?item=title.tmp%3dHandball%26title%3dHandball%26url%3dhttp%253A%252F%252Fwww.vipleague.is%252Fsports%252Fhandball.html%26cfg%3dvipbox.tv.events.cfg%2540Handball%26definedIn%3dvipbox.tv.cfg%26director%3dVipBox.tv%26referer%3dhttp%253A%252F%252Fwww.vipleague.is%26genre%3dLive%2bSports%26type%3drss%26icon%3d%252Fhome%252Fosmc%252F.kodi%252Faddons%252Fplugin.video.SportsDevil%252Fresources%252Fimages%252Fvipbox.png&amp;mode=1&amp;sf_options=fanart%3Dspecial%3A%2F%2Fhome%2Faddons%2Fplugin.video.SportsDevil%2Ffanart.jpg%26_options_sf&quot;,return)</favourite>
</favourites>