<favourites>
	<favourite name="NBA Live" thumb="http://bbts-repo.weebly.com/files/theme/Logos/SPORTS/BBTS_nba_tv.png">PlayMedia(&quot;http://208.92.36.158/ipad/live/nba_ipad_1240.m3u8|X-Forwarded-For=152.44.90.102?sf_options=fanart%3Dhttp%3A%2F%2Fbbts-repo.weebly.com%2Ffiles%2Ftheme%2FLogos%2FFolders%2Fsports.jpg%26winID%3D10025%26_options_sf&quot;)</favourite>
	<favourite name="Nba Network" thumb="special://home/addons/plugin.video.gorillastreams/resources/images/channels/Nba Network">ActivateWindow(10025,&quot;plugin://plugin.video.gorillastreams/?item=catcher%3dstreams%26title%3dNba%2bNetwork%26url%3dhttp%253A%252F%252Fcricfree.sx%252Fnba-network-live-stream%26videoTitle%3dNba%2bNetwork%26director%3dGorilla%2bStreams%26genre%3dLive%2bTV%26referer%3dhttp%253A%252F%252Fcricfree.sx%252Fnba-network-live-stream%26definedIn%3dtv%252Fcricfree.tv.cfg%26link%3dnba-network-live-stream%26type%3drss%26icon%3d%252Fhome%252Fosmc%252F.kodi%252Faddons%252Fplugin.video.gorillastreams%252Fresources%252Fimages%252Fchannels%252FNba%2bNetwork&amp;mode=1&amp;sf_options=fanart%3Dspecial%3A%2F%2Fhome%2Faddons%2Fplugin.video.gorillastreams%2Ffanart.jpg%26_options_sf&quot;,return)</favourite>
	<favourite name="[B]NBATV[/B]" thumb="special://home/addons/plugin.video.castaway/resources/media/atdhe.jpg">PlayMedia(&quot;plugin://plugin.video.castaway/?url=http%3A%2F%2Fgoatd.net%2F55838%2Fwatch-nbatv&amp;play=True&amp;mode=play&amp;img=%2Fhome%2Fosmc%2F.kodi%2Faddons%2Fplugin.video.castaway%2Fresources%2Fmedia%2Fatdhe.jpg&amp;title=%5BB%5DNBATV%5B%2FB%5D&amp;sf_options=fanart%3Dspecial%3A%2F%2Fhome%2Faddons%2Fplugin.video.castaway%2Ffanart.jpg%26winID%3D10025%26_options_sf&quot;)</favourite>
	<favourite name="NBA TV" thumb="http://www.shadow-net.me/product_images/u/073/nba_tv__20518_thumb.jpg">PlayMedia(&quot;plugin://plugin.video.castaway/?url=http%3A%2F%2Fwww.shadow-net.me%2Fchannels%2FNBA-TV.html&amp;play=True&amp;mode=play&amp;img=http%3A%2F%2Fwww.shadow-net.me%2Fproduct_images%2Fu%2F073%2Fnba_tv__20518_thumb.jpg&amp;title=NBA+TV&amp;sf_options=fanart%3Dspecial%3A%2F%2Fhome%2Faddons%2Fplugin.video.castaway%2Ffanart.jpg%26winID%3D10025%26_options_sf&quot;)</favourite>
	<favourite name="NBATV" thumb="http://4.bp.blogspot.com/_h9hhsY9crXk/SYIIponViKI/AAAAAAAAAAc/JVYM_hn9Uzo/s320/basketball.gif">ActivateWindow(10025,&quot;plugin://plugin.video.SportsDevil/?item=catcher%3dstreams%26url.tmp%3d55838%252Fwatch-nbatv%26title%3dNBATV%26url%3dhttp%253A%252F%252Fgoatd.net%252F55838%252Fwatch-nbatv%26videoTitle%3dNBATV%26director%3dAtdheNet.tv%26genre%3dLive%2bSports%26referer%3dhttp%253A%252F%252Fgoatd.net%252F55838%252Fwatch-nbatv%26definedIn%3dlivesports%252Fatdee.net.cfg%26type%3drss%26icon%3dhttp%253A%252F%252F4.bp.blogspot.com%252F_h9hhsY9crXk%252FSYIIponViKI%252FAAAAAAAAAAc%252FJVYM_hn9Uzo%252Fs320%252Fbasketball.gif&amp;mode=1&amp;sf_options=fanart%3Dspecial%3A%2F%2Fhome%2Faddons%2Fplugin.video.SportsDevil%2Ffanart.jpg%26_options_sf&quot;,return)</favourite>
	<favourite name="NBA TV" thumb="http://showsport-tv.com/images/nbatv.png">ActivateWindow(10025,&quot;plugin://plugin.video.SportsDevil/?item=title.tmp%3dNBA%2bTV%2blive%2bstream%26catcher%3dstreams%26url.tmp%3d%252Fwatch%252Fnba-tv-live-stream%26title%3dNBA%2bTV%26url%3dhttp%253A%252F%252Fshowsport-tv.com%252Fwatch%252Fnba-tv-live-stream%26videoTitle%3dNBA%2bTV%26director%3dshowsport-tv.com%26genre%3dTV%26referer%3dhttp%253A%252F%252Fshowsport-tv.com%26definedIn%3dtv%252Fshowsport-tv.com.cfg%26icon.tmp%3d%252Fimages%252Fnbatv.png%26type%3drss%26icon%3dhttp%253A%252F%252Fshowsport-tv.com%252Fimages%252Fnbatv.png&amp;mode=1&amp;sf_options=fanart%3Dspecial%3A%2F%2Fhome%2Faddons%2Fplugin.video.SportsDevil%2Ffanart.jpg%26_options_sf&quot;,return)</favourite>
	<favourite name="[COLOR FF11b500]Nba v8[/COLOR]" thumb="http://thumb1.shutterstock.com/display_pic_with_logo/436018/436018,1278418095,4/stock-photo-word-sports-d-56624578.jpg">PlayMedia(&quot;plugin://plugin.video.ZemTV-shani/?url=ZGlyZWN0MjpodHRwOi8vODguMTUwLjE5OC4xMTQ6MTg1Ny9OQkEvU3BvcnRzL2luZGV4Lm0zdTg%2FdG9rZW49TkRKa09EbGhOV0kxWTJJeU1XRTVNemt6TmpBNU5XSTNaV05pWkRJNVlXTTZNVFExTmprMU56Y3lNUT09&amp;mode=11&amp;name=%5BCOLOR+FF11b500%5DNba+v8%5B%2FCOLOR%5D&amp;sf_options=winID%3D10025%26_options_sf&quot;)</favourite>
	<favourite name="[COLOR FF11b500]Nba tv uktv[/COLOR]" thumb="https://app.uktvnow.net/images/channel_imgs/200116020842nba.png">PlayMedia(&quot;plugin://plugin.video.ZemTV-shani/?url=dWt0dm5vdzoxNTk%3D&amp;mode=11&amp;name=%5BCOLOR+FF11b500%5DNba+tv+uktv%5B%2FCOLOR%5D&amp;sf_options=winID%3D10025%26_options_sf&quot;)</favourite>
	<favourite name="Nba" thumb="DefaultFolder.png">PlayMedia(&quot;plugin://plugin.video.ZemTV-shani/?url=http%3A%2F%2Fcricfree.sx%2Fnba-network-live-stream&amp;mode=42&amp;name=Nba&amp;sf_options=winID%3D10025%26_options_sf&quot;)</favourite>
</favourites>