<favourites>
	<favourite name="Darts" thumb="special://home/addons/plugin.video.castaway/resources/media/icons/darts.png">ActivateWindow(10025,&quot;plugin://plugin.video.castaway/?mode=open_sport_cat&amp;site=vipbox&amp;url=http%3a%2f%2fwww.vipleague.me%2fsports%2fdarts.html&amp;sf_options=fanart%3Dspecial%3A%2F%2Fhome%2Faddons%2Fplugin.video.castaway%2Ffanart.jpg%26_options_sf&quot;,return)</favourite>
	<favourite name="Darts" thumb="special://home/addons/plugin.video.castaway/resources/media/icons/darts.png">ActivateWindow(10025,&quot;plugin://plugin.video.castaway/?mode=open_sport_cat&amp;site=stream2watch&amp;url=http%3a%2f%2fwww.stream2watch.co%2fsports%2fdarts&amp;sf_options=fanart%3Dspecial%3A%2F%2Fhome%2Faddons%2Fplugin.video.castaway%2Ffanart.jpg%26_options_sf&quot;,return)</favourite>
	<favourite name="Darts" thumb="special://home/addons/plugin.video.SportsDevil/resources/images/sports/Darts.png">ActivateWindow(10025,&quot;plugin://plugin.video.SportsDevil/?item=title%3dDarts%26url%3dhttp%253A%252F%252Fwww.idimsports.eu%252Fdarts.html%26cfg%3ddimsports.eu.links.cfg%26definedIn%3dlivesports%252Fdimsports.eu.cfg%26director%3ddimsports.eu%26genre%3dLive%2bSports%26type%3drss%26icon%3d%252Fhome%252Fosmc%252F.kodi%252Faddons%252Fplugin.video.SportsDevil%252Fresources%252Fimages%252Fsports%252FDarts.png&amp;mode=1&amp;sf_options=fanart%3Dspecial%3A%2F%2Fhome%2Faddons%2Fplugin.video.SportsDevil%2Ffanart.jpg%26_options_sf&quot;,return)</favourite>
	<favourite name="Darts" thumb="special://home/addons/plugin.video.SportsDevil/resources/images/sports/Darts.png">ActivateWindow(10025,&quot;plugin://plugin.video.SportsDevil/?item=title%3dDarts%26url%3dhttp%253A%252F%252Fwww.thefeed2all.eu%252Ftype%252Fdarts.html%26cfg%3dfirstrowsports.eu.links.cfg%26definedIn%3dlivesports%252Ffirstrowsports.eu.cfg%26director%3dFirstRowSports.eu%26genre%3dLive%2bSports%26type%3drss%26icon%3d%252Fhome%252Fosmc%252F.kodi%252Faddons%252Fplugin.video.SportsDevil%252Fresources%252Fimages%252Fsports%252FDarts.png&amp;mode=1&amp;sf_options=fanart%3Dspecial%3A%2F%2Fhome%2Faddons%2Fplugin.video.SportsDevil%2Ffanart.jpg%26_options_sf&quot;,return)</favourite>
	<favourite name="Darts" thumb="special://home/addons/plugin.video.SportsDevil/resources/images/sports/Darts.png">ActivateWindow(10025,&quot;plugin://plugin.video.SportsDevil/?item=title%3dDarts%26url%3dhttp%253A%252F%252Ffirstrowsports.ge%252Findex.php%253Fgame%253Ddarts%26cfg%3dfirstrowsports.ge.links.cfg%26definedIn%3dlivesports%252Ffirstrowsports.ge.cfg%26director%3dFirstRowSports.ge%26genre%3dLive%2bSports%26type%3drss%26icon%3d%252Fhome%252Fosmc%252F.kodi%252Faddons%252Fplugin.video.SportsDevil%252Fresources%252Fimages%252Fsports%252FDarts.png&amp;mode=1&amp;sf_options=fanart%3Dspecial%3A%2F%2Fhome%2Faddons%2Fplugin.video.SportsDevil%2Ffanart.jpg%26_options_sf&quot;,return)</favourite>
	<favourite name="Darts" thumb="special://home/addons/plugin.video.SportsDevil/resources/images/vipbox.png">ActivateWindow(10025,&quot;plugin://plugin.video.SportsDevil/?item=title.tmp%3dDarts%26title%3dDarts%26url%3dhttp%253A%252F%252Fwww.vipleague.is%252Fsports%252Fdarts.html%26cfg%3dvipbox.tv.events.cfg%2540Darts%26definedIn%3dvipbox.tv.cfg%26director%3dVipBox.tv%26referer%3dhttp%253A%252F%252Fwww.vipleague.is%26genre%3dLive%2bSports%26type%3drss%26icon%3d%252Fhome%252Fosmc%252F.kodi%252Faddons%252Fplugin.video.SportsDevil%252Fresources%252Fimages%252Fvipbox.png&amp;mode=1&amp;sf_options=fanart%3Dspecial%3A%2F%2Fhome%2Faddons%2Fplugin.video.SportsDevil%2Ffanart.jpg%26_options_sf&quot;,return)</favourite>
	<favourite name="Renegades Darts" thumb="special://home/addons/plugin.video.renegadesdarts/icon.png">ActivateWindow(10025,&quot;plugin://plugin.video.renegadesdarts?sf_options=fanart%3Dspecial%3A%2F%2Fhome%2Faddons%2Fplugin.video.renegadesdarts%2Ffanart.jpg%26desc%3DPDC+and+BDO+darts+on+YouTube%26_options_sf&quot;,return)</favourite>
</favourites>