<favourites>
	<favourite name="TV Calendar exodus" thumb="special://home/addons/script.exodus.artwork/resources/media/exodus/calendar.png">ActivateWindow(10025,&quot;plugin://plugin.video.exodus/?action=calendars&amp;sf_options=fanart%3Dspecial%3A%2F%2Fhome%2Faddons%2Fscript.exodus.artwork%2Fresources%2Fmedia%2Fexodus%2Ffanart.jpg%26_options_sf&quot;,return)</favourite>
	<favourite name="[COLOR orchid][B]TV Calendar [/B][/COLOR] ocw" thumb="special://home/addons/plugin.video.ocw/icons/cal.png">ActivateWindow(10025,&quot;plugin://plugin.video.ocw/?mode=GetTitles6&amp;numOfPages=1&amp;section=ALL&amp;startPage=1&amp;url=http%3a%2f%2fwww.pogdesign.co.uk%2f%2fcat%2f&amp;sf_options=fanart%3Dspecial%3A%2F%2Fhome%2Faddons%2Fplugin.video.ocw%2Ficons%2Ffanart.jpg%26_options_sf&quot;,return)</favourite>
	<favourite name="[COLOR orchid][B]*TV Calendar Search*[/B][/COLOR]" thumb="special://home/addons/plugin.video.allinone/icons/tcs.png">ActivateWindow(10025,&quot;plugin://plugin.video.allinone/?mode=GetTitles143&amp;section=ALL&amp;url=http%3a%2f%2fwww.pogdesign.co.uk%2f%2fcat%2f&amp;sf_options=fanart%3Dspecial%3A%2F%2Fhome%2Faddons%2Fplugin.video.allinone%2Ficons%2Ffanart.png%26_options_sf&quot;,return)</favourite>
	<favourite name="[B][COLOR yellow]TV Schedule[/COLOR][/B] md" thumb="special://home/addons/plugin.video.mdws/resources/art/mdws.png">ActivateWindow(10025,&quot;plugin://plugin.video.mdws/?mode=11&amp;name=%5bB%5d%5bCOLOR%20yellow%5dTV%20Schedule%5b%2fCOLOR%5d%5b%2fB%5d&amp;url=http%3a%2f%2fwatchseries.vc%2ftvschedule%2f-4&amp;sf_options=fanart%3Dspecial%3A%2F%2Fhome%2Faddons%2Fplugin.video.mdws%2Ffanart.jpg%26_options_sf&quot;,return)</favourite>
	<favourite name="TV Schedule movies 25" thumb="special://home/addons/plugin.video.moviestwentyfive/art/TV_SCHEDULE.png">ActivateWindow(10025,&quot;plugin://plugin.video.moviestwentyfive/?mode=38&amp;name=TV%20Schedule&amp;url=http%3a%2f%2fthewatchseries.to%2ftvschedule&amp;sf_options=fanart%3Dspecial%3A%2F%2Fhome%2Faddons%2Fplugin.video.moviestwentyfive%2Ffanart.jpg%26_options_sf&quot;,return)</favourite>
	<favourite name="TV Calendar specto" thumb="special://home/addons/plugin.video.specto/resources/media/gone/calendar.jpg">ActivateWindow(10025,&quot;plugin://plugin.video.specto/?action=calendars&amp;sf_options=fanart%3Dspecial%3A%2F%2Fhome%2Faddons%2Fplugin.video.specto%2Fresources%2Fmedia%2Fgone%2Ffanart.jpg%26_options_sf&quot;,return)</favourite>
	<favourite name="General Calendar" thumb="special://home/addons/script.salts.themepak/art/themes/Shine/calendar.png">ActivateWindow(10025,&quot;plugin://plugin.video.salts/?mode=calendar&amp;sf_options=fanart%3Dspecial%3A%2F%2Fhome%2Faddons%2Fplugin.video.salts%2Ffanart.jpg%26_options_sf&quot;,return)</favourite>
	<favourite name="Premiere Calendar" thumb="special://home/addons/script.salts.themepak/art/themes/Shine/premiere_calendar.png">ActivateWindow(10025,&quot;plugin://plugin.video.salts/?mode=premiere_calendar&amp;sf_options=fanart%3Dspecial%3A%2F%2Fhome%2Faddons%2Fplugin.video.salts%2Ffanart.jpg%26_options_sf&quot;,return)</favourite>
	<favourite name="TV Schedule" thumb="special://home/addons/plugin.video.teevee/resources/icons/new/Calendar.png">ActivateWindow(10025,&quot;plugin://plugin.video.teevee/?foldername=shows&amp;mode=open_calendar&amp;sf_options=fanart%3Dspecial%3A%2F%2Fhome%2Faddons%2Fplugin.video.teevee%2Fresources%2Ficons%2Fnew%2Ffanart.jpg%26_options_sf&quot;,return)</favourite>
	<favourite name="Calendar" thumb="special://home/addons/plugin.video.theroyalwe/resources/artwork/calendar.jpg">ActivateWindow(10025,&quot;plugin://plugin.video.theroyalwe/?mode=calendar&amp;sf_options=fanart%3Dspecial%3A%2F%2Fhome%2Faddons%2Fplugin.video.theroyalwe%2Ffanart.jpg%26_options_sf&quot;,return)</favourite>
	<favourite name="Calendar" thumb="special://home/addons/plugin.video.alluc.api/resources/artwork/calendar.jpg">ActivateWindow(10025,&quot;plugin://plugin.video.alluc.api/?mode=tv_calendar&amp;sf_options=fanart%3Dspecial%3A%2F%2Fhome%2Faddons%2Fplugin.video.alluc.api%2Ffanart.jpg%26_options_sf&quot;,return)</favourite>
</favourites>