<favourites>
	<favourite name="Upcoming movie releases" thumb="DefaultFolder.png">ActivateWindow(10025,&quot;plugin://script.extendedinfo/?info=comingsoon&quot;,return)</favourite>
	<favourite name="not yet in theaters" thumb="DefaultFolder.png">ActivateWindow(10025,&quot;plugin://script.extendedinfo/?info=upcoming&quot;,return)</favourite>
	<favourite name="Anticipated Movies salts" thumb="special://home/addons/script.salts.themepak/art/themes/Shine/anticipated.png">ActivateWindow(10025,&quot;plugin://plugin.video.salts/?mode=anticipated&amp;section=Movies&amp;sf_options=fanart%3Dspecial%3A%2F%2Fhome%2Faddons%2Fplugin.video.salts%2Ffanart.jpg%26_options_sf&quot;,return)</favourite>
	<favourite name="[COLOR gold]Upcoming[/COLOR]" thumb="special://home/addons/plugin.video.velocity/resources/art/special_movie_lists.png">ActivateWindow(10025,&quot;plugin://plugin.video.velocity/?media=movies&amp;mode=get_public_lists&amp;movie_title&amp;name=%5bCOLOR%20gold%5dUpcoming%5b%2fCOLOR%5d&amp;thumb=%2fhome%2fosmc%2f.kodi%2faddons%2fplugin.video.velocity%2fresources%2fart%2fspecial_movie_lists.png&amp;trakt_id=Upcoming&amp;url=movistapp&amp;sf_options=fanart%3Dspecial%3A%2F%2Fhome%2Faddons%2Fplugin.video.velocity%2Fresources%2Fart%2Ffanart.jpg%26_options_sf&quot;,return)</favourite>
</favourites>