<favourites>
	<favourite name="Renegades TV Guide" thumb="special://home/addons/script.renegadestv/icon.png">RunScript(&quot;script.renegadestv?sf_options=fanart%3Dspecial%3A%2F%2Fhome%2Faddons%2Fscript.renegadestv%2Ffanart.jpg%26desc%3DRenegades+TV+Guide+allows+you+to+combine+some+of+your+favourite+live+TV+plugins+for+use+with+a+fully+working+EPG%26_options_sf&quot;)</favourite>
	<favourite name="Ivue TV Guide" thumb="special://home/addons/script.ivueguide/icon.png">RunScript(&quot;script.ivueguide?sf_options=fanart%3Dspecial%3A%2F%2Fhome%2Faddons%2Fscript.ivueguide%2Ffanart.jpg%26desc%3DIvue+TV+Guide+dedicated+tv+guide+for+iptv+Stalker+systems%26_options_sf&quot;)</favourite>
	<favourite name="Live Mix" thumb="special://home/addons/plugin.video.livemix/icon.png">ActivateWindow(10025,&quot;plugin://plugin.video.livemix?sf_options=fanart%3Dspecial%3A%2F%2Fhome%2Faddons%2Fplugin.video.livemix%2Ffanart.jpg%26_options_sf&quot;,return)</favourite>
	<favourite name="FTV Guide" thumb="special://home/addons/script.ftvguide/icon.png">RunScript(&quot;script.ftvguide?sf_options=fanart%3Dspecial%3A%2F%2Fhome%2Faddons%2Fscript.ftvguide%2Ffanart.jpg%26desc%3DFTV+Guide+allows+you+to+combine+some+of+your+favourite+live+TV+plugins+for+use+with+a+fully+working+EPG%26_options_sf&quot;)</favourite>
	<favourite name="[COLOR darkorange]The King TV Guide[/COLOR]" thumb="special://home/addons/script.iptvkingguide/icon.png">RunScript(&quot;script.iptvkingguide?sf_options=fanart%3Dspecial%3A%2F%2Fhome%2Faddons%2Fscript.iptvkingguide%2Ffanart.jpg%26desc%3DThe+King+TV+Guide+allows+you+to+combine+some+of+your+favourite+live+TV+plugins+for+use+with+a+fully+working+EPG%26_options_sf&quot;)</favourite>
	<favourite name="[COLOR lightblue]dnaTV[/COLOR] [COLOR lightwhite]Guide[/COLOR]" thumb="special://home/addons/script.dnatvguide/icon.png">RunScript(&quot;script.dnatvguide?sf_options=fanart%3Dspecial%3A%2F%2Fhome%2Faddons%2Fscript.dnatvguide%2Ffanart.jpg%26desc%3DdnaTV+Guide+allows+you+to+combine+some+of+your+favourite+live+TV+plugins+for+use+with+a+fully+working+EPG%26_options_sf&quot;)</favourite>
	<favourite name="[COLOR yellow][B]TV Guide[/B][/COLOR] ccloud" thumb="special://home/addons/plugin.video.ccloudtv/resources/icons//guide.png">ActivateWindow(10025,&quot;plugin://plugin.video.ccloudtv/?iconimage=%2fhome%2fosmc%2f.kodi%2faddons%2fplugin.video.ccloudtv%2fresources%2ficons%2f%2fguide.png&amp;mode=97&amp;name=%5bCOLOR%20yellow%5d%5bB%5dTV%20Guide%5b%2fB%5d%5b%2fCOLOR%5d&amp;url=guide&amp;sf_options=fanart%3Dspecial%3A%2F%2Fhome%2Faddons%2Fplugin.video.ccloudtv%2Ffanart.jpg%26_options_sf&quot;,return)</favourite>
</favourites>