<favourites>
	<favourite name="[COLOR red]NEW:[/COLOR] Classic TV Series" thumb="http://s15.postimg.org/5unnnc2gb/Classic_Retro_TV.jpg">ActivateWindow(10025,&quot;plugin://plugin.video.phstreams/?action=ndmode&amp;audio=0&amp;content=0&amp;fanart=http%3a%2f%2fimg1.goodfon.su%2foriginal%2f1920x1080%2f7%2f52%2fking-queen-crown-poker.jpg&amp;image=http%3a%2f%2fs15.postimg.org%2f5unnnc2gb%2fClassic_Retro_TV.jpg&amp;name=%5bCOLOR%20red%5dNEW%3a%5b%2fCOLOR%5d%20Classic%20TV%20Series&amp;tvshow=0&amp;url=http%3a%2f%2fgibraltar.watchkodi.com%2fClassicTV%2fClassicTV_Directory.xml&amp;sf_options=fanart%3Dhttp%3A%2F%2Fimg1.goodfon.su%2Foriginal%2F1920x1080%2F7%2F52%2Fking-queen-crown-poker.jpg%26desc%3DDiscover+Great+Streaming+Playlists%21%26_options_sf&quot;,return)</favourite>
	<favourite name="[COLOR blue][B]TvMuseum [/B] [/COLOR]&gt;&gt; ocw" thumb="special://home/addons/plugin.video.ocw/icons/home.png">&gt; ocw&quot; thumb=&quot;special://home/addons/plugin.video.ocw/icons/home.png&quot;&gt;&gt; ocw&quot; thumb=&quot;special://home/addons/plugin.video.ocw/icons/home.png&quot;&gt;&gt; ocw&quot; thumb=&quot;special://home/addons/plugin.video.ocw/icons/home.png&quot;&gt;&gt; ocw&quot; thumb=&quot;special://home/addons/plugin.video.ocw/icons/home.png&quot;&gt;&gt; ocw&quot; thumb=&quot;special://home/addons/plugin.video.ocw/icons/home.png&quot;&gt;&gt; ocw&quot; thumb=&quot;special://home/addons/plugin.video.ocw/icons/home.png&quot;&gt;&gt; ocw&quot; thumb=&quot;special://home/addons/plugin.video.ocw/icons/home.png&quot;&gt;&gt; ocw&quot; thumb=&quot;special://home/addons/plugin.video.ocw/icons/home.png&quot;&gt;&gt; ocw&quot; thumb=&quot;special://home/addons/plugin.video.ocw/icons/home.png&quot;&gt;&gt; ocw&quot; thumb=&quot;special://home/addons/plugin.video.ocw/icons/home.png&quot;&gt;&gt; ocw&quot; thumb=&quot;special://home/addons/plugin.video.ocw/icons/home.png&quot;&gt;&gt; ocw&quot; thumb=&quot;special://home/addons/plugin.video.ocw/icons/home.png&quot;&gt;&gt; ocw&quot; thumb=&quot;special://home/addons/plugin.video.ocw/icons/home.png&quot;&gt;ActivateWindow(10025,&quot;plugin://plugin.video.ocw/?mode=menu2&amp;sf_options=fanart%3Dspecial%3A%2F%2Fhome%2Faddons%2Fplugin.video.ocw%2Ficons%2Ffanart.jpg%26_options_sf&quot;,return)</favourite>
	<favourite name="MeTV" thumb="special://home/addons/plugin.video.metv/icon.png">ActivateWindow(10025,&quot;plugin://plugin.video.metv?sf_options=fanart%3Dspecial%3A%2F%2Fhome%2Faddons%2Fplugin.video.metv%2Ffanart.jpg%26desc%3DChosen+from+a+wide+array+of+genres%2C+the+programs+of+Me-TV+pay+tribute+to+classic+television.+Comedies+like+The+Mary+Tyler+Moore+Show%2C+I+Love+Lucy%2C+The+Honeymooners+and+The+Bob+Newhart+Show.+Dramas+such+as+Perry+Mason%2C+Ironside%2C+The+Streets+of+San+Francisco%2C+The+Rockford+Files+and+Columbo+great+westerns+like+Gunsmoke%2C+Bonanza%2C+The+Rifleman+and+The+Big+Valley+and+otherworldly+classics+like+Star+Trek%2C+Lost+In+Space+and+The+Twilight+Zone%26_options_sf&quot;,return)</favourite>
	<favourite name="80&apos;s kids" thumb="special://home/addons/plugin.video.ts80k/icon.png">ActivateWindow(10025,&quot;plugin://plugin.video.ts80k?sf_options=fanart%3Dspecial%3A%2F%2Fhome%2Faddons%2Fplugin.video.ts80k%2Ffanart.jpg%26desc%3DThe+Best+80s+show+when+i+was+a+kid%26_options_sf&quot;,return)</favourite>
	<favourite name="Retro TV" thumb="http://s17.postimg.org/5huls0ipb/Retro_TV.jpg">ActivateWindow(10025,&quot;plugin://plugin.video.phstreams/?action=ndmode&amp;audio=0&amp;content=0&amp;fanart=http%3a%2f%2fimg1.goodfon.su%2foriginal%2f1920x1080%2f7%2f52%2fking-queen-crown-poker.jpg&amp;image=http%3a%2f%2fs17.postimg.org%2f5huls0ipb%2fRetro_TV.jpg&amp;name=Retro%20TV&amp;tvshow=0&amp;url=http%3a%2f%2fgibraltar.watchkodi.com%2fretrotv%2fretrotv_directory2.xml&amp;sf_options=fanart%3Dhttp%3A%2F%2Fimg1.goodfon.su%2Foriginal%2F1920x1080%2F7%2F52%2Fking-queen-crown-poker.jpg%26desc%3DDiscover+Great+Streaming+Playlists%21%26_options_sf&quot;,return)</favourite>
	<favourite name="Retro TV Series Pilots" thumb="http://s17.postimg.org/g0vsats1r/TVseries_Pilots.jpg">ActivateWindow(10025,&quot;plugin://plugin.video.phstreams/?action=ndmode&amp;audio=0&amp;content=0&amp;fanart=http%3a%2f%2fimg1.goodfon.su%2foriginal%2f1920x1080%2f7%2f52%2fking-queen-crown-poker.jpg&amp;image=http%3a%2f%2fs17.postimg.org%2fg0vsats1r%2fTVseries_Pilots.jpg&amp;name=Retro%20TV%20Series%20Pilots&amp;tvshow=0&amp;url=http%3a%2f%2fgibraltar.watchkodi.com%2fTVFirstEpisodes%2fTVFirstEpisodesDirectory.xml&amp;sf_options=fanart%3Dhttp%3A%2F%2Fimg1.goodfon.su%2Foriginal%2F1920x1080%2F7%2F52%2Fking-queen-crown-poker.jpg%26desc%3DDiscover+Great+Streaming+Playlists%21%26_options_sf&quot;,return)</favourite>
	<favourite name="[COLOR white][COLOR=FF0198E1][B]Classic 70s and 80s TV[/B][/COLOR][/COLOR]" thumb="http://www.thegreat80s.com/images/TV/80s-TV-Shows.jpg">ActivateWindow(10025,&quot;plugin://plugin.video.morepower/?description&amp;iconimage=http%3a%2f%2fwww.thegreat80s.com%2fimages%2fTV%2f80s-TV-Shows.jpg&amp;mode=2&amp;name=%5bCOLOR%20white%5d%5bCOLOR%3dFF0198E1%5d%5bB%5dClassic%2070s%20and%2080s%20TV%5b%2fB%5d%5b%2fCOLOR%5d%5b%2fCOLOR%5d&amp;url=https%3a%2f%2fgithub.com%2filovemymac%2fMashUpMorePower%2fraw%2fmaster%2fclassic80stv.xml&amp;sf_options=fanart%3Dhttp%3A%2F%2F3.bp.blogspot.com%2F-GCLok8sY2d4%2FTaA5Y-1Sa7I%2FAAAAAAAAB00%2FTilbR1Dhi4c%2Fs1600%2FCool-wallpapers%2B%2525286%252529.jpg%26_options_sf&quot;,return)</favourite>
	<favourite name="CLASSIC TV" thumb="http://static.filmon.com/assets/groups/176/big_logo.png">ActivateWindow(10025,&quot;plugin://plugin.video.filmon/?description&amp;group=CLASSIC%20TV&amp;iconimage=http%3a%2f%2fstatic.filmon.com%2fassets%2fgroups%2f176%2fbig_logo.png&amp;mode=3&amp;name=CLASSIC%20TV&amp;programme_id&amp;startdate_time&amp;url=176&quot;,return)</favourite>
</favourites>