<favourites>
	<favourite name="classic tv" thumb="special://home/addons/plugin.video.ocw/icons/home.png">ActivateWindow(10025,&quot;plugin://plugin.program.super.favourites/?label=classic tv&amp;mode=400&amp;path=special%3A%2F%2Fhome%2Fuserdata%2Faddon_data%2Fplugin.program.super.favourites%2FSuper%20Favourites%2F.Turnkey%2FVideos%2FTV%2FTV%20on-demand%2Fclassic%20tv&amp;sf_options=fanart%3Dspecial%3A%2F%2Fhome%2Faddons%2Fplugin.video.ocw%2Ficons%2Ffanart.jpg%26_options_sf&quot;)</favourite>
	<favourite name="TV Shows primewire" thumb="special://home/addons/script.1channel.themepak/art/themes/Classic/television.png">ActivateWindow(10025,&quot;plugin://plugin.video.1channel/?mode=BrowseListMenu&amp;section=tv&amp;sf_options=fanart%3Dspecial%3A%2F%2Fhome%2Faddons%2Fscript.1channel.themepak%2Fart%2Fthemes%2FClassic%2Ffanart.png%26_options_sf&quot;,return)</favourite>
	<favourite name="[COLOR white]TV Shows[/COLOR] 2 movies" thumb="special://home/addons/plugin.video.twomovies/resources/art/Icon_Menu_TVShows_Menu.png">ActivateWindow(10025,&quot;plugin://plugin.video.twomovies/?mode=tvcats&amp;name=%5bCOLOR%20white%5dTV%20Shows%5b%2fCOLOR%5d&amp;url=none&quot;,return)</favourite>
	<favourite name="80&apos;s kids" thumb="special://home/addons/plugin.video.ts80k/icon.png">ActivateWindow(10025,&quot;plugin://plugin.video.ts80k?sf_options=fanart%3Dspecial%3A%2F%2Fhome%2Faddons%2Fplugin.video.ts80k%2Ffanart.jpg%26desc%3DThe+Best+80s+show+when+i+was+a+kid%26_options_sf&quot;,return)</favourite>
	<favourite name="TV Shows [COLOR red](MerDB)[/COLOR]" thumb="http://cliqaddon.com/support/commoncore/tvaddons/moviedb/showgunart/images/merdbtv.jpg">ActivateWindow(10025,&quot;plugin://plugin.video.moviedb/?mode=merdbtvcats&amp;name=TV%20Shows%20%5bCOLOR%20red%5d(MerDB)%5b%2fCOLOR%5d&amp;url=none&amp;sf_options=fanart%3Dhttp%3A%2F%2Fcliqaddon.com%2Fsupport%2Fcommoncore%2Ftvaddons%2Fmoviedb%2Fshowgunart%2Fimages%2Ffanart%2Ffanart.jpg%26desc%3DDescription+not+available+at+this+level%26_options_sf&quot;,return)</favourite>
	<favourite name="TV Shows [COLOR red](Series Gate)[/COLOR]" thumb="http://cliqaddon.com/support/commoncore/tvaddons/moviedb/showgunart/images/sgatetv.jpg">ActivateWindow(10025,&quot;plugin://plugin.video.moviedb/?mode=sgcats&amp;name=TV%20Shows%20%5bCOLOR%20red%5d(Series%20Gate)%5b%2fCOLOR%5d&amp;url=none&amp;sf_options=fanart%3Dhttp%3A%2F%2Fcliqaddon.com%2Fsupport%2Fcommoncore%2Ftvaddons%2Fmoviedb%2Fshowgunart%2Fimages%2Ffanart%2Ffanart.jpg%26desc%3DDescription+not+available+at+this+level%26_options_sf&quot;,return)</favourite>
	<favourite name="crackle TV" thumb="DefaultFolder.png">ActivateWindow(10025,&quot;plugin://plugin.video.newcrackle/?foldername=TV&amp;mode=tv_folder&quot;,return)</favourite>
	<favourite name="DDLseries" thumb="special://home/addons/plugin.video.ddlseriesER/icon.png">ActivateWindow(10025,&quot;plugin://plugin.video.ddlseriesER?sf_options=fanart%3Dspecial%3A%2F%2Fhome%2Faddons%2Fplugin.video.ddlseriesER%2Ffanart.jpg%26desc%3DWatch+full+HD+1080p+720p+and+SD+full+seasons+on+ddlseries+%28beta%29+%5BCOLOR+red%5D%5BB%5DDEBRID+ACCOUNT+NEEDED%5B%2FB%5D%5B%2FCOLOR%5D+For+more+info+go+to+www.entertainmentrepo.com%26_options_sf&quot;,return)</favourite>
	<favourite name="[COLOR darkorange][B]Tv Shows &gt;[/B][/COLOR] &gt; entertainment hub" thumb="special://home/addons/plugin.video.allinone/icons/tv2.png">[/B][/COLOR] &gt; entertainment hub&quot; thumb=&quot;special://home/addons/plugin.video.allinone/icons/tv2.png&quot;&gt;[/B][/COLOR] &gt; entertainment hub&quot; thumb=&quot;special://home/addons/plugin.video.allinone/icons/tv2.png&quot;&gt;[/B][/COLOR] &gt; entertainment hub&quot; thumb=&quot;special://home/addons/plugin.video.allinone/icons/tv2.png&quot;&gt;[/B][/COLOR] &gt; entertainment hub&quot; thumb=&quot;special://home/addons/plugin.video.allinone/icons/tv2.png&quot;&gt;[/B][/COLOR] &gt; entertainment hub&quot; thumb=&quot;special://home/addons/plugin.video.allinone/icons/tv2.png&quot;&gt;[/B][/COLOR] &gt; entertainment hub&quot; thumb=&quot;special://home/addons/plugin.video.allinone/icons/tv2.png&quot;&gt;[/B][/COLOR] &gt; entertainment hub&quot; thumb=&quot;special://home/addons/plugin.video.allinone/icons/tv2.png&quot;&gt;[/B][/COLOR] &gt; entertainment hub&quot; thumb=&quot;special://home/addons/plugin.video.allinone/icons/tv2.png&quot;&gt;[/B][/COLOR] &gt; entertainment hub&quot; thumb=&quot;special://home/addons/plugin.video.allinone/icons/tv2.png&quot;&gt;[/B][/COLOR] &gt; entertainment hub&quot; thumb=&quot;special://home/addons/plugin.video.allinone/icons/tv2.png&quot;&gt;[/B][/COLOR] &gt; entertainment hub&quot; thumb=&quot;special://home/addons/plugin.video.allinone/icons/tv2.png&quot;&gt;[/B][/COLOR] &gt; entertainment hub&quot; thumb=&quot;special://home/addons/plugin.video.allinone/icons/tv2.png&quot;&gt;[/B][/COLOR] &gt; entertainment hub&quot; thumb=&quot;special://home/addons/plugin.video.allinone/icons/tv2.png&quot;&gt;[/B][/COLOR] &gt; entertainment hub&quot; thumb=&quot;special://home/addons/plugin.video.allinone/icons/tv2.png&quot;&gt;[/B][/COLOR] &gt; entertainment hub&quot; thumb=&quot;special://home/addons/plugin.video.allinone/icons/tv2.png&quot;&gt;[/B][/COLOR] &gt; entertainment hub&quot; thumb=&quot;special://home/addons/plugin.video.allinone/icons/tv2.png&quot;&gt;[/B][/COLOR] &gt; entertainment hub&quot; thumb=&quot;special://home/addons/plugin.video.allinone/icons/tv2.png&quot;&gt;[/B][/COLOR] &gt; entertainment hub&quot; thumb=&quot;special://home/addons/plugin.video.allinone/icons/tv2.png&quot;&gt;[/B][/COLOR] &gt; entertainment hub&quot; thumb=&quot;special://home/addons/plugin.video.allinone/icons/tv2.png&quot;&gt;[/B][/COLOR] &gt; entertainment hub&quot; thumb=&quot;special://home/addons/plugin.video.allinone/icons/tv2.png&quot;&gt;[/B][/COLOR] &gt; entertainment hub&quot; thumb=&quot;special://home/addons/plugin.video.allinone/icons/tv2.png&quot;&gt;[/B][/COLOR] &gt; entertainment hub&quot; thumb=&quot;special://home/addons/plugin.video.allinone/icons/tv2.png&quot;&gt;[/B][/COLOR] &gt; entertainment hub&quot; thumb=&quot;special://home/addons/plugin.video.allinone/icons/tv2.png&quot;&gt;[/B][/COLOR] &gt; entertainment hub&quot; thumb=&quot;special://home/addons/plugin.video.allinone/icons/tv2.png&quot;&gt;[/B][/COLOR] &gt; entertainment hub&quot; thumb=&quot;special://home/addons/plugin.video.allinone/icons/tv2.png&quot;&gt;[/B][/COLOR] &gt; entertainment hub&quot; thumb=&quot;special://home/addons/plugin.video.allinone/icons/tv2.png&quot;&gt;[/B][/COLOR] &gt; entertainment hub&quot; thumb=&quot;special://home/addons/plugin.video.allinone/icons/tv2.png&quot;&gt;[/B][/COLOR] &gt; entertainment hub&quot; thumb=&quot;special://home/addons/plugin.video.allinone/icons/tv2.png&quot;&gt;[/B][/COLOR] &gt; entertainment hub&quot; thumb=&quot;special://home/addons/plugin.video.allinone/icons/tv2.png&quot;&gt;[/B][/COLOR] &gt; entertainment hub&quot; thumb=&quot;special://home/addons/plugin.video.allinone/icons/tv2.png&quot;&gt;[/B][/COLOR] &gt; entertainment hub&quot; thumb=&quot;special://home/addons/plugin.video.allinone/icons/tv2.png&quot;&gt;[/B][/COLOR] &gt; entertainment hub&quot; thumb=&quot;special://home/addons/plugin.video.allinone/icons/tv2.png&quot;&gt;[/B][/COLOR] &gt; entertainment hub&quot; thumb=&quot;special://home/addons/plugin.video.allinone/icons/tv2.png&quot;&gt;[/B][/COLOR] &gt; entertainment hub&quot; thumb=&quot;special://home/addons/plugin.video.allinone/icons/tv2.png&quot;&gt;[/B][/COLOR] &gt; entertainment hub&quot; thumb=&quot;special://home/addons/plugin.video.allinone/icons/tv2.png&quot;&gt;[/B][/COLOR] &gt; entertainment hub&quot; thumb=&quot;special://home/addons/plugin.video.allinone/icons/tv2.png&quot;&gt;[/B][/COLOR] &gt; entertainment hub&quot; thumb=&quot;special://home/addons/plugin.video.allinone/icons/tv2.png&quot;&gt;[/B][/COLOR] &gt; entertainment hub&quot; thumb=&quot;special://home/addons/plugin.video.allinone/icons/tv2.png&quot;&gt;[/B][/COLOR] &gt; entertainment hub&quot; thumb=&quot;special://home/addons/plugin.video.allinone/icons/tv2.png&quot;&gt;[/B][/COLOR] &gt; entertainment hub&quot; thumb=&quot;special://home/addons/plugin.video.allinone/icons/tv2.png&quot;&gt;[/B][/COLOR] &gt; entertainment hub&quot; thumb=&quot;special://home/addons/plugin.video.allinone/icons/tv2.png&quot;&gt;[/B][/COLOR] &gt; entertainment hub&quot; thumb=&quot;special://home/addons/plugin.video.allinone/icons/tv2.png&quot;&gt;[/B][/COLOR] &gt; entertainment hub&quot; thumb=&quot;special://home/addons/plugin.video.allinone/icons/tv2.png&quot;&gt;ActivateWindow(10025,&quot;plugin://plugin.video.allinone/?mode=TvMenu&amp;sf_options=fanart%3Dspecial%3A%2F%2Fhome%2Faddons%2Fplugin.video.allinone%2Ficons%2Ffanart.png%26_options_sf&quot;,return)</favourite>
	<favourite name="exodus tv shows" thumb="special://home/addons/script.exodus.artwork/resources/media/exodus/tvshows.png">ActivateWindow(10025,&quot;plugin://plugin.video.exodus/?action=tvNavigator&amp;sf_options=fanart%3Dspecial%3A%2F%2Fhome%2Faddons%2Fscript.exodus.artwork%2Fresources%2Fmedia%2Fexodus%2Ffanart.jpg%26_options_sf&quot;,return)</favourite>
	<favourite name="TV Shows icefilms" thumb="special://home/addons/plugin.video.icefilms/resources/art/tvshows.png">ActivateWindow(10025,&quot;plugin://plugin.video.icefilms/?mode=50&amp;name=TV%20Shows&amp;url=http%3a%2f%2fwww.icefilms.info%2ftv%2fa-z%2f1&quot;,return)</favourite>
	<favourite name="TV Shows" thumb="https://istream-xbmc-repo.googlecode.com/svn/images/default/tv_shows.png">ActivateWindow(10025,&quot;plugin://script.icechannel/?fanart=https%3a%2f%2fistream-xbmc-repo.googlecode.com%2fsvn%2fimages%2fdefault%2ftv_shows.jpg&amp;img=https%3a%2f%2fistream-xbmc-repo.googlecode.com%2fsvn%2fimages%2fdefault%2ftv_shows.png&amp;indexer=tv_shows&amp;istream_path=%20%3a%20TV%20Shows&amp;mode=indexer&amp;section=main&amp;title=TV%20Shows&amp;sf_options=fanart%3Dhttps%3A%2F%2Fistream-xbmc-repo.googlecode.com%2Fsvn%2Fimages%2Fdefault%2Ftv_shows.jpg%26_options_sf&quot;,return)</favourite>
	<favourite name="MD.Watchseries" thumb="special://home/addons/plugin.video.mdws/icon.png">ActivateWindow(10025,&quot;plugin://plugin.video.mdws?sf_options=fanart%3Dspecial%3A%2F%2Fhome%2Faddons%2Fplugin.video.mdws%2Ffanart.jpg%26desc%3DWatch+TV+Series+From+One+Of+The+Best+Sites+On+The+Web+Brought+To+You+By+Mucky+Duck%26_options_sf&quot;,return)</favourite>
	<favourite name="TV Shows.to" thumb="special://home/addons/plugin.video.movie4k/resources/img/tvshows.png">ActivateWindow(10025,&quot;plugin://plugin.video.movie4k/?action=tvshows&amp;extra&amp;page&amp;plot&amp;thumbnail=%2fhome%2fosmc%2f.kodi%2faddons%2fplugin.video.movie4k%2fresources%2fimg%2ftvshows.png&amp;title=TV%20Shows&amp;url&amp;sf_options=fanart%3Dspecial%3A%2F%2Fhome%2Faddons%2Fplugin.video.movie4k%2Ffanart.jpg%26_options_sf&quot;,return)</favourite>
	<favourite name="movies25 TV" thumb="special://home/addons/plugin.video.moviestwentyfive/art/TV_SHOWS.png">ActivateWindow(10025,&quot;plugin://plugin.video.moviestwentyfive/?mode=17&amp;name=TV&amp;url=http%3a%2f%2fwww.movie25.hk%2f&amp;sf_options=fanart%3Dspecial%3A%2F%2Fhome%2Faddons%2Fplugin.video.moviestwentyfive%2Ffanart.jpg%26_options_sf&quot;,return)</favourite>
	<favourite name="[COLOR orangered]T[/COLOR][COLOR white]V[/COLOR] TNPB" thumb="http://s6.postimg.org/4zor60kch/image.png">ActivateWindow(10025,&quot;plugin://plugin.video.phstreams/?action=ndmode&amp;audio=0&amp;content=0&amp;fanart=http%3a%2f%2fs6.postimg.org%2f4ph8mo5q9%2fBackdrop.png&amp;image=http%3a%2f%2fs6.postimg.org%2f4zor60kch%2fimage.png&amp;name=%5bCOLOR%20orangered%5dT%5b%2fCOLOR%5d%5bCOLOR%20white%5dV%5b%2fCOLOR%5d&amp;tvshow=0&amp;url=http%3a%2f%2fzenica.watchkodi.com%2fDirectories%2fMain%2520Directory%2fTV%2520Main.xml&amp;sf_options=fanart%3Dhttp%3A%2F%2Fs6.postimg.org%2F4ph8mo5q9%2FBackdrop.png%26desc%3DDiscover+Great+Streaming+Playlists%21%26_options_sf&quot;,return)</favourite>
	<favourite name="TV Shows free tv" thumb="special://home/addons/plugin.video.projectfreetv/icons/TV_Shows.png">ActivateWindow(10025,&quot;plugin://plugin.video.projectfreetv/?mode=tv&amp;section=tv&quot;,return)</favourite>
	<favourite name="Rlseries" thumb="special://home/addons/plugin.video.rlseriesER/icon.png">ActivateWindow(10025,&quot;plugin://plugin.video.rlseriesER?sf_options=fanart%3Dspecial%3A%2F%2Fhome%2Faddons%2Fplugin.video.rlseriesER%2Ffanart.jpg%26desc%3DWatch+full+tv+series+online+from+Rlseries+for+more+info+on+this+addon+go+to+www.entertainmentrepo.com%26_options_sf&quot;,return)</favourite>
	<favourite name="TV Shows specto" thumb="special://home/addons/plugin.video.specto/resources/media/gone/tvshows.jpg">ActivateWindow(10025,&quot;plugin://plugin.video.specto/?action=tvNavigator&amp;sf_options=fanart%3Dspecial%3A%2F%2Fhome%2Faddons%2Fplugin.video.specto%2Fresources%2Fmedia%2Fgone%2Ffanart.jpg%26_options_sf&quot;,return)</favourite>
	<favourite name="TV Shows salts" thumb="special://home/addons/script.salts.themepak/art/themes/Shine/television.png">ActivateWindow(10025,&quot;plugin://plugin.video.salts/?mode=browse&amp;section=TV&amp;sf_options=fanart%3Dspecial%3A%2F%2Fhome%2Faddons%2Fplugin.video.salts%2Ffanart.jpg%26_options_sf&quot;,return)</favourite>
	<favourite name="TV Shows" thumb="special://home/addons/plugin.video.theroyalwe/resources/artwork/tvshows.jpg">ActivateWindow(10025,&quot;plugin://plugin.video.theroyalwe/?mode=tv_menu&amp;sf_options=fanart%3Dspecial%3A%2F%2Fhome%2Faddons%2Fplugin.video.theroyalwe%2Ffanart.jpg%26_options_sf&quot;,return)</favourite>
	<favourite name="TV Mix" thumb="special://home/addons/plugin.video.tvmix/icon.png">ActivateWindow(10025,&quot;plugin://plugin.video.tvmix?sf_options=fanart%3Dspecial%3A%2F%2Fhome%2Faddons%2Fplugin.video.tvmix%2Ffanart.jpg%26_options_sf&quot;,return)</favourite>
	<favourite name="TvOnline" thumb="special://home/addons/plugin.video.tvonlineER/icon.png">ActivateWindow(10025,&quot;plugin://plugin.video.tvonlineER?sf_options=fanart%3Dspecial%3A%2F%2Fhome%2Faddons%2Fplugin.video.tvonlineER%2Ffanart.jpg%26desc%3DEvery+Tv+Show+ever+made%26_options_sf&quot;,return)</favourite>
	<favourite name="Ustvcc" thumb="special://home/addons/plugin.video.ustvcc/icon.png">ActivateWindow(10025,&quot;plugin://plugin.video.ustvcc/?sf_options=desc%3DWatch+US+TV+series+from+ustv.cc%26_options_sf&quot;,return)</favourite>
	<favourite name="TV Shows" thumb="special://home/addons/plugin.video.velocity/resources/art/tvshows.png">ActivateWindow(10025,&quot;plugin://plugin.video.velocity/?media&amp;mode=tv_menu&amp;movie_title&amp;name=TV%20Shows&amp;thumb=%2fhome%2fosmc%2f.kodi%2faddons%2fplugin.video.velocity%2fresources%2fart%2ftvshows.png&amp;trakt_id&amp;url&amp;sf_options=fanart%3Dspecial%3A%2F%2Fhome%2Faddons%2Fplugin.video.velocity%2Fresources%2Fart%2Ffanart.jpg%26_options_sf&quot;,return)</favourite>
	<favourite name="[B]TV SHOWS[/B]" thumb="special://home/addons/plugin.video.VidTime/icon.png">ActivateWindow(10025,&quot;plugin://plugin.video.VidTime/?mode=TV%20SHOWS&amp;sf_options=fanart%3Dspecial%3A%2F%2Fhome%2Faddons%2Fplugin.video.VidTime%2Ffanart.jpg%26_options_sf&quot;,return)</favourite>
	<favourite name="Watch TV Series" thumb="special://home/addons/plugin.video.mdwatchtvseries/icon.png">ActivateWindow(10025,&quot;plugin://plugin.video.mdwatchtvseries?sf_options=fanart%3Dspecial%3A%2F%2Fhome%2Faddons%2Fplugin.video.mdwatchtvseries%2Ffanart.jpg%26desc%3DStream+Content+From+The+tvserieswatch.net+WebSite%26_options_sf&quot;,return)</favourite>
	<favourite name="TV Shows" thumb="special://home/addons/plugin.video.alluc.api/resources/artwork/tvshows.jpg">ActivateWindow(10025,&quot;plugin://plugin.video.alluc.api/?mode=tv_menu&amp;sf_options=fanart%3Dspecial%3A%2F%2Fhome%2Faddons%2Fplugin.video.alluc.api%2Ffanart.jpg%26_options_sf&quot;,return)</favourite>
	<favourite name="[COLOR white]TV SHOWS[/COLOR]" thumb="http://i1295.photobucket.com/albums/b636/beatbox8501/TVSHOWS_zpswp7dxwzd.png">ActivateWindow(10025,&quot;plugin://plugin.video.streamengine/?date&amp;description&amp;iconimage=http%3a%2f%2fi1295.photobucket.com%2falbums%2fb636%2fbeatbox8501%2fTVSHOWS_zpswp7dxwzd.png&amp;mode=1&amp;name=%5bCOLOR%20white%5dTV%20SHOWS%5b%2fCOLOR%5d&amp;page&amp;play&amp;url=https%3a%2f%2fpastebin.com%2fraw.php%3fi%3d03DtwXnF&amp;sf_options=fanart%3Dhttp%3A%2F%2Fi1295.photobucket.com%2Falbums%2Fb636%2Fbeatbox8501%2Fwallpaper_zpsopwvguho.jpg%26_options_sf&quot;,return)</favourite>
</favourites>