<favourites>
	<favourite name="Recently added movies" thumb="/home/osmc/.Turnkey/Backgrounds/entertainment/Videos.jpg">ActivateWindow(10025,&quot;library://video/recentlyaddedmovies.xml/&quot;,return)</favourite>
	<favourite name="Title" thumb="DefaultMovieTitle.png">ActivateWindow(10025,&quot;library://video/movies/titles.xml/&quot;,return)</favourite>
	<favourite name="Genres" thumb="DefaultGenre.png">ActivateWindow(10025,&quot;library://video/movies/genres.xml/&quot;,return)</favourite>
	<favourite name="Sets" thumb="DefaultSets.png">ActivateWindow(10025,&quot;library://video/movies/sets.xml/&quot;,return)</favourite>
	<favourite name="Year" thumb="DefaultYear.png">ActivateWindow(10025,&quot;library://video/movies/years.xml/&quot;,return)</favourite>
	<favourite name="Actors" thumb="DefaultActor.png">ActivateWindow(10025,&quot;library://video/movies/actors.xml/&quot;,return)</favourite>
	<favourite name="Directors" thumb="DefaultDirector.png">ActivateWindow(10025,&quot;library://video/movies/directors.xml/&quot;,return)</favourite>
	<favourite name="Studios" thumb="DefaultStudios.png">ActivateWindow(10025,&quot;library://video/movies/studios.xml/&quot;,return)</favourite>
	<favourite name="Countries" thumb="DefaultCountry.png">ActivateWindow(10025,&quot;library://video/movies/country.xml/&quot;,return)</favourite>
	<favourite name="Tags" thumb="DefaultTags.png">ActivateWindow(10025,&quot;library://video/movies/tags.xml/&quot;,return)</favourite>
	<favourite name="Playlists" thumb="/home/osmc/.Turnkey/Backgrounds/music videos/musicvideo.png">ActivateWindow(10025,&quot;library://video/playlists.xml/&quot;,return)</favourite>
	<favourite name="Movie Files" thumb="/home/osmc/.Turnkey/Backgrounds/videos/background-videos.jpg">ActivateWindow(10025,&quot;/home/osmc/Movies/&quot;,return)</favourite>
</favourites>