<favourites>
	<favourite name="ABC" thumb="http://zerocast.tv/channels/img/abc.png">PlayMedia(&quot;plugin://plugin.video.castaway/?url=http%3A%2F%2Fwww.zerocast.tv%2Fchannels%2Fchan.php%3Fchan%3Dabc%26width%3D600%26height%3D400&amp;play=True&amp;mode=play&amp;img=http%3A%2F%2Fzerocast.tv%2Fchannels%2Fimg%2Fabc.png&amp;title=ABC&amp;sf_options=fanart%3Dspecial%3A%2F%2Fhome%2Faddons%2Fplugin.video.castaway%2Ffanart.jpg%26winID%3D10025%26_options_sf&quot;)</favourite>
	<favourite name="ABC" thumb="">PlayMedia(&quot;plugin://plugin.video.castaway/?url=http%3A%2F%2Fwww.streamlive.to%2Fview%2F68969%2FABC&amp;play=True&amp;mode=play&amp;img=http%3A%2F%2Fsnapshots.streamlive.to%2Fsnapshots%2F371jluirljcsjen_snapshot.jpg&amp;title=ABC&amp;sf_options=fanart%3Dspecial%3A%2F%2Fhome%2Faddons%2Fplugin.video.castaway%2Ffanart.jpg%26winID%3D10025%26_options_sf&quot;)</favourite>
	<favourite name="ABC 7 New York" thumb="http://www.shadow-net.me/product_images/b/900/wabc_abc7_new_york__26026_thumb.jpg">PlayMedia(&quot;plugin://plugin.video.castaway/?url=http%3A%2F%2Fwww.shadow-net.me%2Fchannels%2FABC-7-New-York.html&amp;play=True&amp;mode=play&amp;img=http%3A%2F%2Fwww.shadow-net.me%2Fproduct_images%2Fb%2F900%2Fwabc_abc7_new_york__26026_thumb.jpg&amp;title=ABC+7+New+York&amp;sf_options=fanart%3Dspecial%3A%2F%2Fhome%2Faddons%2Fplugin.video.castaway%2Ffanart.jpg%26winID%3D10025%26_options_sf&quot;)</favourite>
	<favourite name="ABC 27" thumb="http://www.shadow-net.me/product_images/q/639/abc27__39425_thumb.jpg">PlayMedia(&quot;plugin://plugin.video.castaway/?url=http%3A%2F%2Fwww.shadow-net.me%2Fchannels%2FABC-27.html&amp;play=True&amp;mode=play&amp;img=http%3A%2F%2Fwww.shadow-net.me%2Fproduct_images%2Fq%2F639%2Fabc27__39425_thumb.jpg&amp;title=ABC+27&amp;sf_options=fanart%3Dspecial%3A%2F%2Fhome%2Faddons%2Fplugin.video.castaway%2Ffanart.jpg%26winID%3D10025%26_options_sf&quot;)</favourite>
	<favourite name="ABC 7 Arkansas" thumb="http://www.shadow-net.me/product_images/h/793/KATV_2012_Logo__70086_thumb.png">PlayMedia(&quot;plugin://plugin.video.castaway/?url=http%3A%2F%2Fwww.shadow-net.me%2Fchannels%2FABC-7-Arkansas.html&amp;play=True&amp;mode=play&amp;img=http%3A%2F%2Fwww.shadow-net.me%2Fproduct_images%2Fh%2F793%2FKATV_2012_Logo__70086_thumb.png&amp;title=ABC+7+Arkansas&amp;sf_options=fanart%3Dspecial%3A%2F%2Fhome%2Faddons%2Fplugin.video.castaway%2Ffanart.jpg%26winID%3D10025%26_options_sf&quot;)</favourite>
	<favourite name="ABC" thumb="special://home/addons/plugin.video.castaway/resources/media/ibrod.png">PlayMedia(&quot;plugin://plugin.video.castaway/?url=http%3A%2F%2Fwww.ibrod.tv%2Fabc-tv-online.html&amp;play=True&amp;mode=play&amp;img=%2Fhome%2Fosmc%2F.kodi%2Faddons%2Fplugin.video.castaway%2Fresources%2Fmedia%2Fibrod.png&amp;title=ABC&amp;sf_options=fanart%3Dspecial%3A%2F%2Fhome%2Faddons%2Fplugin.video.castaway%2Ffanart.jpg%26winID%3D10025%26_options_sf&quot;)</favourite>
	<favourite name="ABC -" thumb="http://mc.ustvnow.com/gtv/1/live/viewposter?srsid=184382&amp;cs=WHTM&amp;tid=EP">PlayMedia(&quot;plugin://plugin.video.ustvnow.tva/?name=ABC&amp;mode=play&amp;sf_options=fanart%3Dspecial%3A%2F%2Fhome%2Faddons%2Fplugin.video.ustvnow.tva%2Fresources%2Fimages%2Flogos%2FABC.png%26winID%3D10025%26desc%3DNine+pit+bulls+are+accused+of+attacking+another+dog%3B+longtime+friends+regret+lending+money.%26_options_sf&quot;)</favourite>
	<favourite name="ABC east" thumb="http://s9.postimg.org/v16c7rumz/ABC.png">PlayMedia(&quot;plugin://plugin.video.3amigos/?url=plugin%3A%2F%2Fplugin.video.SportsDevil%2F%3Fmode%3D1%26amp%3Bitem%3Dcatcher%253dstreams%2526url%3Dhttp%3A%2F%2Fwww.shadow-net.biz%2Fchannels%2FABC-East.html%2526referer%3Dshadow-net.biz&amp;mode=12&amp;sf_options=fanart%3Dhttp%3A%2F%2Ficons.iconarchive.com%2Ficons%2Fcustom-icon-design%2Fflag-3%2F128%2FUnited-States-Flag-icon.png%26winID%3D10025%26_options_sf&quot;)</favourite>
</favourites>