<favourites>
	<favourite name="Discovery Science" thumb="special://home/addons/plugin.video.castaway/resources/media/tvone1.png">ActivateWindow(10025,&quot;plugin://plugin.video.castaway/?img=%2fhome%2fosmc%2f.kodi%2faddons%2fplugin.video.castaway%2fresources%2fmedia%2ftvone1.png&amp;mode=play_special&amp;site=tvone1&amp;title=Discovery%20Science&amp;url=http%3a%2f%2fwww.finecast.tv%2fembed4.php%3fu%3ddiscoverys%26vw%3d640%26vh%3d450%26referer%3dhttp%3a%2f%2fwww.247tvstream.com%2f&amp;sf_options=fanart%3Dspecial%3A%2F%2Fhome%2Faddons%2Fplugin.video.castaway%2Ffanart.jpg%26_options_sf&quot;,return)</favourite>
	<favourite name="- Discovery Science ( 0 Channels) -" thumb="http://bbts-repo.weebly.com/files/theme/Logos/DOCUMENTARIES/BBTS_discovery_science_Folder.png">ActivateWindow(10025,&quot;plugin://plugin.video.bbts/?folder=DOCUMENTARIES%2f-%20Discovery%20Science%20(%200%20Channels)%20-&amp;sf_options=fanart%3Dhttp%3A%2F%2Fbbts-repo.weebly.com%2Ffiles%2Ftheme%2FLogos%2FFolders%2Fdocos.jpg%26_options_sf&quot;,return)</favourite>
	<favourite name="DISCOVERY SCIENCE" thumb="https://upload.wikimedia.org/wikipedia/it/c/c5/500px-Discovery_Science_Italia_2012.png">PlayMedia(&quot;plugin://plugin.video.streamengine/?url=http%3A%2F%2Flag2.tv-mobile.org%2Fprgi.m3u8&amp;mode=2&amp;name=DISCOVERY+SCIENCE&amp;iconimage=https%3A%2F%2Fupload.wikimedia.org%2Fwikipedia%2Fit%2Fc%2Fc5%2F500px-Discovery_Science_Italia_2012.png&amp;play=&amp;date=&amp;description=&amp;page=&amp;sf_options=fanart%3Dhttp%3A%2F%2Fi1295.photobucket.com%2Falbums%2Fb636%2Fbeatbox8501%2Fwallpaper_zpsopwvguho.jpg%26winID%3D10025%26_options_sf&quot;)</favourite>
	<favourite name="Science (HD)" thumb="http://snapshots.streamlive.to/snapshots/00t250wv1d4ltib_snapshot.jpg">PlayMedia(&quot;plugin://plugin.video.castaway/?url=http%3A%2F%2Fwww.streamlive.to%2Fview%2F68871%2FScience_%2528HD%2529&amp;play=True&amp;mode=play&amp;img=http%3A%2F%2Fsnapshots.streamlive.to%2Fsnapshots%2F00t250wv1d4ltib_snapshot.jpg&amp;title=Science+%28HD%29&amp;sf_options=fanart%3Dspecial%3A%2F%2Fhome%2Faddons%2Fplugin.video.castaway%2Ffanart.jpg%26winID%3D10025%26_options_sf&quot;)</favourite>
</favourites>