<?xml version="1.0" encoding="UTF-8" standalone="yes"?>
<addon id="repository.TurnkeyTV" name="TurnkeyTV Add-ons" version="1.0.0" provider-name="TurnkeyTV">
    <extension point="xbmc.addon.repository" name="TurnkeyTV Add-ons">
        <info compressed="true">https://github.com/TurnkeyTV/repository.TurnkeyTV/raw/master/addons.xml</info>
        <checksum>https://github.com/TurnkeyTV/repository.TurnkeyTV/raw/master/addons.xml.md5</checksum>
        <datadir zip="true">https://raw.githubusercontent.com/TurnkeyTV/repository.TurnkeyTV/master/</datadir>
    </extension>
    <extension point="xbmc.addon.metadata">
        <summary>TurnkeyTV Add-ons</summary>
        <platform>all</platform>
    </extension>
</addon>