<favourites>
	<favourite name="FOX College Sports Central HD (Shows All College Sports)" thumb="http://a1.fssta.com/content/dam/fsdigital/fscom/Programming/FCSC_Logo_small.vresize.257.145.medium.18.jpg">PlayMedia(&quot;plugin://plugin.video.ukturk/?url=http%3A%2F%2Fftve1100-i.akamaihd.net%2Fhls%2Flive%2F217046%2Ffcsc%2F3964k%2Fprog.m3u8%7CX-Forwarded-For%3D13.107.25.55&amp;mode=3&amp;name=FOX+College+Sports+Central+HD+%28Shows+All+College+Sports%29&amp;iconimage=http%3A%2F%2Fa1.fssta.com%2Fcontent%2Fdam%2Ffsdigital%2Ffscom%2FProgramming%2FFCSC_Logo_small.vresize.257.145.medium.18.jpg&amp;description=BL&amp;sf_options=fanart%3Dspecial%3A%2F%2Fhome%2Faddons%2Fplugin.video.ukturk%2Ffanart.jpg%26winID%3D10025%26desc%3DBL%26_options_sf&quot;)</favourite>
	<favourite name="Fox College Sports Atlantic HD (Shows All College Sports)" thumb="http://www.tvrosat.com/logos/fox_college_sports_atlantic[1].png">PlayMedia(&quot;plugin://plugin.video.ukturk/?url=http%3A%2F%2Fftve1100-i.akamaihd.net%2Fhls%2Flive%2F217045%2Ffcsa%2F3964k%2Fprog.m3u8%7CX-Forwarded-For%3D13.107.25.55&amp;mode=3&amp;name=Fox+College+Sports+Atlantic+HD+%28Shows+All+College+Sports%29&amp;iconimage=http%3A%2F%2Fwww.tvrosat.com%2Flogos%2Ffox_college_sports_atlantic%5B1%5D.png&amp;description=BL&amp;sf_options=fanart%3Dspecial%3A%2F%2Fhome%2Faddons%2Fplugin.video.ukturk%2Ffanart.jpg%26winID%3D10025%26desc%3DBL%26_options_sf&quot;)</favourite>
	<favourite name="Fox College Sports Pacific HD (Shows All College Sports)" thumb="http://a2.fssta.com/content/dam/fsdigital/fscom/Programming/FCSP_Logo_small.vresize.257.145.medium.7.jpg">PlayMedia(&quot;plugin://plugin.video.ukturk/?url=http%3A%2F%2Fftve1100-i.akamaihd.net%2Fhls%2Flive%2F217047%2Ffcsp%2F3964k%2Fprog.m3u8%7CX-Forwarded-For%3D13.107.25.55&amp;mode=3&amp;name=Fox+College+Sports+Pacific+HD+%28Shows+All+College+Sports%29&amp;iconimage=http%3A%2F%2Fa2.fssta.com%2Fcontent%2Fdam%2Ffsdigital%2Ffscom%2FProgramming%2FFCSP_Logo_small.vresize.257.145.medium.7.jpg&amp;description=BL&amp;sf_options=fanart%3Dspecial%3A%2F%2Fhome%2Faddons%2Fplugin.video.ukturk%2Ffanart.jpg%26winID%3D10025%26desc%3DBL%26_options_sf&quot;)</favourite>
	<favourite name="FOX College Sports" thumb="http://i.imgur.com/RiTJwPA.jpg">PlayMedia(&quot;plugin://plugin.video.channelpear/?url=http%3A%2F%2Fftve1100-i.akamaihd.net%2Fhls%2Flive%2F217047%2Ffcsp%2F3964k%2Fprog.m3u8&amp;mode=12&amp;sf_options=winID%3D10025%26_options_sf&quot;)</favourite>
</favourites>