<favourites>
	<favourite name="TV Shows by Rating 2movies" thumb="special://home/addons/plugin.video.twomovies/resources/art//tvshows/tvshowsrating.png">ActivateWindow(10025,&quot;plugin://plugin.video.twomovies/?mode=tvplayyear&amp;name=TV%20Shows%20by%20Rating&amp;url=http%3a%2f%2ftwomovies.us%2fbrowse_tv_shows%2fall%2fbyRating%2fall%2f&quot;,return)</favourite>
	<favourite name="Top rated TV shows [I](TheMovieDB)[/I]" thumb="DefaultFolder.png">ActivateWindow(10025,&quot;plugin://script.extendedinfo/?info=topratedtvshows&quot;,return)</favourite>
	<favourite name="Highly rated primewire" thumb="special://home/addons/script.1channel.themepak/art/themes/Classic/highly_rated.png">ActivateWindow(10025,&quot;plugin://plugin.video.1channel/?mode=GetFilteredResults&amp;section=tv&amp;sort=ratings&amp;sf_options=fanart%3Dspecial%3A%2F%2Fhome%2Faddons%2Fscript.1channel.themepak%2Fart%2Fthemes%2FClassic%2Ffanart.png%26_options_sf&quot;,return)</favourite>
	<favourite name="Highly Rated exodus" thumb="special://home/addons/script.exodus.artwork/resources/media/exodus/highly-rated.png">ActivateWindow(10025,&quot;plugin://plugin.video.exodus/?action=tvshows&amp;url=rating&amp;sf_options=fanart%3Dspecial%3A%2F%2Fhome%2Faddons%2Fscript.exodus.artwork%2Fresources%2Fmedia%2Fexodus%2Ffanart.jpg%26_options_sf&quot;,return)</favourite>
	<favourite name="Highly Rated ice" thumb="special://home/addons/plugin.video.icefilms/resources/art/highly rated.png">ActivateWindow(10025,&quot;plugin://plugin.video.icefilms/?mode=11&amp;name=Highly%20Rated&amp;url=http%3a%2f%2fwww.icefilms.info%2ftv%2frating%2f1&quot;,return)</favourite>
	<favourite name="Highly Rated specto" thumb="special://home/addons/plugin.video.specto/resources/media/gone/tvshowsRating.jpg">ActivateWindow(10025,&quot;plugin://plugin.video.specto/?action=tvshows&amp;url=rating&amp;sf_options=fanart%3Dspecial%3A%2F%2Fhome%2Faddons%2Fplugin.video.specto%2Fresources%2Fmedia%2Fgone%2Ffanart.jpg%26_options_sf&quot;,return)</favourite>
	<favourite name="Most Voted specto" thumb="special://home/addons/plugin.video.specto/resources/media/gone/tvshowsViews.jpg">ActivateWindow(10025,&quot;plugin://plugin.video.specto/?action=tvshows&amp;url=views&amp;sf_options=fanart%3Dspecial%3A%2F%2Fhome%2Faddons%2Fplugin.video.specto%2Fresources%2Fmedia%2Fgone%2Ffanart.jpg%26_options_sf&quot;,return)</favourite>
	<favourite name="Highly Rated" thumb="DefaultFolder.png">ActivateWindow(10025,&quot;plugin://script.icechannel/?episode&amp;fanart&amp;favorite=false&amp;imdb_id&amp;img&amp;indexer=tv_shows&amp;indexer_id=IMDb&amp;istream_path=%20%3a%20TV%20Shows%20%3a%20Highly%20Rated&amp;mode=section&amp;name&amp;season&amp;section=user_rating&amp;title=Highly%20Rated&amp;trailer&amp;type=tv_shows&amp;url=http%3a%2f%2fimdb.com%2fsearch%2ftitle%3fhas%3dtechnical%26moviemeter%3d%2c50000%26num_votes%3d25000%2c%26title_type%3dtv_series%2cmini_series%26sort%3duser_rating%2cdesc&amp;urls&amp;year&quot;,return)</favourite>
</favourites>