<favourites>
	<favourite name="2 Movies Evolved" thumb="special://home/addons/plugin.video.twomovies/icon.png">ActivateWindow(10025,&quot;plugin://plugin.video.twomovies/?sf_options=desc%3D-+GFX+by+%3AMarquerite++A+deep+database+of+Movies+%2C+TV+Shows.+Downloading+to+your+library+has+never+been+easier.%26_options_sf&quot;,return)</favourite>
	<favourite name="1Channel" thumb="special://home/addons/plugin.video.1channel/icon.png">ActivateWindow(10025,&quot;plugin://plugin.video.1channel?sf_options=fanart%3Dspecial%3A%2F%2Fhome%2Faddons%2Fplugin.video.1channel%2Ffanart.jpg%26desc%3DPlay+a+wide+selection+of+movies+and+TV+shows+from+PrimeWire.ag.%0A%2A%2A%2AThis+addon+is+supported+at+%5BCOLOR+blue%5Dwww.tvaddons.ag%5B%2FCOLOR%5D%2C+%5BCOLOR+white%5D%5BB%5DNOT%5B%2FB%5D%5B%2FCOLOR%5D+%5BCOLOR+red%5Dxbmc.org%5B%2FCOLOR%5D.+%2A%2A%2A%26_options_sf&quot;,return)</favourite>
	<favourite name="[B]OCW[/B] [COLOR lemonchiffon]Reborn[/COLOR]" thumb="special://home/addons/plugin.video.ocw/icon.png">ActivateWindow(10025,&quot;plugin://plugin.video.ocw?sf_options=fanart%3Dspecial%3A%2F%2Fhome%2Faddons%2Fplugin.video.ocw%2Ffanart.jpg%26desc%3DPlay+a+wide+selection+of+scene+release+movies+and+Tv+shows+from+%5BB%5DOCW%5B%2FB%5D+%5BCOLOR+lemonchiffon%5DReborn%5B%2FCOLOR%5D+%5BCOLOR+blue%5D%5BB%5DGo+to+www.entertainmentrepo.com+for+more+info%5B%2FB%5D%5B%2FCOLOR%5D%26_options_sf&quot;,return)</favourite>
	<favourite name="80&apos;s kids" thumb="special://home/addons/plugin.video.ts80k/icon.png">ActivateWindow(10025,&quot;plugin://plugin.video.ts80k?sf_options=fanart%3Dspecial%3A%2F%2Fhome%2Faddons%2Fplugin.video.ts80k%2Ffanart.jpg%26desc%3DThe+Best+80s+show+when+i+was+a+kid%26_options_sf&quot;,return)</favourite>
	<favourite name="Alluc" thumb="special://home/addons/plugin.video.alluc.api/icon.png">ActivateWindow(10025,&quot;plugin://plugin.video.alluc.api?sf_options=fanart%3Dspecial%3A%2F%2Fhome%2Faddons%2Fplugin.video.alluc.api%2Ffanart.jpg%26desc%3DTurns+kodi+into+an+instant+free+on-demand+media-center.+Browse+and+play+movies+and+series+found+all+over+the+internet.%26_options_sf&quot;,return)</favourite>
	<favourite name="BBTS" thumb="special://home/addons/plugin.video.bbts/icon.png">ActivateWindow(10025,&quot;plugin://plugin.video.bbts?sf_options=fanart%3Dspecial%3A%2F%2Fhome%2Faddons%2Fplugin.video.bbts%2Ffanart.jpg%26desc%3D%5BCOLOR+yellowgreen%5DB%5B%2FCOLOR%5D%5BCOLOR+dodgerblue%5DB%5B%2FCOLOR%5D%5BCOLOR+white%5DT%5B%2FCOLOR%5D%5BCOLOR+orangered%5DS%5B%2FCOLOR%5D+video+plugin+is+a+collection+of+Live+TV+and+Radio+streams+from+around+the+world.%0A%0A%5BCOLOR+yellowgreen%5DB%5B%2FCOLOR%5D%5BCOLOR+dodgerblue%5DB%5B%2FCOLOR%5D%5BCOLOR+white%5DT%5B%2FCOLOR%5D%5BCOLOR+orangered%5DS%5B%2FCOLOR%5D+source+is+brought+to+you+by+the+people+and+for+the+people.+With+your+support%2C+we+will+give+back+even+more+for+all+of+us%21+Let%27s+get+started%21+Website+%3A%5BCOLOR+blue%5D%5BB%5Dhttp%3A%2F%2Fwww.bbtsip.tv%5B%2FB%5D%5B%2FCOLOR%5D%0APlugin+by+%40koderdude%26_options_sf&quot;,return)</favourite>
	<favourite name="1Chief Playlists" thumb="special://home/addons/plugin.video.1chief/icon.png">ActivateWindow(10025,&quot;plugin://plugin.video.1chief?sf_options=fanart%3Dspecial%3A%2F%2Fhome%2Faddons%2Fplugin.video.1chief%2Ffanart.jpg%26desc%3D%401ChiefUK+Is+Not+Connected+To+Or+In+Any+Other+Way+Affiliated+With+Kodi%2CTeam+Kodi%2C+Or+The+XBMC+Foundation%26_options_sf&quot;,return)</favourite>
	<favourite name="Cliq!" thumb="special://home/addons/plugin.video.moviedb/icon.png">ActivateWindow(10025,&quot;plugin://plugin.video.moviedb?sf_options=fanart%3Dspecial%3A%2F%2Fhome%2Faddons%2Fplugin.video.moviedb%2Ffanart.jpg%26desc%3D%22Cliq%22+Includes+iLive+Streams%2C+Movies%2C+Tv+Shows%2C+Cartoons+and+Sports+from+several+source+websites.+Content+is+updated+daily.+Download+Movies+and+Shows+to+your+library+with+a+Queue%21%21+Has+add-on+Wide+Favorites%21+If+you+want+it+all+Just+Cliq%21%21%21%26_options_sf&quot;,return)</favourite>
	<favourite name="Crackle" thumb="special://home/addons/plugin.video.newcrackle/icon.png">ActivateWindow(10025,&quot;plugin://plugin.video.newcrackle?sf_options=fanart%3Dspecial%3A%2F%2Fhome%2Faddons%2Fplugin.video.newcrackle%2Ffanart.jpg%26desc%3DCrackle+is+the+place+to+experience+pure+entertainment%3A+full-length+movies%2C+TV+shows%2C+and+original+series+from+genres+that+embody+cool+--+all+uncut%2C+uncensored%2C+and+unbelievably+free.+Well%2C+that%27s+what+the+PR+waffle+says+anyway+%3B-%29%26_options_sf&quot;,return)</favourite>
	<favourite name="CrimeTube" thumb="special://home/addons/plugin.video.yt-crime/icon.png">ActivateWindow(10025,&quot;plugin://plugin.video.yt-crime?sf_options=fanart%3Dspecial%3A%2F%2Fhome%2Faddons%2Fplugin.video.yt-crime%2Ffanart.jpg%26desc%3DA+megamix+of+True+Crime+channels+and+playlists+from+YouTube%2C+First+48%2C+Serial+Killers.%26_options_sf&quot;,return)</favourite>
	<favourite name="DDLseries" thumb="special://home/addons/plugin.video.ddlseriesER/icon.png">ActivateWindow(10025,&quot;plugin://plugin.video.ddlseriesER?sf_options=fanart%3Dspecial%3A%2F%2Fhome%2Faddons%2Fplugin.video.ddlseriesER%2Ffanart.jpg%26desc%3DWatch+full+HD+1080p+720p+and+SD+full+seasons+on+ddlseries+%28beta%29+%5BCOLOR+red%5D%5BB%5DDEBRID+ACCOUNT+NEEDED%5B%2FB%5D%5B%2FCOLOR%5D+For+more+info+go+to+www.entertainmentrepo.com%26_options_sf&quot;,return)</favourite>
	<favourite name="DandyMedia Boxsets" thumb="special://home/addons/plugin.video.dandyboxset/icon.png">ActivateWindow(10025,&quot;plugin://plugin.video.dandyboxset?sf_options=fanart%3Dspecial%3A%2F%2Fhome%2Faddons%2Fplugin.video.dandyboxset%2Ffanart.jpg%26desc%3DA+Special+thank+you+to+MettleKettle+for+the+original+code+used%26_options_sf&quot;,return)</favourite>
	<favourite name="DIY Network" thumb="special://home/addons/plugin.video.diy/icon.png">ActivateWindow(10025,&quot;plugin://plugin.video.diy?sf_options=fanart%3Dspecial%3A%2F%2Fhome%2Faddons%2Fplugin.video.diy%2Ffanart.jpg%26desc%3DFrom+remodeling+to+gardening+to+crafts+DIYNetwork.com+provides+resources+and+knowledge+through+step-by-step+photos+and+videos%26_options_sf&quot;,return)</favourite>
	<favourite name="Docu-Hub" thumb="special://home/addons/plugin.video.docuhub/icon.png">ActivateWindow(10025,&quot;plugin://plugin.video.docuhub?sf_options=fanart%3Dspecial%3A%2F%2Fhome%2Faddons%2Fplugin.video.docuhub%2Ffanart.jpg%26desc%3DDocumentary+Films+from+the+Web%26_options_sf&quot;,return)</favourite>
	<favourite name="DocumentaryTube" thumb="special://home/addons/plugin.video.documentarytube/icon.png">ActivateWindow(10025,&quot;plugin://plugin.video.documentarytube?sf_options=fanart%3Dspecial%3A%2F%2Fhome%2Faddons%2Fplugin.video.documentarytube%2Ffanart.jpg%26desc%3DThousands+of+Documentaries+on+YouTube.+Including+Richard+Attenborough%2C+Nat+Geo%2C+BBC%2C+PBS+-+Nova%2C+How+Its+Made%2C+Bear+Grylls%2C+Bush+Tucker+Man%2C+Tanked%2C+Grand+Designs+and+many+more.%26_options_sf&quot;,return)</favourite>
	<favourite name="Entertainment [COLOR firebrick][B]HUB[/B][/COLOR]" thumb="special://home/addons/plugin.video.allinone/icon.png">ActivateWindow(10025,&quot;plugin://plugin.video.allinone?sf_options=fanart%3Dspecial%3A%2F%2Fhome%2Faddons%2Fplugin.video.allinone%2Ffanart.jpg%26desc%3DPlay+a+wide+selection+of+scene+release+movies+and+Tv+shows+from+OCW+ClickNWatchOnline+300MbMovies4u+Links+and+loads+more+in+this+%5BCOLOR+lime%5DSUPER+ADDON%5B%2FCOLOR%5D+1000%27s+and+1000%27s+of+movies+and+tv+shows+all+free....+best+hosts+are+vidlocker+hugefiles+vidto+mightyupload+vidbull+180upload+movreel+vidxden+vidbux+and+many+many+more...NOW+WITH+RADIO+STREAMING..++For+more+info+go+to+www.entertainmentrepo.com%26_options_sf&quot;,return)</favourite>
	<favourite name="Exodus" thumb="special://home/addons/plugin.video.exodus/icon.png">ActivateWindow(10025,&quot;plugin://plugin.video.exodus?sf_options=fanart%3Dspecial%3A%2F%2Fhome%2Faddons%2Fplugin.video.exodus%2Ffanart.jpg%26desc%3DPlease+visit+www.tvaddons.ag+for+Exodus+support+and+assistance%21+Kindly+note+that+Exodus+is+not+an+official+part+of+the+media+player+you+are+running%2C+and+therefore+not+to+be+mentioned+within+official+support+channels%2C+this+addon+has+nothing+to+do+with+the+media+player+itself%2C+nor+it%E2%80%99s+intended+use%2C+it+is+simply+a+third+party+plugin+which+has+been+added+to+your+system.%26_options_sf&quot;,return)</favourite>
	<favourite name="Hallmark Channel" thumb="special://home/addons/plugin.video.hallmark/icon.png">ActivateWindow(10025,&quot;plugin://plugin.video.hallmark?sf_options=fanart%3Dspecial%3A%2F%2Fhome%2Faddons%2Fplugin.video.hallmark%2Ffanart.jpg%26desc%3DHallmark+Channel.+The+channel%27s+programming+is+primarily+targeted+at+families%2C+and+features+a+mix+of+television+movies+and+miniseries%2C+original+and+acquired+television+series%2C+and+lifestyle+programs.%26_options_sf&quot;,return)</favourite>
	<favourite name="HGTV" thumb="special://home/addons/plugin.video.hgtv/icon.png">ActivateWindow(10025,&quot;plugin://plugin.video.hgtv?sf_options=fanart%3Dspecial%3A%2F%2Fhome%2Faddons%2Fplugin.video.hgtv%2Ffanart.jpg%26desc%3DPlay+videos+from+the+HGTV+Network%26_options_sf&quot;,return)</favourite>
	<favourite name="Icefilms" thumb="special://home/addons/plugin.video.icefilms/icon.png">ActivateWindow(10025,&quot;plugin://plugin.video.icefilms?sf_options=fanart%3Dspecial%3A%2F%2Fhome%2Faddons%2Fplugin.video.icefilms%2Ffanart.jpg%26desc%3DVisit+www.tvaddons.ag+for+support.%0A++++++++%0ATurns+your+XBMC+into+an+instant+free+on-demand+media-center.+Stream+and+download+to+your+library+DVD+and+HD720p+quality+videos.+Browse+and+search+the+library+of+over+77%2C000+videos+with+metadata+and+posters.+Never+experience+the+frustration+of+dead+video+links%21%26_options_sf&quot;,return)</favourite>
	<favourite name="iSTREAM" thumb="special://home/addons/script.icechannel/icon.png">ActivateWindow(10025,&quot;plugin://script.icechannel?sf_options=fanart%3Dspecial%3A%2F%2Fhome%2Faddons%2Fscript.icechannel%2Ffanart.jpg%26desc%3DiSTREAM%26_options_sf&quot;,return)</favourite>
	<favourite name="MD.Watchseries" thumb="special://home/addons/plugin.video.mdws/icon.png">ActivateWindow(10025,&quot;plugin://plugin.video.mdws?sf_options=fanart%3Dspecial%3A%2F%2Fhome%2Faddons%2Fplugin.video.mdws%2Ffanart.jpg%26desc%3DWatch+TV+Series+From+One+Of+The+Best+Sites+On+The+Web+Brought+To+You+By+Mucky+Duck%26_options_sf&quot;,return)</favourite>
	<favourite name="MorePower" thumb="special://home/addons/plugin.video.morepower/icon.png">ActivateWindow(10025,&quot;plugin://plugin.video.morepower?sf_options=fanart%3Dspecial%3A%2F%2Fhome%2Faddons%2Fplugin.video.morepower%2Ffanart.jpg%26desc%3DA+Standalone+Add-on+For+The+Excellent+Play-list+From+MorePower.++Thank+you+very+much+for+stopping+by.+You+will+find+i+have+a+very+wide+selection+of+movies.+I+strive+to+have+only+the+BEST+quality.%26_options_sf&quot;,return)</favourite>
	<favourite name="Movie4K.to" thumb="special://home/addons/plugin.video.movie4k/icon.png">ActivateWindow(10025,&quot;plugin://plugin.video.movie4k?sf_options=fanart%3Dspecial%3A%2F%2Fhome%2Faddons%2Fplugin.video.movie4k%2Ffanart.jpg%26desc%3DMovie4K+is+one+of+the+best+and+easiest+free+movies+websites+to+watch+movies+on+the+internet.+Simply+select+the+movie+of+your+choice+for+free+and+without+registration.%26_options_sf&quot;,return)</favourite>
	<favourite name="Movie25" thumb="special://home/addons/plugin.video.moviestwentyfive/icon.png">ActivateWindow(10025,&quot;plugin://plugin.video.moviestwentyfive?sf_options=fanart%3Dspecial%3A%2F%2Fhome%2Faddons%2Fplugin.video.moviestwentyfive%2Ffanart.jpg%26desc%3DWatch+content+from+www.movie25.so%26_options_sf&quot;,return)</favourite>
	<favourite name="Movies4ME" thumb="special://home/addons/plugin.video.movies4me/icon.png">ActivateWindow(10025,&quot;plugin://plugin.video.movies4me?sf_options=fanart%3Dspecial%3A%2F%2Fhome%2Faddons%2Fplugin.video.movies4me%2Ffanart.jpg%26desc%3DSD+or+HD%2C+it%27s+your+choice.+Watch+your+favourite+movies+with+one+click.%26_options_sf&quot;,return)</favourite>
	<favourite name="Oxygen" thumb="special://home/addons/plugin.video.oxygen/icon.png">ActivateWindow(10025,&quot;plugin://plugin.video.oxygen?sf_options=fanart%3Dspecial%3A%2F%2Fhome%2Faddons%2Fplugin.video.oxygen%2Ffanart.jpg%26desc%3DOxygen+Channel+video+addon.%26_options_sf&quot;,return)</favourite>
	<favourite name="Phoenix" thumb="special://home/addons/plugin.video.phstreams/icon.png">ActivateWindow(10025,&quot;plugin://plugin.video.phstreams?sf_options=fanart%3Dspecial%3A%2F%2Fhome%2Faddons%2Fplugin.video.phstreams%2Ffanart.jpg%26desc%3DDiscover+Great+Streaming+Playlists+Exclusive+to+Kodi%2C+Please+visit+www.tvaddons.ag+for+help+and+support%21%26_options_sf&quot;,return)</favourite>
	<favourite name="Project Free TV" thumb="special://home/addons/plugin.video.projectfreetv/icon.png">ActivateWindow(10025,&quot;plugin://plugin.video.projectfreetv?sf_options=fanart%3Dspecial%3A%2F%2Fhome%2Faddons%2Fplugin.video.projectfreetv%2Ffanart.jpg%26desc%3DVisit+www.tvaddons.ag+for+support.%26_options_sf&quot;,return)</favourite>
	<favourite name="Rlseries" thumb="special://home/addons/plugin.video.rlseriesER/icon.png">ActivateWindow(10025,&quot;plugin://plugin.video.rlseriesER?sf_options=fanart%3Dspecial%3A%2F%2Fhome%2Faddons%2Fplugin.video.rlseriesER%2Ffanart.jpg%26desc%3DWatch+full+tv+series+online+from+Rlseries+for+more+info+on+this+addon+go+to+www.entertainmentrepo.com%26_options_sf&quot;,return)</favourite>
	<favourite name="Specto - ... Fork" thumb="special://home/addons/plugin.video.specto/icon.png">ActivateWindow(10025,&quot;plugin://plugin.video.specto?sf_options=fanart%3Dspecial%3A%2F%2Fhome%2Faddons%2Fplugin.video.specto%2Ffanart.jpg%26desc%3DMrknow+fork+of+...%2C+support+https%3A%2F%2Fgithub.com%2Fmrknow%2Ffilmkodi%2Fissues.%26_options_sf&quot;,return)</favourite>
	<favourite name="Stream All The Sources" thumb="special://home/addons/plugin.video.salts/icon.png">ActivateWindow(10025,&quot;plugin://plugin.video.salts?sf_options=fanart%3Dspecial%3A%2F%2Fhome%2Faddons%2Fplugin.video.salts%2Ffanart.jpg%26desc%3DThis+addon+uses+trakt.tv+for+most+show+and+movie+meta+data+and+uses+a+variety+of+websites+for+hoster+sources%26_options_sf&quot;,return)</favourite>
	<favourite name="The Royal We" thumb="special://home/addons/plugin.video.theroyalwe/icon.png">ActivateWindow(10025,&quot;plugin://plugin.video.theroyalwe?sf_options=fanart%3Dspecial%3A%2F%2Fhome%2Faddons%2Fplugin.video.theroyalwe%2Ffanart.jpg%26desc%3DThe+Royal+We+is+getting+better+then+ever.+It%27s+all+about+simplicity+and+lots+of+sources.+No+settings.+No+configuration+%28except+for+a+Trakt.tv+account+if+you+have+one%29.%26_options_sf&quot;,return)</favourite>
	<favourite name="TvOnline" thumb="special://home/addons/plugin.video.tvonlineER/icon.png">ActivateWindow(10025,&quot;plugin://plugin.video.tvonlineER?sf_options=fanart%3Dspecial%3A%2F%2Fhome%2Faddons%2Fplugin.video.tvonlineER%2Ffanart.jpg%26desc%3DEvery+Tv+Show+ever+made%26_options_sf&quot;,return)</favourite>
	<favourite name="TV Mix" thumb="special://home/addons/plugin.video.tvmix/icon.png">ActivateWindow(10025,&quot;plugin://plugin.video.tvmix?sf_options=fanart%3Dspecial%3A%2F%2Fhome%2Faddons%2Fplugin.video.tvmix%2Ffanart.jpg%26_options_sf&quot;,return)</favourite>
	<favourite name="Ustvcc" thumb="special://home/addons/plugin.video.ustvcc/icon.png">ActivateWindow(10025,&quot;plugin://plugin.video.ustvcc/?sf_options=desc%3DWatch+US+TV+series+from+ustv.cc%26_options_sf&quot;,return)</favourite>
	<favourite name="Velocity" thumb="special://home/addons/plugin.video.velocity/icon.png">ActivateWindow(10025,&quot;plugin://plugin.video.velocity?sf_options=fanart%3Dspecial%3A%2F%2Fhome%2Faddons%2Fplugin.video.velocity%2Ffanart.jpg%26desc%3DStream+Videos+from+multiple+sources+via+Information+obtained+from+Trakt.tv%2C+and+or+your+Trakt+Account%26_options_sf&quot;,return)</favourite>
	<favourite name="VidTime" thumb="special://home/addons/plugin.video.VidTime/icon.png">ActivateWindow(10025,&quot;plugin://plugin.video.VidTime?sf_options=fanart%3Dspecial%3A%2F%2Fhome%2Faddons%2Fplugin.video.VidTime%2Ffanart.jpg%26desc%3DA+simple+TV+and+Movie+addon+that+gives+a+great+quality+stream.%5BCR%5DRegister+for+Free.+++%5BB%5Dwww.streamlord.com%5B%2FB%5D%26_options_sf&quot;,return)</favourite>
	<favourite name="Watch TV Series" thumb="special://home/addons/plugin.video.mdwatchtvseries/icon.png">ActivateWindow(10025,&quot;plugin://plugin.video.mdwatchtvseries?sf_options=fanart%3Dspecial%3A%2F%2Fhome%2Faddons%2Fplugin.video.mdwatchtvseries%2Ffanart.jpg%26desc%3DStream+Content+From+The+tvserieswatch.net+WebSite%26_options_sf&quot;,return)</favourite>
	<favourite name="WNBC Programs" thumb="special://home/addons/plugin.video.wnbc/icon.png">ActivateWindow(10025,&quot;plugin://plugin.video.wnbc/?sf_options=desc%3DWNBC+Programs+from+the+flagship+NBC+station+in+New+York.+Programs+include%3A+The+Tonight+Show%2C+NBC+News+and+NBC+Classic+TV.%26_options_sf&quot;,return)</favourite>
</favourites>