<favourites>
	<favourite name="NBA" thumb="special://home/addons/plugin.video.NBA/icon.png">ActivateWindow(10025,&quot;plugin://plugin.video.NBA?sf_options=fanart%3Dspecial%3A%2F%2Fhome%2Faddons%2Fplugin.video.NBA%2Ffanart.jpg%26desc%3DNational+Basketball+Association.+Official+home+of+the+most+compelling+basketball+action+from+the+NBA%26_options_sf&quot;,return)</favourite>
	<favourite name="NBA Full Games" thumb="special://home/addons/plugin.video.nbafullgames/icon.png">ActivateWindow(10025,&quot;plugin://plugin.video.nbafullgames?sf_options=fanart%3Dspecial%3A%2F%2Fhome%2Faddons%2Fplugin.video.nbafullgames%2Ffanart.jpg%26desc%3DWatch+full+NBA+games+available+in+720p%2C+watch+highlights+and+top+plays+from+nba.com+and+more.%26_options_sf&quot;,return)</favourite>
	<favourite name="NBA League Pass" thumb="special://home/addons/plugin.video.nbaleague/icon.png">ActivateWindow(10025,&quot;plugin://plugin.video.nbaleague?sf_options=fanart%3Dspecial%3A%2F%2Fhome%2Faddons%2Fplugin.video.nbaleague%2Ffanart.jpg%26desc%3DFeatures%3A+Archive+and+condensed+games+for+the+NBA+2012+and+2013+seasons.+Fanart+and+thumbnails.+Requires+a+subscription+to+the+International+League+Pass%3A+http%3A%2F%2Fwww.nba.com%2Fleaguepass%2F%26_options_sf&quot;,return)</favourite>
	<favourite name="NBA On-demand" thumb="special://home/addons/plugin.video.nbaondemand/icon.png">ActivateWindow(10025,&quot;plugin://plugin.video.nbaondemand?sf_options=fanart%3Dspecial%3A%2F%2Fhome%2Faddons%2Fplugin.video.nbaondemand%2Ffanart.jpg%26desc%3DVisit+TVADDONS.ag+for+support%26_options_sf&quot;,return)</favourite>
	<favourite name="NBA Replays" thumb="special://home/addons/plugin.video.nbareplays/icon.png">ActivateWindow(10025,&quot;plugin://plugin.video.nbareplays?sf_options=fanart%3Dspecial%3A%2F%2Fhome%2Faddons%2Fplugin.video.nbareplays%2Ffanart.jpg%26desc%3DNBA+Replays%26_options_sf&quot;,return)</favourite>
</favourites>