<favourites>
	<favourite name="Bravo" thumb="special://home/addons/plugin.video.bravo/icon.png">ActivateWindow(10025,&quot;plugin://plugin.video.bravo?sf_options=fanart%3Dspecial%3A%2F%2Fhome%2Faddons%2Fplugin.video.bravo%2Ffanart.jpg%26desc%3DBravo+TV+Video+Addon%26_options_sf&quot;,return)</favourite>
	<favourite name="Esquire TV" thumb="special://home/addons/plugin.video.esquire/icon.png">ActivateWindow(10025,&quot;plugin://plugin.video.esquire?sf_options=fanart%3Dspecial%3A%2F%2Fhome%2Faddons%2Fplugin.video.esquire%2Ffanart.jpg%26desc%3DEsquire+TV+Video+Addon%26_options_sf&quot;,return)</favourite>
	<favourite name="DIY Network" thumb="special://home/addons/plugin.video.diy/icon.png">ActivateWindow(10025,&quot;plugin://plugin.video.diy?sf_options=fanart%3Dspecial%3A%2F%2Fhome%2Faddons%2Fplugin.video.diy%2Ffanart.jpg%26desc%3DFrom+remodeling+to+gardening+to+crafts+DIYNetwork.com+provides+resources+and+knowledge+through+step-by-step+photos+and+videos%26_options_sf&quot;,return)</favourite>
	<favourite name="Food Network" thumb="special://home/addons/plugin.video.foodnetwork/icon.png">ActivateWindow(10025,&quot;plugin://plugin.video.foodnetwork?sf_options=fanart%3Dspecial%3A%2F%2Fhome%2Faddons%2Fplugin.video.foodnetwork%2Ffanart.jpg%26desc%3DPlay+videos+from+the+Food+Network%26_options_sf&quot;,return)</favourite>
	<favourite name="Hallmark Channel" thumb="special://home/addons/plugin.video.hallmark/icon.png">ActivateWindow(10025,&quot;plugin://plugin.video.hallmark?sf_options=fanart%3Dspecial%3A%2F%2Fhome%2Faddons%2Fplugin.video.hallmark%2Ffanart.jpg%26desc%3DHallmark+Channel.+The+channel%27s+programming+is+primarily+targeted+at+families%2C+and+features+a+mix+of+television+movies+and+miniseries%2C+original+and+acquired+television+series%2C+and+lifestyle+programs.%26_options_sf&quot;,return)</favourite>
	<favourite name="HGTV" thumb="special://home/addons/plugin.video.hgtv/icon.png">ActivateWindow(10025,&quot;plugin://plugin.video.hgtv?sf_options=fanart%3Dspecial%3A%2F%2Fhome%2Faddons%2Fplugin.video.hgtv%2Ffanart.jpg%26desc%3DPlay+videos+from+the+HGTV+Network%26_options_sf&quot;,return)</favourite>
	<favourite name="CBSnews.com" thumb="special://home/addons/plugin.video.cbsnews_com/icon.png">ActivateWindow(10025,&quot;plugin://plugin.video.cbsnews_com/?sf_options=desc%3DVarious+news+and+shows+%2860+Minutes%2C+48+Hours%2C+...%29%26_options_sf&quot;,return)</favourite>
	<favourite name="Oxygen" thumb="special://home/addons/plugin.video.oxygen/icon.png">ActivateWindow(10025,&quot;plugin://plugin.video.oxygen?sf_options=fanart%3Dspecial%3A%2F%2Fhome%2Faddons%2Fplugin.video.oxygen%2Ffanart.jpg%26desc%3DOxygen+Channel+video+addon.%26_options_sf&quot;,return)</favourite>
	<favourite name="PBS ThinkTV" thumb="special://home/addons/plugin.video.thinktv/icon.png">ActivateWindow(10025,&quot;plugin://plugin.video.thinktv?sf_options=fanart%3Dspecial%3A%2F%2Fhome%2Faddons%2Fplugin.video.thinktv%2Ffanart.jpg%26desc%3DPBS+ThinkTV%26_options_sf&quot;,return)</favourite>
	<favourite name="Smithsonian Channel" thumb="special://home/addons/plugin.video.smithsonian/icon.png">ActivateWindow(10025,&quot;plugin://plugin.video.smithsonian?sf_options=fanart%3Dspecial%3A%2F%2Fhome%2Faddons%2Fplugin.video.smithsonian%2Ffanart.jpg%26desc%3DPlay+1080+HD+videos+from+the+Smithsonian+Channel.%26_options_sf&quot;,return)</favourite>
	<favourite name="Travel Channel" thumb="special://home/addons/plugin.video.travel/icon.png">ActivateWindow(10025,&quot;plugin://plugin.video.travel?sf_options=fanart%3Dspecial%3A%2F%2Fhome%2Faddons%2Fplugin.video.travel%2Ffanart.jpg%26desc%3DCheck+out+travel+videos%2C+shows%2C+and+guides+on+top+travel+destinations+on+Travel+Channel%26_options_sf&quot;,return)</favourite>
	<favourite name="WCBS Programs" thumb="special://home/addons/plugin.video.wral/icon.png">ActivateWindow(10025,&quot;plugin://plugin.video.wral?sf_options=fanart%3Dspecial%3A%2F%2Fhome%2Faddons%2Fplugin.video.wral%2Ffanart.jpg%26desc%3DGet+current+CBS+News%2C+current+and+classic+CBS+programs.%26_options_sf&quot;,return)</favourite>
	<favourite name="WABC Programs" thumb="special://home/addons/plugin.video.wabc/icon.png">ActivateWindow(10025,&quot;plugin://plugin.video.wabc?sf_options=fanart%3Dspecial%3A%2F%2Fhome%2Faddons%2Fplugin.video.wabc%2Ffanart.jpg%26desc%3DWABC+Programs+in+1080+from+the+flagship+ABC+station+in+New+York.%26_options_sf&quot;,return)</favourite>
	<favourite name="WNBC Programs" thumb="special://home/addons/plugin.video.wnbc/icon.png">ActivateWindow(10025,&quot;plugin://plugin.video.wnbc/?sf_options=desc%3DWNBC+Programs+from+the+flagship+NBC+station+in+New+York.+Programs+include%3A+The+Tonight+Show%2C+NBC+News+and+NBC+Classic+TV.%26_options_sf&quot;,return)</favourite>
	<favourite name="ABC Family" thumb="special://home/addons/plugin.video.abcfamily/icon.png">ActivateWindow(10025,&quot;plugin://plugin.video.abcfamily?sf_options=fanart%3Dspecial%3A%2F%2Fhome%2Faddons%2Fplugin.video.abcfamily%2Ffanart.jpg%26desc%3DABC+Family+Channel+Programs+in+1080%26_options_sf&quot;,return)</favourite>
</favourites>