<favourites>
	<favourite name="HORSE RACING" thumb="http://s17.postimg.org/migj67i27/Horse_Racing.jpg">ActivateWindow(10025,&quot;plugin://plugin.video.phstreams/?action=ndmode&amp;audio=0&amp;content=0&amp;fanart=http%3a%2f%2fimg1.goodfon.su%2foriginal%2f1920x1080%2f7%2f52%2fking-queen-crown-poker.jpg&amp;image=http%3a%2f%2fs17.postimg.org%2fmigj67i27%2fHorse_Racing.jpg&amp;name=HORSE%20RACING&amp;tvshow=0&amp;url=http%3a%2f%2fgibraltar.watchkodi.com%2fHorseRace1%2fHorseRace1_Directory.xml&amp;sf_options=fanart%3Dhttp%3A%2F%2Fimg1.goodfon.su%2Foriginal%2F1920x1080%2F7%2F52%2Fking-queen-crown-poker.jpg%26desc%3DDiscover+Great+Streaming+Playlists%21%26_options_sf&quot;,return)</favourite>
	<favourite name="Racing" thumb="special://home/addons/plugin.video.castaway/resources/media/icons/horse_racing.png">ActivateWindow(10025,&quot;plugin://plugin.video.castaway/?mode=open_sport_cat&amp;site=vipbox&amp;url=http%3a%2f%2fwww.vipleague.me%2fsports%2fhorse-racing.html&amp;sf_options=fanart%3Dspecial%3A%2F%2Fhome%2Faddons%2Fplugin.video.castaway%2Ffanart.jpg%26_options_sf&quot;,return)</favourite>
	<favourite name="Equestrianism (1)" thumb="special://home/addons/plugin.video.castaway/resources/media/icons/equestrianism.png">ActivateWindow(10025,&quot;plugin://plugin.video.castaway/?mode=open_sport_cat&amp;site=livetv&amp;url=http%3a%2f%2fxliveru.sx%2fen%2fallupcomingsports%2f72%2f&amp;sf_options=fanart%3Dspecial%3A%2F%2Fhome%2Faddons%2Fplugin.video.castaway%2Ffanart.jpg%26_options_sf&quot;,return)</favourite>
	<favourite name="Equestrianism (2)" thumb="http://cdn.livetvcdn.net/img/sport/72.gif">ActivateWindow(10025,&quot;plugin://plugin.video.SportsDevil/?item=count.tmp%3d2%26title.tmp%3dEquestrianism%26ticon.tmp%3dhttp%253A%252F%252Fcdn.livetvcdn.net%252Fimg%252Fsport%252F72.gif%26url%3dhttp%253A%252F%252Flivetv102.net%252Fen%252Fallupcomingsports%252F72%252F%26cfg%3dlivetv.ru.videos.cfg%2540CATEGORY%254072%26definedIn%3dlivesports%252Flivetv.ru.cfg%26director%3dLiveTV.ru%26id.tmp%3d72%26referer%3dhttp%253A%252F%252Flivetv102.net%252Fen%252Fallupcoming%26genre%3dLive%2bSports%26title%3dEquestrianism%2b%25282%2529%26icon.tmp%3d%252Fhome%252Fosmc%252F.kodi%252Faddons%252Fplugin.video.SportsDevil%252Fresources%252Fimages%252Fsports%252FEquestrianism.png%26type%3drss%26icon%3dhttp%253A%252F%252Fcdn.livetvcdn.net%252Fimg%252Fsport%252F72.gif&amp;mode=1&amp;sf_options=fanart%3Dspecial%3A%2F%2Fhome%2Faddons%2Fplugin.video.SportsDevil%2Ffanart.jpg%26_options_sf&quot;,return)</favourite>
	<favourite name="Greyhound Racing (1)" thumb="http://cdn.livetvcdn.net/img/sport/73.gif">ActivateWindow(10025,&quot;plugin://plugin.video.SportsDevil/?item=count.tmp%3d1%26title.tmp%3dGreyhound%2bRacing%26ticon.tmp%3dhttp%253A%252F%252Fcdn.livetvcdn.net%252Fimg%252Fsport%252F73.gif%26url%3dhttp%253A%252F%252Flivetv102.net%252Fen%252Fallupcomingsports%252F73%252F%26cfg%3dlivetv.ru.videos.cfg%2540CATEGORY%254073%26definedIn%3dlivesports%252Flivetv.ru.cfg%26director%3dLiveTV.ru%26id.tmp%3d73%26referer%3dhttp%253A%252F%252Flivetv102.net%252Fen%252Fallupcoming%26genre%3dLive%2bSports%26title%3dGreyhound%2bRacing%2b%25281%2529%26icon.tmp%3d%252Fhome%252Fosmc%252F.kodi%252Faddons%252Fplugin.video.SportsDevil%252Fresources%252Fimages%252Fsports%252FGreyhound%2bRacing.png%26type%3drss%26icon%3dhttp%253A%252F%252Fcdn.livetvcdn.net%252Fimg%252Fsport%252F73.gif&amp;mode=1&amp;sf_options=fanart%3Dspecial%3A%2F%2Fhome%2Faddons%2Fplugin.video.SportsDevil%2Ffanart.jpg%26_options_sf&quot;,return)</favourite>
</favourites>