<favourites>
	<favourite name="Newly Added 2 Movies" thumb="special://home/addons/plugin.video.twomovies/resources/art/moviesnewlyadded.png">ActivateWindow(10025,&quot;plugin://plugin.video.twomovies/?mode=movieindex1&amp;name=Newly%20Added%20Movies&amp;url=http%3a%2f%2ftwomovies.us%2fnew_release%2f&quot;,return)</favourite>
	<favourite name="Latest Movies exodus" thumb="special://home/addons/script.exodus.artwork/resources/media/exodus/latest-movies.png">ActivateWindow(10025,&quot;plugin://plugin.video.exodus/?action=movies&amp;url=featured&amp;sf_options=fanart%3Dspecial%3A%2F%2Fhome%2Faddons%2Fscript.exodus.artwork%2Fresources%2Fmedia%2Fexodus%2Ffanart.jpg%26_options_sf&quot;,return)</favourite>
	<favourite name="Recently Added" thumb="special://home/addons/plugin.video.icefilms/resources/art/recently added.png">ActivateWindow(10025,&quot;plugin://plugin.video.icefilms/?mode=2&amp;name=Recently%20Added&amp;url=http%3a%2f%2fwww.icefilms.info%2fmovies%2fadded%2f1&quot;,return)</favourite>
	<favourite name="New Releases movies25" thumb="special://home/addons/plugin.video.moviestwentyfive/art/NEW_RELEASES.png">ActivateWindow(10025,&quot;plugin://plugin.video.moviestwentyfive/?mode=1&amp;name=New%20Releases&amp;url=http%3a%2f%2fwww.movie25.hk%2f%2fnew-release%2f&amp;sf_options=fanart%3Dspecial%3A%2F%2Fhome%2Faddons%2Fplugin.video.moviestwentyfive%2Ffanart.jpg%26_options_sf&quot;,return)</favourite>
	<favourite name="Recent Movies 4me" thumb="special://home/addons/plugin.video.movies4me/icon.png">ActivateWindow(10025,&quot;plugin://plugin.video.movies4me/?description&amp;iconimage=%2fhome%2fosmc%2f.kodi%2faddons%2fplugin.video.movies4me%2ficon.png&amp;list=1&amp;mode=1&amp;name=Recent%20Movies&amp;url=http%3a%2f%2fwww.hdmoviezone.net%2ffeed%2f%3fpaged%3d&amp;sf_options=fanart%3Dspecial%3A%2F%2Fhome%2Faddons%2Fplugin.video.movies4me%2Ffanart.jpg%26_options_sf&quot;,return)</favourite>
	<favourite name="[COLOR blue]Newly Added[/COLOR]" thumb="http://s14.postimg.org/fnlkeb2u9/newmovies.png">ActivateWindow(10025,&quot;plugin://plugin.video.phstreams/?action=ndmode&amp;audio=0&amp;content=0&amp;fanart=http%3a%2f%2f7-themes.com%2fdata_images%2fout%2f59%2f6973439-beautiful-forest-photos.jpg&amp;image=http%3a%2f%2fs14.postimg.org%2ffnlkeb2u9%2fnewmovies.png&amp;name=%5bCOLOR%20blue%5dNewly%20Added%5b%2fCOLOR%5d&amp;tvshow=0&amp;url=http%3a%2f%2fhonolulu.watchkodi.com%2fPlaylists%2fNew%2520Releases.xml&amp;sf_options=fanart%3Dhttp%3A%2F%2F7-themes.com%2Fdata_images%2Fout%2F59%2F6973439-beautiful-forest-photos.jpg%26desc%3DDiscover+Great+Streaming+Playlists%21%26_options_sf&quot;,return)</favourite>
	<favourite name="[COLOR yellow]New Releases[/COLOR]" thumb="http://s3.postimg.org/58uxtll6r/New_Releases.jpg">ActivateWindow(10025,&quot;plugin://plugin.video.phstreams/?action=ndmode&amp;audio=0&amp;content=0&amp;fanart=http%3a%2f%2fimg1.goodfon.su%2foriginal%2f1920x1080%2f7%2f52%2fking-queen-crown-poker.jpg&amp;image=http%3a%2f%2fs3.postimg.org%2f58uxtll6r%2fNew_Releases.jpg&amp;name=%5bCOLOR%20yellow%5dNew%20Releases%5b%2fCOLOR%5d&amp;tvshow=0&amp;url=http%3a%2f%2fgibraltar.watchkodi.com%2fMovies%2fLatestRelease.xml&amp;sf_options=fanart%3Dhttp%3A%2F%2Fimg1.goodfon.su%2Foriginal%2F1920x1080%2F7%2F52%2Fking-queen-crown-poker.jpg%26desc%3DDiscover+Great+Streaming+Playlists%21%26_options_sf&quot;,return)</favourite>
	<favourite name="Latest Movies specto" thumb="special://home/addons/plugin.video.specto/resources/media/gone/moviesAdded.jpg">ActivateWindow(10025,&quot;plugin://plugin.video.specto/?action=movies&amp;url=added&amp;sf_options=fanart%3Dspecial%3A%2F%2Fhome%2Faddons%2Fplugin.video.specto%2Fresources%2Fmedia%2Fgone%2Ffanart.jpg%26_options_sf&quot;,return)</favourite>
	<favourite name="Recently Updated Movies salts" thumb="special://home/addons/script.salts.themepak/art/themes/Shine/recent.png">ActivateWindow(10025,&quot;plugin://plugin.video.salts/?mode=recent&amp;section=Movies&amp;sf_options=fanart%3Dspecial%3A%2F%2Fhome%2Faddons%2Fplugin.video.salts%2Ffanart.jpg%26_options_sf&quot;,return)</favourite>
</favourites>