<favourites>
	<favourite name="*Schedule*" thumb="http://i1295.photobucket.com/albums/b636/beatbox8501/PicsArt_1437423537538_zpsxjwsjeqe.jpg">ActivateWindow(10025,&quot;plugin://plugin.video.gorillastreams/?item=title%3d%252ASchedule%252A%26url%3dhttp%253A%252F%252Fcricfree.sx%26cfg%3dcricfree.tv.cfg%2540Schedule%26definedIn%3dtv%252Fcricfree.tv.cfg%26director%3dGorilla%2bStreams%26genre%3dLive%2bTV%26type%3donce%26icon%3dhttp%253A%252F%252Fi1295.photobucket.com%252Falbums%252Fb636%252Fbeatbox8501%252FPicsArt_1437423537538_zpsxjwsjeqe.jpg&amp;mode=1&amp;sf_options=fanart%3Dspecial%3A%2F%2Fhome%2Faddons%2Fplugin.video.gorillastreams%2Ffanart.jpg%26_options_sf&quot;,return)</favourite>
	<favourite name="All events" thumb="special://home/addons/plugin.video.castaway/resources/media/live.png">ActivateWindow(10025,&quot;plugin://plugin.video.castaway/?mode=open_sport_cat&amp;site=stream2watch&amp;url=http%3a%2f%2fwww.stream2watch.co&amp;sf_options=fanart%3Dspecial%3A%2F%2Fhome%2Faddons%2Fplugin.video.castaway%2Ffanart.jpg%26_options_sf&quot;,return)</favourite>
	<favourite name="[B]Live Now[/B]" thumb="special://home/addons/plugin.video.castaway/resources/media/live.png">ActivateWindow(10025,&quot;plugin://plugin.video.castaway/?mode=open_sport_cat&amp;site=vipbox&amp;url=http%3a%2f%2fwww.vipleague.me%2flive-now.html&amp;sf_options=fanart%3Dspecial%3A%2F%2Fhome%2Faddons%2Fplugin.video.castaway%2Ffanart.jpg%26_options_sf&quot;,return)</favourite>
	<favourite name="Wiz1.net" thumb="special://home/addons/plugin.video.castaway/resources/media/wiz1.png">ActivateWindow(10025,&quot;plugin://plugin.video.castaway/?mode=open_live_sport&amp;site=wiz1&amp;sf_options=fanart%3Dspecial%3A%2F%2Fhome%2Faddons%2Fplugin.video.castaway%2Ffanart.jpg%26_options_sf&quot;,return)</favourite>
	<favourite name="Zunox" thumb="special://home/addons/plugin.video.castaway/resources/media/zunox.jpg">ActivateWindow(10025,&quot;plugin://plugin.video.castaway/?mode=open_live_sport&amp;site=zunox&amp;sf_options=fanart%3Dspecial%3A%2F%2Fhome%2Faddons%2Fplugin.video.castaway%2Ffanart.jpg%26_options_sf&quot;,return)</favourite>
	<favourite name="Atdhenet.tv" thumb="special://home/addons/plugin.video.castaway/resources/media/atdhe.jpg">ActivateWindow(10025,&quot;plugin://plugin.video.castaway/?mode=open_live_sport&amp;site=atdhe&amp;sf_options=fanart%3Dspecial%3A%2F%2Fhome%2Faddons%2Fplugin.video.castaway%2Ffanart.jpg%26_options_sf&quot;,return)</favourite>
	<favourite name="*All*" thumb="special://home/addons/plugin.video.SportsDevil/resources/images/livetv_ru.png">ActivateWindow(10025,&quot;plugin://plugin.video.SportsDevil/?item=title%3d%252AAll%252A%26url%3dhttp%253A%252F%252Flivetv102.net%252Fen%252Fallupcoming%26cfg%3dlivetv.ru.videos.cfg%2540ALL%2540all%26definedIn%3dlivesports%252Flivetv.ru.cfg%26director%3dLivetv.ru%26genre%3dLive%2bSports%26type%3drss%26icon%3d%252Fhome%252Fosmc%252F.kodi%252Faddons%252Fplugin.video.SportsDevil%252Fresources%252Fimages%252Flivetv_ru.png&amp;mode=1&amp;sf_options=fanart%3Dspecial%3A%2F%2Fhome%2Faddons%2Fplugin.video.SportsDevil%2Ffanart.jpg%26_options_sf&quot;,return)</favourite>
	<favourite name="RojaDirecta.me" thumb="special://home/addons/plugin.video.SportsDevil/resources/images/roja.jpg">ActivateWindow(10025,&quot;plugin://plugin.video.SportsDevil/?item=title%3dRojaDirecta.me%26url%3dlivesports%252Frojadirecta.me.cfg%26definedIn%3dlivesports.cfg%26director%3dRojaDirecta.me%26genre%3dLive%2bSports%26type%3drss%26icon%3d%252Fhome%252Fosmc%252F.kodi%252Faddons%252Fplugin.video.SportsDevil%252Fresources%252Fimages%252Froja.jpg&amp;mode=1&amp;sf_options=fanart%3Dspecial%3A%2F%2Fhome%2Faddons%2Fplugin.video.SportsDevil%2Ffanart.jpg%26_options_sf&quot;,return)</favourite>
	<favourite name="streamsports.me" thumb="special://home/addons/plugin.video.SportsDevil/resources/images/livesports.png">ActivateWindow(10025,&quot;plugin://plugin.video.SportsDevil/?item=title%3dstreamsports.me%26url%3dlivesports%252Fstreamsports.me.cfg%26definedIn%3dlivesports.cfg%26director%3dstreamsports.me%26genre%3dLive%2bSports%26type%3drss%26icon%3d%252Fhome%252Fosmc%252F.kodi%252Faddons%252Fplugin.video.SportsDevil%252Fresources%252Fimages%252Flivesports.png&amp;mode=1&amp;sf_options=fanart%3Dspecial%3A%2F%2Fhome%2Faddons%2Fplugin.video.SportsDevil%2Ffanart.jpg%26_options_sf&quot;,return)</favourite>
	<favourite name="AtdheNet.tv" thumb="special://home/addons/plugin.video.SportsDevil/resources/images/livesports.png">ActivateWindow(10025,&quot;plugin://plugin.video.SportsDevil/?item=title%3dAtdheNet.tv%26url%3dlivesports%252Fatdee.net.cfg%26definedIn%3dlivesports.cfg%26director%3dAtdheNet.tv%26genre%3dLive%2bSports%26type%3drss%26icon%3d%252Fhome%252Fosmc%252F.kodi%252Faddons%252Fplugin.video.SportsDevil%252Fresources%252Fimages%252Flivesports.png&amp;mode=1&amp;sf_options=fanart%3Dspecial%3A%2F%2Fhome%2Faddons%2Fplugin.video.SportsDevil%2Ffanart.jpg%26_options_sf&quot;,return)</favourite>
	<favourite name="Rojadirecta.me" thumb="special://home/addons/plugin.video.castaway/resources/media/roja.jpg">ActivateWindow(10025,&quot;plugin://plugin.video.castaway/?mode=open_live_sport&amp;site=rojadirecta&amp;sf_options=fanart%3Dspecial%3A%2F%2Fhome%2Faddons%2Fplugin.video.castaway%2Ffanart.jpg%26_options_sf&quot;,return)</favourite>
	<favourite name="*Schedule*" thumb="http://cricfree.tv/images/cricfree.png">ActivateWindow(10025,&quot;plugin://plugin.video.SportsDevil/?item=title%3d%252ASchedule%252A%26url%3dhttp%253A%252F%252Fcricfree.sx%26cfg%3dcricfree.tv.cfg%2540Schedule%26definedIn%3dtv%252Fcricfree.tv.cfg%26director%3dcricfree.tv%26genre%3dTV%26type%3donce%26icon%3dhttp%253A%252F%252Fcricfree.tv%252Fimages%252Fcricfree.png&amp;mode=1&amp;sf_options=fanart%3Dspecial%3A%2F%2Fhome%2Faddons%2Fplugin.video.SportsDevil%2Ffanart.jpg%26_options_sf&quot;,return)</favourite>
	<favourite name="*Schedule*" thumb="special://home/addons/plugin.video.SportsDevil/resources/images/streamhd.png">ActivateWindow(10025,&quot;plugin://plugin.video.SportsDevil/?item=title%3d%252ASchedule%252A%26url%3dhttp%253A%252F%252Fstreamhd.eu%26cfg%3dstreamhd.eu.cfg%2540Schedule%26definedIn%3dtv%252Fstreamhd.eu.cfg%26director%3dstreamhd.eu%26genre%3dTV%26type%3donce%26icon%3d%252Fhome%252Fosmc%252F.kodi%252Faddons%252Fplugin.video.SportsDevil%252Fresources%252Fimages%252Fstreamhd.png&amp;mode=1&amp;sf_options=fanart%3Dspecial%3A%2F%2Fhome%2Faddons%2Fplugin.video.SportsDevil%2Ffanart.jpg%26_options_sf&quot;,return)</favourite>
</favourites>