<favourites>
	<favourite name="The Ring TV" thumb="http://static.filmon.com/assets/channels/4148/big_logo.png">PlayMedia(&quot;plugin://plugin.video.filmon/?url=url&amp;mode=12&amp;name=The+Ring+TV&amp;iconimage=http%3A%2F%2Fstatic.filmon.com%2Fassets%2Fchannels%2F4148%2Fbig_logo.png&amp;description=&amp;programme_id=4148&amp;startdate_time=&amp;group=SPORTS&amp;sf_options=winID%3D10025%26_options_sf&quot;)</favourite>
	<favourite name="Fighting Athletes Network" thumb="http://static.filmon.com/assets/channels/2831/big_logo.png">PlayMedia(&quot;plugin://plugin.video.filmon/?url=url&amp;mode=12&amp;name=Fighting+Athletes+Network&amp;iconimage=http%3A%2F%2Fstatic.filmon.com%2Fassets%2Fchannels%2F2831%2Fbig_logo.png&amp;description=&amp;programme_id=2831&amp;startdate_time=&amp;group=SPORTS&amp;sf_options=winID%3D10025%26_options_sf&quot;)</favourite>
	<favourite name="FightBox" thumb="http://static.filmon.com/assets/channels/1621/big_logo.png">PlayMedia(&quot;plugin://plugin.video.filmon/?url=url&amp;mode=12&amp;name=FightBox&amp;iconimage=http%3A%2F%2Fstatic.filmon.com%2Fassets%2Fchannels%2F1621%2Fbig_logo.png&amp;description=&amp;programme_id=1621&amp;startdate_time=&amp;group=PAY+TV+-+CHANNELS&amp;sf_options=winID%3D10025%26_options_sf&quot;)</favourite>
	<favourite name="World of Martial Arts Television" thumb="http://static.filmon.com/assets/channels/406/big_logo.png">PlayMedia(&quot;plugin://plugin.video.filmon/?url=url&amp;mode=12&amp;name=World+of+Martial+Arts+Television&amp;iconimage=http%3A%2F%2Fstatic.filmon.com%2Fassets%2Fchannels%2F406%2Fbig_logo.png&amp;description=&amp;programme_id=406&amp;startdate_time=&amp;group=PAY+TV+-+CHANNELS&amp;sf_options=winID%3D10025%26_options_sf&quot;)</favourite>
	<favourite name="GFL Combat Sports" thumb="http://static.filmon.com/assets/channels/3251/big_logo.png">PlayMedia(&quot;plugin://plugin.video.filmon/?url=url&amp;mode=12&amp;name=GFL+Combat+Sports&amp;iconimage=http%3A%2F%2Fstatic.filmon.com%2Fassets%2Fchannels%2F3251%2Fbig_logo.png&amp;description=&amp;programme_id=3251&amp;startdate_time=&amp;group=EXTREME+SPORTS&amp;sf_options=winID%3D10025%26_options_sf&quot;)</favourite>
	<favourite name="FighTV Plus" thumb="http://static.filmon.com/assets/channels/3440/big_logo.png">PlayMedia(&quot;plugin://plugin.video.filmon/?url=url&amp;mode=12&amp;name=FighTV+Plus&amp;iconimage=http%3A%2F%2Fstatic.filmon.com%2Fassets%2Fchannels%2F3440%2Fbig_logo.png&amp;description=&amp;programme_id=3440&amp;startdate_time=&amp;group=EXTREME+SPORTS&amp;sf_options=winID%3D10025%26_options_sf&quot;)</favourite>
</favourites>