<favourites>
	<favourite name="5 USA" thumb="special://home/addons/plugin.video.castaway/resources/media/tvone1.png">ActivateWindow(10025,&quot;plugin://plugin.video.castaway/?img=%2fhome%2fosmc%2f.kodi%2faddons%2fplugin.video.castaway%2fresources%2fmedia%2ftvone1.png&amp;mode=play_special&amp;site=tvone1&amp;title=5%20USA&amp;url=http%3a%2f%2fwww.finecast.tv%2fembed4.php%3fu%3d5usa4%26vw%3d640%26vh%3d450%26referer%3dhttp%3a%2f%2flivetvweb.net%2f&amp;sf_options=fanart%3Dspecial%3A%2F%2Fhome%2Faddons%2Fplugin.video.castaway%2Ffanart.jpg%26_options_sf&quot;,return)</favourite>
	<favourite name="USA" thumb="http://zerocast.tv/channels/img/usa-network.jpg">PlayMedia(&quot;plugin://plugin.video.castaway/?url=http%3A%2F%2Fwww.zerocast.tv%2Fchannels%2Fchan.php%3Fchan%3Dusa%26width%3D600%26height%3D400&amp;play=True&amp;mode=play&amp;img=http%3A%2F%2Fzerocast.tv%2Fchannels%2Fimg%2Fusa-network.jpg&amp;title=USA&amp;sf_options=fanart%3Dspecial%3A%2F%2Fhome%2Faddons%2Fplugin.video.castaway%2Ffanart.jpg%26winID%3D10025%26_options_sf&quot;)</favourite>
	<favourite name="USA Network" thumb="http://www.shadow-net.me/product_images/a/517/usa_network__57030_thumb.jpg">PlayMedia(&quot;plugin://plugin.video.castaway/?url=http%3A%2F%2Fwww.shadow-net.me%2Fchannels%2FUSA-Network.html&amp;play=True&amp;mode=play&amp;img=http%3A%2F%2Fwww.shadow-net.me%2Fproduct_images%2Fa%2F517%2Fusa_network__57030_thumb.jpg&amp;title=USA+Network&amp;sf_options=fanart%3Dspecial%3A%2F%2Fhome%2Faddons%2Fplugin.video.castaway%2Ffanart.jpg%26winID%3D10025%26_options_sf&quot;)</favourite>
	<favourite name="USA" thumb="special://home/addons/plugin.video.castaway/resources/media/ibrod.png">PlayMedia(&quot;plugin://plugin.video.castaway/?url=http%3A%2F%2Fwww.ibrod.tv%2Fusa-tv-online.html&amp;play=True&amp;mode=play&amp;img=%2Fhome%2Fosmc%2F.kodi%2Faddons%2Fplugin.video.castaway%2Fresources%2Fmedia%2Fibrod.png&amp;title=USA&amp;sf_options=fanart%3Dspecial%3A%2F%2Fhome%2Faddons%2Fplugin.video.castaway%2Ffanart.jpg%26winID%3D10025%26_options_sf&quot;)</favourite>
</favourites>