<favourites>
	<favourite name="[COLOR gold]24:7 Series[/COLOR]" thumb="http://bbts-repo.weebly.com/files/theme/Logos/Folders/24_7.png">ActivateWindow(10025,&quot;plugin://plugin.video.bbts/?folder=%2f24%3a7%20Series&amp;sf_options=fanart%3Dhttp%3A%2F%2Fbbts-repo.weebly.com%2Ffiles%2Ftheme%2FLogos%2FFolders%2FBBTS.jpg%26desc%3DDedicated+Channels+Screening+24%3A7+Series+all+day+every+day%26_options_sf&quot;,return)</favourite>
	<favourite name="[COLOR royalblue][B]24/7 Channels[/B][/COLOR]" thumb="special://home/addons/plugin.video.ccloudtv/resources/icons//twentyfourseven.png">ActivateWindow(10025,&quot;plugin://plugin.video.ccloudtv/?iconimage=%2fhome%2fosmc%2f.kodi%2faddons%2fplugin.video.ccloudtv%2fresources%2ficons%2f%2ftwentyfourseven.png&amp;mode=60&amp;name=%5bCOLOR%20royalblue%5d%5bB%5d24%2f7%20Channels%5b%2fB%5d%5b%2fCOLOR%5d&amp;url=24&amp;sf_options=fanart%3Dspecial%3A%2F%2Fhome%2Faddons%2Fplugin.video.ccloudtv%2Ffanart.jpg%26_options_sf&quot;,return)</favourite>
	<favourite name="LMShows.com" thumb="special://home/addons/plugin.video.castaway/resources/media/lmshows.jpg">ActivateWindow(10025,&quot;plugin://plugin.video.castaway/?mode=open_live_tv&amp;site=lmshows&amp;sf_options=fanart%3Dspecial%3A%2F%2Fhome%2Faddons%2Fplugin.video.castaway%2Ffanart.jpg%26_options_sf&quot;,return)</favourite>
	<favourite name="Tv Shows" thumb="special://home/addons/plugin.video.SportsDevil/resources/images/vipbox.png">ActivateWindow(10025,&quot;plugin://plugin.video.SportsDevil/?item=title.tmp%3dTV%2bShows%26title%3dTv%2bShows%26url%3dhttp%253A%252F%252Fwww.vipleague.is%252Fsports%252Ftv-shows.html%26cfg%3dvipbox.tv.events.cfg%2540TV%2bShows%26definedIn%3dvipbox.tv.cfg%26director%3dVipBox.tv%26referer%3dhttp%253A%252F%252Fwww.vipleague.is%26genre%3dLive%2bSports%26type%3drss%26icon%3d%252Fhome%252Fosmc%252F.kodi%252Faddons%252Fplugin.video.SportsDevil%252Fresources%252Fimages%252Fvipbox.png&amp;mode=1&amp;sf_options=fanart%3Dspecial%3A%2F%2Fhome%2Faddons%2Fplugin.video.SportsDevil%2Ffanart.jpg%26_options_sf&quot;,return)</favourite>
	<favourite name="[COLOR cyan]24t[/COLOR]" thumb="special://home/addons/plugin.video.mdfubar/resources/art/epis.png">ActivateWindow(10025,&quot;plugin://plugin.video.mdfubar/?description&amp;iconimage=%2fhome%2fosmc%2f.kodi%2faddons%2fplugin.video.mdfubar%2fresources%2fart%2fepis.png&amp;mode=250&amp;name=%5bCOLOR%20cyan%5d24t%5b%2fCOLOR%5d&amp;url=http%3a%2f%2fwww.24t.us&amp;sf_options=fanart%3Dspecial%3A%2F%2Fhome%2Faddons%2Fplugin.video.mdfubar%2Fresources%2Fart%2Ff1.jpg%26_options_sf&quot;,return)</favourite>
	<favourite name="MOVIES 247" thumb="http://static.filmon.com/assets/groups/15/big_logo.png">ActivateWindow(10025,&quot;plugin://plugin.video.filmon/?description&amp;group=MOVIES&amp;iconimage=http%3a%2f%2fstatic.filmon.com%2fassets%2fgroups%2f15%2fbig_logo.png&amp;mode=3&amp;name=MOVIES&amp;programme_id&amp;startdate_time&amp;url=15&quot;,return)</favourite>
	<favourite name="HORROR" thumb="http://static.filmon.com/assets/groups/22/big_logo.png">ActivateWindow(10025,&quot;plugin://plugin.video.filmon/?description&amp;group=HORROR&amp;iconimage=http%3a%2f%2fstatic.filmon.com%2fassets%2fgroups%2f22%2fbig_logo.png&amp;mode=3&amp;name=HORROR&amp;programme_id&amp;startdate_time&amp;url=22&quot;,return)</favourite>
	<favourite name="[COLOR red]24[/COLOR] [COLOR white]/[/COLOR] [COLOR red]7[/COLOR]" thumb="http://s20.postimg.org/662nderrh/IMG_8420.jpg">ActivateWindow(10025,&quot;plugin://plugin.video.3amigos/?fanart&amp;mode=1&amp;name=%5bCOLOR%20red%5d24%5b%2fCOLOR%5d%20%5bCOLOR%20white%5d%2f%5b%2fCOLOR%5d%20%5bCOLOR%20red%5d7%5b%2fCOLOR%5d&amp;url=http%3a%2f%2fpastebin.com%2fraw.php%3fi%3dctw6g0Fg&quot;,return)</favourite>
	<favourite name="[COLOR lime]LIVE 24/7[/COLOR]" thumb="http://s11.postimg.org/60we4amhf/247.jpg">ActivateWindow(10025,&quot;plugin://plugin.video.3amigos/?fanart=http%3a%2f%2fs11.postimg.org%2f60we4amhf%2f247.jpg&amp;mode=1&amp;name=%5bCOLOR%20lime%5dLIVE%2024%2f7%5b%2fCOLOR%5d&amp;url=http%3a%2f%2fpastebin.com%2fraw.php%3fi%3dmYJp40pu&amp;sf_options=fanart%3Dhttp%3A%2F%2Fs11.postimg.org%2F60we4amhf%2F247.jpg%26_options_sf&quot;,return)</favourite>
</favourites>