<favourites>
	<favourite name="A-Z Index 2movies" thumb="special://home/addons/plugin.video.twomovies/resources/art/moviesa-z.png">ActivateWindow(10025,&quot;plugin://plugin.video.twomovies/?mode=mazindex&amp;name=A-Z%20Index&amp;url=none&quot;,return)</favourite>
	<favourite name="A-Z primewire" thumb="special://home/addons/script.1channel.themepak/art/themes/Classic/atoz.png">ActivateWindow(10025,&quot;plugin://plugin.video.1channel/?mode=BrowseAlphabetMenu&amp;section=movie&amp;sf_options=fanart%3Dspecial%3A%2F%2Fhome%2Faddons%2Fscript.1channel.themepak%2Fart%2Fthemes%2FClassic%2Ffanart.png%26_options_sf&quot;,return)</favourite>
	<favourite name="All Movies merdb" thumb="http://cliqaddon.com/support/commoncore/tvaddons/moviedb/showgunart/images/all.jpg">ActivateWindow(10025,&quot;plugin://plugin.video.moviedb/?mode=movieindex&amp;name=All%20Movies&amp;url=http%3a%2f%2fwww.merdb.cn%2f&amp;sf_options=fanart%3Dhttp%3A%2F%2Fcliqaddon.com%2Fsupport%2Fcommoncore%2Ftvaddons%2Fmoviedb%2Fshowgunart%2Fimages%2Ffanart%2Ffanart.jpg%26_options_sf&quot;,return)</favourite>
	<favourite name="A-Z Directories ice" thumb="special://home/addons/plugin.video.icefilms/resources/art/az directories.png">ActivateWindow(10025,&quot;plugin://plugin.video.icefilms/?mode=1&amp;name=A-Z%20Directories&amp;url=http%3a%2f%2fwww.icefilms.info%2fmovies%2fa-z%2f1&quot;,return)</favourite>
	<favourite name="All movies 4k.to" thumb="special://home/addons/plugin.video.movie4k/resources/img/movies.png">ActivateWindow(10025,&quot;plugin://plugin.video.movie4k/?action=letters&amp;extra=movies-all&amp;page&amp;plot&amp;thumbnail=%2fhome%2fosmc%2f.kodi%2faddons%2fplugin.video.movie4k%2fresources%2fimg%2fmovies.png&amp;title=All%20movies&amp;url=http%3a%2f%2fwww.movie4k.to%2fmovies-all.html&amp;sf_options=fanart%3Dspecial%3A%2F%2Fhome%2Faddons%2Fplugin.video.movie4k%2Ffanart.jpg%26_options_sf&quot;,return)</favourite>
	<favourite name="A-Z movies25" thumb="special://home/addons/plugin.video.moviestwentyfive/art/A_Z.png">ActivateWindow(10025,&quot;plugin://plugin.video.moviestwentyfive/?mode=5&amp;name=A-Z&amp;url=http%3a%2f%2fwww.movie25.hk%2f&amp;sf_options=fanart%3Dspecial%3A%2F%2Fhome%2Faddons%2Fplugin.video.moviestwentyfive%2Ffanart.jpg%26_options_sf&quot;,return)</favourite>
	<favourite name="A-Z 4me" thumb="special://home/addons/plugin.video.movies4me/icon.png">ActivateWindow(10025,&quot;plugin://plugin.video.movies4me/?description&amp;iconimage=%2fhome%2fosmc%2f.kodi%2faddons%2fplugin.video.movies4me%2ficon.png&amp;list&amp;mode=130&amp;name=A-Z&amp;url=url&amp;sf_options=fanart%3Dspecial%3A%2F%2Fhome%2Faddons%2Fplugin.video.movies4me%2Ffanart.jpg%26_options_sf&quot;,return)</favourite>
	<favourite name="A-Z free tv" thumb="special://home/addons/plugin.video.projectfreetv/icons/AZ.png">ActivateWindow(10025,&quot;plugin://plugin.video.projectfreetv/?mode=moviesaz&amp;section=moviesaz&quot;,return)</favourite>
</favourites>