<favourites>
	<favourite name="Castaway" thumb="special://home/addons/plugin.video.castaway/icon.png">ActivateWindow(10025,&quot;plugin://plugin.video.castaway?sf_options=fanart%3Dspecial%3A%2F%2Fhome%2Faddons%2Fplugin.video.castaway%2Ffanart.jpg%26desc%3DVisit+TVADDONS.ag+for+support.%26_options_sf&quot;,return)</favourite>
	<favourite name="MD Sports Extra" thumb="special://home/addons/plugin.video.mdsportsextra/icon.png">ActivateWindow(10025,&quot;plugin://plugin.video.mdsportsextra?sf_options=fanart%3Dspecial%3A%2F%2Fhome%2Faddons%2Fplugin.video.mdsportsextra%2Ffanart.jpg%26desc%3DFootball+Stats%2C+Results%2C+Fixtures+And+More%26_options_sf&quot;,return)</favourite>
	<favourite name="NJM-Soccer" thumb="special://home/addons/plugin.video.NJMSoccer/icon.png">ActivateWindow(10025,&quot;plugin://plugin.video.NJMSoccer?sf_options=fanart%3Dspecial%3A%2F%2Fhome%2Faddons%2Fplugin.video.NJMSoccer%2Ffanart.jpg%26desc%3DSpecial+Thank+you+to+Hakamac+for+his+code%2C+and+to+Ares+Team%2CShadow+Crew+and+Mettle+Kettle+for+their+support.%26_options_sf&quot;,return)</favourite>
	<favourite name="Pro Sport" thumb="special://home/addons/plugin.video.prosport/icon.png">ActivateWindow(10025,&quot;plugin://plugin.video.prosport?sf_options=fanart%3Dspecial%3A%2F%2Fhome%2Faddons%2Fplugin.video.prosport%2Ffanart.jpg%26desc%3DLive+HD+sport+streams+from+reddit%26_options_sf&quot;,return)</favourite>
	<favourite name="SportsDevil" thumb="special://home/addons/plugin.video.SportsDevil/icon.png">ActivateWindow(10025,&quot;plugin://plugin.video.SportsDevil?sf_options=fanart%3Dspecial%3A%2F%2Fhome%2Faddons%2Fplugin.video.SportsDevil%2Ffanart.jpg%26desc%3DPlay+videos+of+different+sports+streaming+sites%26_options_sf&quot;,return)</favourite>
	<favourite name="[B]PERCH PICKS - ASSORTED SPORTS[/B]" thumb="special://home/addons/plugin.video.VidTime/resources/media/sport.png">ActivateWindow(10025,&quot;plugin://plugin.video.VidTime/?mode=PERCH%20PICKS%20-%20ASSORTED%20SPORTS&amp;sf_options=fanart%3Dspecial%3A%2F%2Fhome%2Faddons%2Fplugin.video.VidTime%2Ffanart.jpg%26_options_sf&quot;,return)</favourite>
	<favourite name="ZemTV.com" thumb="special://home/addons/plugin.video.ZemTV-shani/icon.png">ActivateWindow(10025,&quot;plugin://plugin.video.ZemTV-shani/?sf_options=desc%3DWatch+ZemTV.com+on+your+XBMC.+This+plugin+fetches+the+video+sources+from+ZemTV.com+and+play+on+XBMC+compatible+plateforms%26_options_sf&quot;,return)</favourite>
	<favourite name="MoneySports" thumb="special://home/addons/plugin.video.MoneySports/icon.png">ActivateWindow(10025,&quot;plugin://plugin.video.MoneySports?sf_options=fanart%3Dspecial%3A%2F%2Fhome%2Faddons%2Fplugin.video.MoneySports%2Ffanart.jpg%26desc%3DThe+only+add-on+you+need+for+all+your+sport+needs...%26_options_sf&quot;,return)</favourite>
	<favourite name="3 AMIGOS" thumb="special://home/addons/plugin.video.3amigos v1.1aa/icon.png">ActivateWindow(10025,&quot;plugin://plugin.video.3amigos?sf_options=fanart%3Dspecial%3A%2F%2Fhome%2Faddons%2Fplugin.video.3amigos+v1.1aa%2Ffanart.jpg%26desc%3Dfind+us+on+fb+3Amigos+addon+kodi%26_options_sf&quot;,return)</favourite>
	<favourite name="[COLOR lime]LIVE SPORTS[/COLOR]" thumb="http://s12.postimg.org/ho80sp8a5/IMG_8400.jpg">ActivateWindow(10025,&quot;plugin://plugin.video.3amigos/?fanart=http%3a%2f%2fs17.postimg.org%2fm8kwyrwov%2fimage.jpg&amp;mode=1&amp;name=%5bCOLOR%20lime%5dLIVE%20SPORTS%5b%2fCOLOR%5d&amp;url=http%3a%2f%2fpastebin.com%2fraw.php%3fi%3d1M00vVYG&amp;sf_options=fanart%3Dhttp%3A%2F%2Fs17.postimg.org%2Fm8kwyrwov%2Fimage.jpg%26_options_sf&quot;,return)</favourite>
	<favourite name="[COLOR lime]Sports Devil Live Sports[/COLOR]" thumb="http://s12.postimg.org/qw0zjo531/ur_sports.jpg">ActivateWindow(10025,&quot;plugin://plugin.video.3amigos/?fanart=http%3a%2f%2fs17.postimg.org%2fm8kwyrwov%2fimage.jpg&amp;mode=53&amp;name=%5bCOLOR%20lime%5dSports%20Devil%20Live%20Sports%5b%2fCOLOR%5d&amp;url=plugin%3a%2f%2fplugin.video.SportsDevil%2f%3fitem%3durl%3dlivesports.cfg%26mode%3d1&amp;sf_options=fanart%3Dhttp%3A%2F%2Fs17.postimg.org%2Fm8kwyrwov%2Fimage.jpg%26_options_sf&quot;,return)</favourite>
</favourites>