<favourites>
	<favourite name="Returning TV Shows specto" thumb="special://home/addons/plugin.video.specto/resources/media/gone/tvshowsActive.jpg">ActivateWindow(10025,&quot;plugin://plugin.video.specto/?action=tvshows&amp;url=active&amp;sf_options=fanart%3Dspecial%3A%2F%2Fhome%2Faddons%2Fplugin.video.specto%2Fresources%2Fmedia%2Fgone%2Ffanart.jpg%26_options_sf&quot;,return)</favourite>
	<favourite name="On-the-air TV shows [I](TheMovieDB)[/I]" thumb="DefaultFolder.png">ActivateWindow(10025,&quot;plugin://script.extendedinfo/?info=onairtvshows&quot;,return)</favourite>
	<favourite name="Airing TV shows [I](Trakt.tv)[/I]" thumb="DefaultFolder.png">ActivateWindow(10025,&quot;plugin://script.extendedinfo/?info=airingshows&quot;,return)</favourite>
	<favourite name="Returning TV Shows exodus" thumb="special://home/addons/script.exodus.artwork/resources/media/exodus/returning-tvshows.png">ActivateWindow(10025,&quot;plugin://plugin.video.exodus/?action=tvshows&amp;url=active&amp;sf_options=fanart%3Dspecial%3A%2F%2Fhome%2Faddons%2Fscript.exodus.artwork%2Fresources%2Fmedia%2Fexodus%2Ffanart.jpg%26_options_sf&quot;,return)</favourite>
	<favourite name="currently airing shows" thumb="special://home/addons/script.salts.themepak/art/themes/Shine/list.png">ActivateWindow(10025,&quot;plugin://plugin.video.salts/?mode=show_list&amp;section=TV&amp;slug=currently-airing-shows&amp;sf_options=fanart%3Dspecial%3A%2F%2Fhome%2Faddons%2Fplugin.video.salts%2Ffanart.jpg%26_options_sf&quot;,return)</favourite>
</favourites>