<favourites>
	<favourite name="[COLOR yellow]UFC network[/COLOR]" thumb="special://home/addons/plugin.program.super.favourites/icon.png">ActivateWindow(10025,&quot;plugin://plugin.program.super.favourites/?label=UFC network&amp;mode=400&amp;path=special%3A%2F%2Fhome%2Fuserdata%2Faddon_data%2Fplugin.program.super.favourites%2FSuper%20Favourites%2F.Turnkey%2FVideos%2FSports%2FLive%20Sports%2Fsports%20networks%2FUFC%20network&amp;sf_options=fanart%3D%2Fhome%2Fosmc%2F.Turnkey%2FBackgrounds%2FSports%2Fspinztv.jpg%26_options_sf&quot;)</favourite>
	<favourite name="UFC" thumb="special://home/addons/plugin.video.all_wrestling/resources/art/ufc.png">ActivateWindow(10025,&quot;plugin://plugin.video.all_wrestling/?mode=1&amp;name=UFC&amp;url=http%3a%2f%2fwww.allwrestling.net%2fcategory%2fufc%2f&amp;sf_options=fanart%3Dspecial%3A%2F%2Fhome%2Faddons%2Fplugin.video.all_wrestling%2Ffanart.jpg%26_options_sf&quot;,return)</favourite>
	<favourite name="[COLOR lemonchiffon][B]Latest MMA &amp; Boxing[/B][/COLOR]  [COLOR gold](watchwrestling) [/COLOR] &gt;&gt;" thumb="special://home/addons/plugin.video.allinone/icons/ww.png">&gt;&quot; thumb=&quot;special://home/addons/plugin.video.allinone/icons/ww.png&quot;&gt;&gt;&quot; thumb=&quot;special://home/addons/plugin.video.allinone/icons/ww.png&quot;&gt;&gt;&quot; thumb=&quot;special://home/addons/plugin.video.allinone/icons/ww.png&quot;&gt;&gt;&quot; thumb=&quot;special://home/addons/plugin.video.allinone/icons/ww.png&quot;&gt;&gt;&quot; thumb=&quot;special://home/addons/plugin.video.allinone/icons/ww.png&quot;&gt;&gt;&quot; thumb=&quot;special://home/addons/plugin.video.allinone/icons/ww.png&quot;&gt;&gt;&quot; thumb=&quot;special://home/addons/plugin.video.allinone/icons/ww.png&quot;&gt;&gt;&quot; thumb=&quot;special://home/addons/plugin.video.allinone/icons/ww.png&quot;&gt;&gt;&quot; thumb=&quot;special://home/addons/plugin.video.allinone/icons/ww.png&quot;&gt;&gt;&quot; thumb=&quot;special://home/addons/plugin.video.allinone/icons/ww.png&quot;&gt;&gt;&quot; thumb=&quot;special://home/addons/plugin.video.allinone/icons/ww.png&quot;&gt;&gt;&quot; thumb=&quot;special://home/addons/plugin.video.allinone/icons/ww.png&quot;&gt;&gt;&quot; thumb=&quot;special://home/addons/plugin.video.allinone/icons/ww.png&quot;&gt;ActivateWindow(10025,&quot;plugin://plugin.video.allinone/?mode=GetTitles42&amp;numOfPages=1&amp;section=ALL&amp;startPage=1&amp;url=http%3a%2f%2fwatchwrestling.to%2f%2fcategory%2fother-sports%2f&amp;sf_options=fanart%3Dspecial%3A%2F%2Fhome%2Faddons%2Fplugin.video.allinone%2Ficons%2Ffanart.png%26_options_sf&quot;,return)</favourite>
	<favourite name="[COLOR white]UFC[/COLOR]" thumb="http://oyster.ignimgs.com/mediawiki/apis.ign.com/ea-sports-ufc/4/4d/Ufc.jpg">ActivateWindow(10025,&quot;plugin://plugin.video.streamengine/?date&amp;description&amp;iconimage=http%3a%2f%2foyster.ignimgs.com%2fmediawiki%2fapis.ign.com%2fea-sports-ufc%2f4%2f4d%2fUfc.jpg&amp;mode=1&amp;name=%5bCOLOR%20white%5dUFC%5b%2fCOLOR%5d&amp;page&amp;play&amp;url=https%3a%2f%2fpastebin.com%2fraw.php%3fi%3dsER9ixPb&amp;sf_options=fanart%3Dhttp%3A%2F%2Fi1295.photobucket.com%2Falbums%2Fb636%2Fbeatbox8501%2Fbeatbox_zpsv28ts31x.jpg%26_options_sf&quot;,return)</favourite>
	<favourite name="UFC" thumb="special://home/addons/plugin.video.UFC/icon.png">ActivateWindow(10025,&quot;plugin://plugin.video.UFC?sf_options=fanart%3Dspecial%3A%2F%2Fhome%2Faddons%2Fplugin.video.UFC%2Ffanart.jpg%26desc%3DWatch+all+Live+Pay-Per-Views+on+YOUTUBE+in+Standard+or+High+Definition.%26_options_sf&quot;,return)</favourite>
	<favourite name="[COLOR lime]UFC[/COLOR]" thumb="http://icons.iconarchive.com/icons/chrisbanks2/cold-fusion-hd/128/ufc-icon.png">ActivateWindow(10025,&quot;plugin://plugin.video.3amigos/?fanart=http%3a%2f%2fs17.postimg.org%2fm8kwyrwov%2fimage.jpg&amp;mode=1&amp;name=%5bCOLOR%20lime%5dUFC%5b%2fCOLOR%5d&amp;url=http%3a%2f%2fpastebin.com%2fraw.php%3fi%3df7m8ggJe&amp;sf_options=fanart%3Dhttp%3A%2F%2Fs17.postimg.org%2Fm8kwyrwov%2Fimage.jpg%26_options_sf&quot;,return)</favourite>
</favourites>