<favourites>
	<favourite name="Adult&apos;s Only [COLOR deeppink][B]HUB[/B][/COLOR]" thumb="special://home/addons/plugin.video.aob/icon.png">ActivateWindow(10025,&quot;plugin://plugin.video.aob?sf_options=fanart%3Dspecial%3A%2F%2Fhome%2Faddons%2Fplugin.video.aob%2Ffanart.jpg%26desc%3DOVER+18%27s+21s+ONLY%21%21%21%21%21........+%5BCR%5DStream+all+of+TheYids+Adult+Addons+in+one%21%21%21+%5BCR%5D%5BCOLOR+red%5DXXX%5B%2FCOLOR%5D+movies%5BCOLOR+red%5DXXX%5B%2FCOLOR%5D..........+OVER+18%27s+21%27s+ONLY+%5BCOLOR+red%5DXXX%5B%2FCOLOR%5D......+%5BCR%5D%5BCOLOR+red%5D%5BB%5D%5BI%5DReal-Debrid+or+Alldebird+PREMIUM+ONLY%5B%2FB%5D%5B%2FI%5D%5B%2FCOLOR%5D+%5BCR%5D%5BCOLOR+blue%5D%5BB%5D%5BI%5D%21%21%21%21%21+DO+NOT+INSTALL+THIS+ADDON+IF+YOU+ARE+UNDER+18+or+21.+DO+NOT+INSTALL+THIS+ADDON+IF+YOU+DO+NOT+HAVE+A+PREMIUM+DEBIRD+ACCOUNT+%21%21%21%21%21%5B%2FB%5D%5B%2FI%5D%5B%2FCOLOR%5D++and+now+with+some+FREE+links%26_options_sf&quot;,return)</favourite>
	<favourite name="beeg.com  (Adult) - Powered by XBMCHUB.COM" thumb="special://home/addons/plugin.video.beeg.com/icon.png">ActivateWindow(10025,&quot;plugin://plugin.video.beeg.com/?sf_options=desc%3Dbeeg.com+%28Adult%29+-+Powered+by+XBMCHUB.COM%26_options_sf&quot;,return)</favourite>
	<favourite name="Dclip" thumb="special://home/addons/plugin.video.dclip/icon.png">ActivateWindow(10025,&quot;plugin://plugin.video.dclip/?sf_options=desc%3DAdult%2818%2B%29+videos+from+Deviantclip.com%26_options_sf&quot;,return)</favourite>
	<favourite name="Eporner" thumb="special://home/addons/plugin.video.eporner/icon.png">ActivateWindow(10025,&quot;plugin://plugin.video.eporner/?sf_options=desc%3DAdult%2818%2B%29+videos+from+eporner.com%26_options_sf&quot;,return)</favourite>
	<favourite name="Erotik (XXX)" thumb="special://home/addons/plugin.video.erotik/icon.png">ActivateWindow(10025,&quot;plugin://plugin.video.erotik?sf_options=fanart%3Dspecial%3A%2F%2Fhome%2Faddons%2Fplugin.video.erotik%2Ffanart.jpg%26_options_sf&quot;,return)</favourite>
	<favourite name="Hotgoo" thumb="special://home/addons/plugin.video.hotgoo/icon.png">ActivateWindow(10025,&quot;plugin://plugin.video.hotgoo/?sf_options=desc%3DAdult%2818%2B%29+videos+from+www.hotgoo.com%26_options_sf&quot;,return)</favourite>
	<favourite name="HSTube" thumb="special://home/addons/plugin.video.hstube/icon.png">ActivateWindow(10025,&quot;plugin://plugin.video.hstube/?sf_options=desc%3DAdult%2818%2B%29+videos+from+hardsextube.com%26_options_sf&quot;,return)</favourite>
	<favourite name="JAV Stream" thumb="special://home/addons/plugin.video.javstream/icon.png">ActivateWindow(10025,&quot;plugin://plugin.video.javstream?sf_options=fanart%3Dspecial%3A%2F%2Fhome%2Faddons%2Fplugin.video.javstream%2Ffanart.jpg%26desc%3D%5BCOLOR+yellow%5DJav+Stream%5B%2FCOLOR%5D+-+Bringing+JAV+to+Kodi%21+For+all+your+Japanese+AV+Idol+and+Gravure+Idol+needs%21+Pulling+streams+from+the+most+popular+JAV+websites.%26_options_sf&quot;,return)</favourite>
	<favourite name="korean XXX" thumb="special://home/addons/plugin.video.korea-xxx/icon.png">ActivateWindow(10025,&quot;plugin://plugin.video.korea-xxx?sf_options=fanart%3Dspecial%3A%2F%2Fhome%2Faddons%2Fplugin.video.korea-xxx%2Ffanart.jpg%26desc%3Dkoreanisches+XXX+TV%26_options_sf&quot;,return)</favourite>
	<favourite name="largecamtube" thumb="special://home/addons/plugin.video.largecamtube/icon.png">ActivateWindow(10025,&quot;plugin://plugin.video.largecamtube/?sf_options=desc%3DAdult%2818%2B%29+videos+from+largecamtube.com%26_options_sf&quot;,return)</favourite>
	<favourite name="Lubetube (Adult)" thumb="special://home/addons/plugin.video.lubetube/icon.png">ActivateWindow(10025,&quot;plugin://plugin.video.lubetube/?sf_options=desc%3DThousands+of+Free+Streaming+Porn+videos%21+Updated+every+day.+Lube+Tube+is+the+youtube+of+free+porn.%26_options_sf&quot;,return)</favourite>
	<favourite name="motherless" thumb="special://home/addons/plugin.video.motherless/icon.png">ActivateWindow(10025,&quot;plugin://plugin.video.motherless/?sf_options=desc%3DAdult%2818%2B%29+videos+from+motherless.com%26_options_sf&quot;,return)</favourite>
	<favourite name="Oxo" thumb="special://home/addons/plugin.video.oxo/icon.png">ActivateWindow(10025,&quot;plugin://plugin.video.oxo/?sf_options=desc%3DAdult%2818%2B%29+videos+from+OxoTube.com%26_options_sf&quot;,return)</favourite>
	<favourite name="Porn Hub" thumb="special://home/addons/plugin.video.pornhub/icon.png">ActivateWindow(10025,&quot;plugin://plugin.video.pornhub?sf_options=fanart%3Dspecial%3A%2F%2Fhome%2Faddons%2Fplugin.video.pornhub%2Ffanart.jpg%26desc%3D%2A%2AADULTS+OVER+18+ONLY%2A%2A%2A+By+installing+this+addon+you+agree+that+you+are+over+the+age+of+18+and+consent+to+recieving+adult+oriented+material%2A%2A%2ABased+on+the+Popular+Adult+Website+PornHub.com%26_options_sf&quot;,return)</favourite>
	<favourite name="SirinaTV" thumb="special://home/addons/plugin.video.sirinatv/icon.png">ActivateWindow(10025,&quot;plugin://plugin.video.sirinatv/?sf_options=desc%3DAdult%2818%2B%29+videos+from+Sirina.tv%26_options_sf&quot;,return)</favourite>
	<favourite name="Tube8" thumb="special://home/addons/plugin.video.tube8/icon.png">ActivateWindow(10025,&quot;plugin://plugin.video.tube8/?sf_options=desc%3DTube8.com+features+a+variety+of+adult+videos.+This+addon+contains+explicit+adult+material.+You+may+only+view+this+addon+if+you+are+at+least+18+years+of+age%2C+or+at+least+the+age+of+majority+in+the+jurisdiction+where+you+reside+or+from+which+you+access+this+content.+If+you+do+not+meet+these+requirements%2C+then+you+do+not+have+permission+to+use+this+addon.++All+content+is+hosted+by+tube8.com.%26_options_sf&quot;,return)</favourite>
	<favourite name="Tubesex" thumb="special://home/addons/plugin.video.tubesex/icon.png">ActivateWindow(10025,&quot;plugin://plugin.video.tubesex/?sf_options=desc%3DAdult%2818%2B%29+videos+from+Tubesex.com%26_options_sf&quot;,return)</favourite>
	<favourite name="Ultimate Whitecream" thumb="special://home/addons/plugin.video.uwc/icon.png">ActivateWindow(10025,&quot;plugin://plugin.video.uwc?sf_options=fanart%3Dspecial%3A%2F%2Fhome%2Faddons%2Fplugin.video.uwc%2Ffanart.jpg%26desc%3DWatch+%5BCOLOR+red%5D%5BB%5DADULT%5B%2FB%5D%5B%2FCOLOR%5D+Movies+with+Ultimate+WhiteCream%26_options_sf&quot;,return)</favourite>
	<favourite name="VideoDevil" thumb="special://home/addons/plugin.video.videodevil/icon.png">ActivateWindow(10025,&quot;plugin://plugin.video.videodevil/?sf_options=desc%3DThis+addon+plays+videos+from+YouPorn%2C+Tube8%2C+Boysfood%2C+MoviesAnd%2C+PornoTube%2C+xHamster%2C+KeezMovies+and+some+other+adult+streaming+sites.+It+contains+explicit+adult+material.+You+may+only+view+this+addon+if+you+are+at+least+18+years+of+age%2C+or+at+least+the+age+of+majority+in+the+jurisdiction+where+you+reside+or+from+which+you+access+this+content.+If+you+do+not+meet+these+requirements%2C+then+you+do+not+have+permission+to+use+this+addon.%26_options_sf&quot;,return)</favourite>
	<favourite name="Wildfire" thumb="special://home/addons/plugin.video.wildfire/icon.png">ActivateWindow(10025,&quot;plugin://plugin.video.wildfire/?sf_options=desc%3DAdult%2818%2B%29+videos+from+wildfireporn.com%26_options_sf&quot;,return)</favourite>
	<favourite name="Xhamster" thumb="special://home/addons/plugin.video.xhamster/icon.png">ActivateWindow(10025,&quot;plugin://plugin.video.xhamster/?sf_options=desc%3DAdult%2818%2B%29+videos+from+Xhamster.com%26_options_sf&quot;,return)</favourite>
	<favourite name="Xvideo" thumb="special://home/addons/plugin.video.xvideos/icon.png">ActivateWindow(10025,&quot;plugin://plugin.video.xvideos/?sf_options=desc%3DAdult%2818%2B%29+videos+from+xvideos.com%26_options_sf&quot;,return)</favourite>
	<favourite name="XxTRUCOxX" thumb="special://home/addons/plugin.video.xxtrucoxx/icon.png">ActivateWindow(10025,&quot;plugin://plugin.video.xxtrucoxx?sf_options=fanart%3Dspecial%3A%2F%2Fhome%2Faddons%2Fplugin.video.xxtrucoxx%2Ffanart.jpg%26_options_sf&quot;,return)</favourite>
	<favourite name="YouJizz.com" thumb="special://home/addons/plugin.video.you.jizz/icon.png">ActivateWindow(10025,&quot;plugin://plugin.video.you.jizz/?sf_options=desc%3D%2A%2A%2A%2AADULT+CONTENT%2A%2A%2A%2A%2A+Watch+erotic+and+sexy+videos+from+YouJizz.com%26_options_sf&quot;,return)</favourite>
</favourites>