<favourites>
	<favourite name="Extreme Sports" thumb="special://home/addons/plugin.video.extreme.com/icon.png">ActivateWindow(10025,&quot;plugin://plugin.video.extreme.com?sf_options=fanart%3Dspecial%3A%2F%2Fhome%2Faddons%2Fplugin.video.extreme.com%2Ffanart.jpg%26desc%3DVisit+TVADDONS.ag+for+support%26_options_sf&quot;,return)</favourite>
	<favourite name="Red Bull" thumb="special://home/addons/plugin.video.redbull/icon.png">ActivateWindow(10025,&quot;plugin://plugin.video.redbull?sf_options=fanart%3Dspecial%3A%2F%2Fhome%2Faddons%2Fplugin.video.redbull%2Ffanart.jpg%26desc%3DExperience+the+world+of+Red+Bull+like+you+have+never+seen+it+before.+With+the+best+action+sports+clips+on+the+web+and+YouTube+exclusive+series%2C+prepare+for+your+%22stoke+factor%22+to+be+at+an+all+time+high.%26_options_sf&quot;,return)</favourite>
	<favourite name="Mpora.com" thumb="special://home/addons/plugin.video.mpora_com/icon.png">ActivateWindow(10025,&quot;plugin://plugin.video.mpora_com/?sf_options=desc%3DMPORA+-+Action+Sports+Network+%28Snowboarding%2C+Surfing%2C+Skateboarding%2C+BMX%2C+BMX+Racing%2C+Mountain+Biking%2C+Motocross%2C+Skiing%2C+Wakeboarding%2C+Windsurfing%2C+Kitesurfing%2C+Road+Cycling%2C+Outdoor%29%26_options_sf&quot;,return)</favourite>
	<favourite name="Planet X Sport" thumb="http://static.filmon.com/assets/channels/3854/big_logo.png">PlayMedia(&quot;plugin://plugin.video.filmon/?url=url&amp;mode=12&amp;name=Planet+X+Sport&amp;iconimage=http%3A%2F%2Fstatic.filmon.com%2Fassets%2Fchannels%2F3854%2Fbig_logo.png&amp;description=&amp;programme_id=3854&amp;startdate_time=&amp;group=EXTREME+SPORTS&amp;sf_options=winID%3D10025%26_options_sf&quot;)</favourite>
</favourites>