<favourites>
	<favourite name="AMC" thumb="http://zerocast.tv/channels/img/amc.jpg">PlayMedia(&quot;plugin://plugin.video.castaway/?url=http%3A%2F%2Fwww.zerocast.tv%2Fchannels%2Fchan.php%3Fchan%3Damc%26width%3D600%26height%3D400&amp;play=True&amp;mode=play&amp;img=http%3A%2F%2Fzerocast.tv%2Fchannels%2Fimg%2Famc.jpg&amp;title=AMC&amp;sf_options=fanart%3Dspecial%3A%2F%2Fhome%2Faddons%2Fplugin.video.castaway%2Ffanart.jpg%26winID%3D10025%26_options_sf&quot;)</favourite>
	<favourite name="AMC East" thumb="http://www.shadow-net.me/product_images/r/604/amc__85163_thumb.jpg">PlayMedia(&quot;plugin://plugin.video.castaway/?url=http%3A%2F%2Fwww.shadow-net.me%2Fchannels%2FAMC-East.html&amp;play=True&amp;mode=play&amp;img=http%3A%2F%2Fwww.shadow-net.me%2Fproduct_images%2Fr%2F604%2Famc__85163_thumb.jpg&amp;title=AMC+East&amp;sf_options=fanart%3Dspecial%3A%2F%2Fhome%2Faddons%2Fplugin.video.castaway%2Ffanart.jpg%26winID%3D10025%26_options_sf&quot;)</favourite>
	<favourite name="AMC" thumb="special://home/addons/plugin.video.castaway/resources/media/ibrod.png">PlayMedia(&quot;plugin://plugin.video.castaway/?url=http%3A%2F%2Fwww.ibrod.tv%2Famc-tv-online.html&amp;play=True&amp;mode=play&amp;img=%2Fhome%2Fosmc%2F.kodi%2Faddons%2Fplugin.video.castaway%2Fresources%2Fmedia%2Fibrod.png&amp;title=AMC&amp;sf_options=fanart%3Dspecial%3A%2F%2Fhome%2Faddons%2Fplugin.video.castaway%2Ffanart.jpg%26winID%3D10025%26_options_sf&quot;)</favourite>
	<favourite name="AMC (Top10) (US) (English)" thumb="https://upload.wikimedia.org/wikipedia/commons/thumb/1/1d/Amc_logo.svg/150px-Amc_logo.svg.png">PlayMedia(&quot;plugin://plugin.video.ccloudtv/?url=http%3A%2F%2F167.114.102.27%2Flive%2FeguEyRxgQlpE3V0vsgMxgg%2F1456964173%2F7c52ed5b8820b7dfd90b5a784bac64b3.m3u8%7CUser-Agent%3DMozilla%252F5.0%2520%28Windows%2520NT%25206.1%253B%2520WOW64%29%2520AppleWebKit%252F537.36%2520%28KHTML%252C%2520like%2520Gecko%29%2520Chrome%252F47.0.2526.106%2520Safari%252F537.36&amp;mode=1&amp;name=AMC+%28Top10%29+%28US%29+%28English%29&amp;iconimage=https%3A%2F%2Fupload.wikimedia.org%2Fwikipedia%2Fcommons%2Fthumb%2F1%2F1d%2FAmc_logo.svg%2F150px-Amc_logo.svg.png&amp;sf_options=fanart%3Dhttps%3A%2F%2Fupload.wikimedia.org%2Fwikipedia%2Fcommons%2Fthumb%2F1%2F1d%2FAmc_logo.svg%2F150px-Amc_logo.svg.png%26winID%3D10025%26_options_sf&quot;)</favourite>
	<favourite name="AMC" thumb="http://i.ytimg.com/vi/yE4Jxq-3SrM/hqdefault.jpg">PlayMedia(&quot;plugin://plugin.video.gul/?url=rtmp%3A%2F%2F%24OPT%3Artmp-raw%3Drtmp%3A%2F%2F31.220.0.13%2Fpull%2F+playpath%3Damc36%3Fkeys%3DarDbN8yHjb_al4T1xFeqaA%26keyt%3D1439947242+swfUrl%3Dhttp%3A%2F%2Ffiles.leton.tv%2Fjwplayer.flash.swf+live%3D1+pageUrl%3Dhttp%3A%2F%2Fleton.tv%2Fplayer.php%3Fstreampage%3Damc36%26width%3D600%26height%3D450&amp;mode=3&amp;name=AMC&amp;iconimage=http%3A%2F%2Fi.ytimg.com%2Fvi%2FyE4Jxq-3SrM%2Fhqdefault.jpg&amp;description=&amp;sf_options=fanart%3Dhttp%3A%2F%2Fi.ytimg.com%2Fvi%2FyE4Jxq-3SrM%2Fhqdefault.jpg%26winID%3D10025%26_options_sf&quot;)</favourite>
	<favourite name="[COLOR lime]amc[/COLOR]" thumb="http://s17.postimg.org/zcl7apbqj/AMC_HD.png">PlayMedia(&quot;plugin://plugin.video.3amigos/?url=plugin%3A%2F%2Fplugin.video.SportsDevil%2F%3Fmode%3D1%26amp%3Bitem%3Dcatcher%253dstreams%2526url%3Dhttp%3A%2F%2Fwww.shadow-net.biz%2Fchannels%2FAMC-East.html%2526referer%3Dshadow-net.biz&amp;mode=12&amp;sf_options=fanart%3Dhttp%3A%2F%2Ficons.iconarchive.com%2Ficons%2Fcustom-icon-design%2Fflag-3%2F128%2FUnited-States-Flag-icon.png%26winID%3D10025%26_options_sf&quot;)</favourite>
</favourites>