<favourites>
	<favourite name="NBC GOLF" thumb="http://publicbar.co/wp-content/uploads/2014/09/Golf+Channel.png">PlayMedia(&quot;plugin://plugin.video.streamengine/?url=http%3A%2F%2Ftvegolf-i.Akamaihd.net%2Fhls%2Flive%2F218225%2Fgolfx%2F2596k%2Fprog.m3u8%7CX-Forwarded-For%3D209.239.112.104&amp;mode=2&amp;name=NBC+GOLF&amp;iconimage=http%3A%2F%2Fpublicbar.co%2Fwp-content%2Fuploads%2F2014%2F09%2FGolf%2BChannel.png&amp;play=&amp;date=&amp;description=&amp;page=&amp;sf_options=fanart%3Dhttp%3A%2F%2Fi1295.photobucket.com%2Falbums%2Fb636%2Fbeatbox8501%2Fwallpaper_zpsopwvguho.jpg%26winID%3D10025%26_options_sf&quot;)</favourite>
	<favourite name="Golf Channel" thumb="special://home/addons/plugin.video.gorillastreams/resources/images/channels/Golf Channel">ActivateWindow(10025,&quot;plugin://plugin.video.gorillastreams/?item=catcher%3dstreams%26title%3dGolf%2bChannel%26url%3dhttp%253A%252F%252Fcricfree.sx%252Fgolf-channel-live-stream%26videoTitle%3dGolf%2bChannel%26director%3dGorilla%2bStreams%26genre%3dLive%2bTV%26referer%3dhttp%253A%252F%252Fcricfree.sx%252Fgolf-channel-live-stream%26definedIn%3dtv%252Fcricfree.tv.cfg%26link%3dgolf-channel-live-stream%26type%3drss%26icon%3d%252Fhome%252Fosmc%252F.kodi%252Faddons%252Fplugin.video.gorillastreams%252Fresources%252Fimages%252Fchannels%252FGolf%2bChannel&amp;mode=1&amp;sf_options=fanart%3Dspecial%3A%2F%2Fhome%2Faddons%2Fplugin.video.gorillastreams%2Ffanart.jpg%26_options_sf&quot;,return)</favourite>
	<favourite name="Golf Channel" thumb="http://www.shadow-net.me/product_images/s/418/golf_channel_us__36323_thumb.jpg">PlayMedia(&quot;plugin://plugin.video.castaway/?url=http%3A%2F%2Fwww.shadow-net.me%2Fchannels%2FGolf-Channel.html&amp;play=True&amp;mode=play&amp;img=http%3A%2F%2Fwww.shadow-net.me%2Fproduct_images%2Fs%2F418%2Fgolf_channel_us__36323_thumb.jpg&amp;title=Golf+Channel&amp;sf_options=fanart%3Dspecial%3A%2F%2Fhome%2Faddons%2Fplugin.video.castaway%2Ffanart.jpg%26winID%3D10025%26_options_sf&quot;)</favourite>
	<favourite name="Golf channel (HD)" thumb="">PlayMedia(&quot;plugin://plugin.video.castaway/?url=http%3A%2F%2Fwww.streamlive.to%2Fview%2F53912%2FGolf_channel_%2528HD%2529&amp;play=True&amp;mode=play&amp;img=http%3A%2F%2Fsnapshots.streamlive.to%2Fsnapshots%2Fts6w24dx29tcwi4_snapshot.jpg&amp;title=Golf+channel+%28HD%29&amp;sf_options=fanart%3Dspecial%3A%2F%2Fhome%2Faddons%2Fplugin.video.castaway%2Ffanart.jpg%26winID%3D10025%26_options_sf&quot;)</favourite>
	<favourite name="Golf channel" thumb="">PlayMedia(&quot;plugin://plugin.video.castaway/?url=http%3A%2F%2Fwww.streamlive.to%2Fview%2F69026%2FGolf_channel&amp;play=True&amp;mode=play&amp;img=http%3A%2F%2Fsnapshots.streamlive.to%2Fsnapshots%2Flw1kufim1kmit1h_snapshot.jpg&amp;title=Golf+channel&amp;sf_options=fanart%3Dspecial%3A%2F%2Fhome%2Faddons%2Fplugin.video.castaway%2Ffanart.jpg%26winID%3D10025%26_options_sf&quot;)</favourite>
	<favourite name="Golf Channel HD" thumb="http://i.imgur.com/WuYJhkg.jpg">PlayMedia(&quot;plugin://plugin.video.channelpear/?url=http%3A%2F%2Ftvegolf-i.Akamaihd.net%2Fhls%2Flive%2F218225%2Fgolfx%2F4296k%2Fprog.m3u8&amp;mode=12&amp;sf_options=winID%3D10025%26_options_sf&quot;)</favourite>
	<favourite name="- GOLF NETWORK (3 Channels) -" thumb="http://bbts-repo.weebly.com/files/theme/Logos/SPORTS/BBTS_golf_channel.png">ActivateWindow(10025,&quot;plugin://plugin.video.bbts/?folder=SPORTS%2f-%20GOLF%20NETWORK%20(3%20Channels)%20-&amp;sf_options=fanart%3Dhttp%3A%2F%2Fbbts-repo.weebly.com%2Ffiles%2Ftheme%2FLogos%2FFolders%2Fsports.jpg%26_options_sf&quot;,return)</favourite>
	<favourite name="Golf channel" thumb="http://snapshots.streamlive.to/snapshots/lw1kufim1kmit1h_snapshot.jpg|Referer=http://www.streamlive.to/&amp;User-Agent=Mozilla/5.0 (Windows NT 6.3) AppleWebKit/537.36 (KHTML, like Gecko) Chrome/48.0.2564.97 Safari/537.36">ActivateWindow(10025,&quot;plugin://plugin.video.SportsDevil/?item=catcher%3dstreams%26title%3dGolf%2bchannel%2b%26url%3dhttp%253A%252F%252Fwww.streamlive.to%252Fembed%252F69026%2526width%253D640%2526height%253D480%2526autoplay%253Dtrue%26videoTitle%3dGolf%2bchannel%2b%26director%3dilive.to-sports%26genre%3dTV%26referer%3dhttp%253A%252F%252Fwww.streamlive.to%252Fembed%252F69026%2526width%253D640%2526height%253D480%2526autoplay%253Dtrue%26definedIn%3dtv%252Filive.to-sports.cfg%26icon.tmp%3d%252F%252Fsnapshots.streamlive.to%252Fsnapshots%252Flw1kufim1kmit1h_snapshot.jpg%26type%3drss%26icon%3dhttp%253A%252F%252Fsnapshots.streamlive.to%252Fsnapshots%252Flw1kufim1kmit1h_snapshot.jpg%257CReferer%253Dhttp%253A%252F%252Fwww.streamlive.to%252F%2526User-Agent%253DMozilla%252F5.0%2b%2528Windows%2bNT%2b6.3%2529%2bAppleWebKit%252F537.36%2b%2528KHTML%252C%2blike%2bGecko%2529%2bChrome%252F48.0.2564.97%2bSafari%252F537.36&amp;mode=1&amp;sf_options=fanart%3Dspecial%3A%2F%2Fhome%2Faddons%2Fplugin.video.SportsDevil%2Ffanart.jpg%26_options_sf&quot;,return)</favourite>
	<favourite name="Golf (Sports) (US) (English)" thumb="http://www.clipartbest.com/cliparts/nTX/zxX/nTXzxXjTB.jpeg">PlayMedia(&quot;plugin://plugin.video.ccloudtv/?url=http%3A%2F%2Ftvegolf-i.Akamaihd.net%2Fhls%2Flive%2F218225%2Fgolfx%2F4296k%2Fprog.m3u8&amp;mode=1&amp;name=Golf+%28Sports%29+%28US%29+%28English%29&amp;iconimage=http%3A%2F%2Fwww.clipartbest.com%2Fcliparts%2FnTX%2FzxX%2FnTXzxXjTB.jpeg&amp;sf_options=fanart%3Dhttp%3A%2F%2Fwww.clipartbest.com%2Fcliparts%2FnTX%2FzxX%2FnTXzxXjTB.jpeg%26winID%3D10025%26_options_sf&quot;)</favourite>
	<favourite name="NBC Sports Golf 1080p (Sports) (US) (English)" thumb="http://www.golfchannel.com/sites/golfchannel.prod.acquia-sites.com/files/2015/09/15/newlogo304_176_0.jpg">PlayMedia(&quot;plugin://plugin.video.ccloudtv/?url=http%3A%2F%2Ftvegolf-i.Akamaihd.net%2Fhls%2Flive%2F218225%2Fgolfx%2F4296k%2Fprog.m3u8&amp;mode=1&amp;name=NBC+Sports+Golf+1080p+%28Sports%29+%28US%29+%28English%29&amp;iconimage=http%3A%2F%2Fwww.golfchannel.com%2Fsites%2Fgolfchannel.prod.acquia-sites.com%2Ffiles%2F2015%2F09%2F15%2Fnewlogo304_176_0.jpg&amp;sf_options=fanart%3Dhttp%3A%2F%2Fwww.golfchannel.com%2Fsites%2Fgolfchannel.prod.acquia-sites.com%2Ffiles%2F2015%2F09%2F15%2Fnewlogo304_176_0.jpg%26winID%3D10025%26_options_sf&quot;)</favourite>
	<favourite name="NBC Sports Golf 720p (Sports) (US) (English)" thumb="http://www.golfchannel.com/sites/golfchannel.prod.acquia-sites.com/files/2015/09/15/newlogo304_176_0.jpg">PlayMedia(&quot;plugin://plugin.video.ccloudtv/?url=http%3A%2F%2Ftvegolf-i.Akamaihd.net%2Fhls%2Flive%2F218225%2Fgolfx%2F2596k%2Fprog.m3u8&amp;mode=1&amp;name=NBC+Sports+Golf+720p+%28Sports%29+%28US%29+%28English%29&amp;iconimage=http%3A%2F%2Fwww.golfchannel.com%2Fsites%2Fgolfchannel.prod.acquia-sites.com%2Ffiles%2F2015%2F09%2F15%2Fnewlogo304_176_0.jpg&amp;sf_options=fanart%3Dhttp%3A%2F%2Fwww.golfchannel.com%2Fsites%2Fgolfchannel.prod.acquia-sites.com%2Ffiles%2F2015%2F09%2F15%2Fnewlogo304_176_0.jpg%26winID%3D10025%26_options_sf&quot;)</favourite>
	<favourite name="NBC GOLF SD" thumb="http://i.ytimg.com/vi/yE4Jxq-3SrM/hqdefault.jpg">PlayMedia(&quot;plugin://plugin.video.gul/?url=http%3A%2F%2Ftvegolf-i.Akamaihd.net%2Fhls%2Flive%2F218225%2Fgolfx%2F1896k%2Fprog.m3u8%7CX-Forwarded-For%3D209.239.112.104&amp;mode=3&amp;name=NBC+GOLF+SD&amp;iconimage=http%3A%2F%2Fi.ytimg.com%2Fvi%2FyE4Jxq-3SrM%2Fhqdefault.jpg&amp;description=&amp;sf_options=fanart%3Dhttp%3A%2F%2Fi.ytimg.com%2Fvi%2FyE4Jxq-3SrM%2Fhqdefault.jpg%26winID%3D10025%26_options_sf&quot;)</favourite>
	<favourite name="NBC GOLF 720p" thumb="http://i.ytimg.com/vi/yE4Jxq-3SrM/hqdefault.jpg">PlayMedia(&quot;plugin://plugin.video.gul/?url=http%3A%2F%2Ftvegolf-i.Akamaihd.net%2Fhls%2Flive%2F218225%2Fgolfx%2F2596k%2Fprog.m3u8%7CX-Forwarded-For%3D209.239.112.104&amp;mode=3&amp;name=NBC+GOLF+720p&amp;iconimage=http%3A%2F%2Fi.ytimg.com%2Fvi%2FyE4Jxq-3SrM%2Fhqdefault.jpg&amp;description=&amp;sf_options=fanart%3Dhttp%3A%2F%2Fi.ytimg.com%2Fvi%2FyE4Jxq-3SrM%2Fhqdefault.jpg%26winID%3D10025%26_options_sf&quot;)</favourite>
	<favourite name="NBC GOLF 1080p" thumb="http://i.ytimg.com/vi/yE4Jxq-3SrM/hqdefault.jpg">PlayMedia(&quot;plugin://plugin.video.gul/?url=http%3A%2F%2Ftvegolf-i.Akamaihd.net%2Fhls%2Flive%2F218225%2Fgolfx%2F4296k%2Fprog.m3u8%7CX-Forwarded-For%3D209.239.112.104&amp;mode=3&amp;name=NBC+GOLF+1080p&amp;iconimage=http%3A%2F%2Fi.ytimg.com%2Fvi%2FyE4Jxq-3SrM%2Fhqdefault.jpg&amp;description=&amp;sf_options=fanart%3Dhttp%3A%2F%2Fi.ytimg.com%2Fvi%2FyE4Jxq-3SrM%2Fhqdefault.jpg%26winID%3D10025%26_options_sf&quot;)</favourite>
	<favourite name="[COLOR FF11b500]Live pga v8[/COLOR]" thumb="http://thumb1.shutterstock.com/display_pic_with_logo/436018/436018,1278418095,4/stock-photo-word-sports-d-56624578.jpg">PlayMedia(&quot;plugin://plugin.video.ZemTV-shani/?url=ZGlyZWN0MjpodHRwOi8vODguMTUwLjE5OC4xMTQ6MTg1Ny9TUE9SVFM0U1RBVGljL1NQNC9pbmRleC5tM3U4P3Rva2VuPVlXWTBOekZtT1RrMk1HWTBOekJsTUdOak1UTXhZMkZoWkdRelpUWXdNams2TVRRMU5qazFOemN5TVE9PQ%3D%3D&amp;mode=11&amp;name=%5BCOLOR+FF11b500%5DLive+pga+v8%5B%2FCOLOR%5D&amp;sf_options=winID%3D10025%26_options_sf&quot;)</favourite>
	<favourite name="[COLOR FF11b500]Nbc golf v8[/COLOR]" thumb="http://thumb1.shutterstock.com/display_pic_with_logo/436018/436018,1278418095,4/stock-photo-word-sports-d-56624578.jpg">PlayMedia(&quot;plugin://plugin.video.ZemTV-shani/?url=ZGlyZWN0MjpodHRwOi8vODguMTUwLjE5OC4xMTQ6MTg1Ny9OQkMvR09MRi9pbmRleC5tM3U4P3Rva2VuPVlUTXlPVGxrTW1OallUUmtaV1ZtTlRFMU5HTmlZak5rTVRnNFlqazNObUU2TVRRMU5qazFOemN5TVE9PQ%3D%3D&amp;mode=11&amp;name=%5BCOLOR+FF11b500%5DNbc+golf+v8%5B%2FCOLOR%5D&amp;sf_options=winID%3D10025%26_options_sf&quot;)</favourite>
	<favourite name="[COLOR FF11b500]Golf channel uktv[/COLOR]" thumb="https://app.uktvnow.net/images/channel_imgs/190116045453golf.png">PlayMedia(&quot;plugin://plugin.video.ZemTV-shani/?url=dWt0dm5vdzoxMjU%3D&amp;mode=11&amp;name=%5BCOLOR+FF11b500%5DGolf+channel+uktv%5B%2FCOLOR%5D&amp;sf_options=winID%3D10025%26_options_sf&quot;)</favourite>
	<favourite name="Golf" thumb="DefaultFolder.png">PlayMedia(&quot;plugin://plugin.video.ZemTV-shani/?url=http%3A%2F%2Fcricfree.sx%2Fgolf-channel-live-stream&amp;mode=42&amp;name=Golf&amp;sf_options=winID%3D10025%26_options_sf&quot;)</favourite>
</favourites>