<favourites>
	<favourite name="Bravo" thumb="special://home/addons/plugin.video.bravo/icon.png">ActivateWindow(10025,&quot;plugin://plugin.video.bravo?sf_options=fanart%3Dspecial%3A%2F%2Fhome%2Faddons%2Fplugin.video.bravo%2Ffanart.jpg%26desc%3DBravo+TV+Video+Addon%26_options_sf&quot;,return)</favourite>
	<favourite name="Bravo" thumb="special://home/addons/script.exodus.artwork/resources/media/exodus/networks.png">ActivateWindow(10025,&quot;plugin://plugin.video.exodus/?action=tvshows&amp;url=http%3a%2f%2fwww.imdb.com%2fsearch%2ftitle%3ftitle_type%3dtv_series%2cmini_series%26release_date%3d%2cdate%5b0%5d%26company%3dco0055388%26sort%3dmoviemeter%2casc%26count%3d40%26start%3d1&amp;sf_options=fanart%3Dspecial%3A%2F%2Fhome%2Faddons%2Fscript.exodus.artwork%2Fresources%2Fmedia%2Fexodus%2Ffanart.jpg%26_options_sf&quot;,return)</favourite>
	<favourite name="Bravo" thumb="special://home/addons/plugin.video.specto/resources/media/gone/tvshows.jpg">ActivateWindow(10025,&quot;plugin://plugin.video.specto/?action=tvshows&amp;url=http%3a%2f%2fapi.themoviedb.org%2f3%2fdiscover%2ftv%3fapi_key%3d%25s%26with_networks%3d74%7c312%7c485%26air_date.gte%3d2015-03-09%26air_date.lte%3d2016-03-08%26page%3d1&amp;sf_options=fanart%3Dspecial%3A%2F%2Fhome%2Faddons%2Fplugin.video.specto%2Fresources%2Fmedia%2Fgone%2Ffanart.jpg%26_options_sf&quot;,return)</favourite>
	<favourite name="Bravo" thumb="special://home/addons/plugin.video.theroyalwe/resources/artwork/networks/bravo.png">ActivateWindow(10025,&quot;plugin://plugin.video.theroyalwe/?id=312%7c485&amp;mode=tv_network&amp;sf_options=fanart%3Dspecial%3A%2F%2Fhome%2Faddons%2Fplugin.video.theroyalwe%2Ffanart.jpg%26_options_sf&quot;,return)</favourite>
</favourites>