<favourites>
	<favourite name="[COLOR FF11b500]Mlb network uktv[/COLOR]" thumb="https://app.uktvnow.net/images/channel_imgs/200116013246mlb.png">PlayMedia(&quot;plugin://plugin.video.ZemTV-shani/?url=dWt0dm5vdzoxNDg%3D&amp;mode=11&amp;name=%5BCOLOR+FF11b500%5DMlb+network+uktv%5B%2FCOLOR%5D&amp;sf_options=winID%3D10025%26_options_sf&quot;)</favourite>
	<favourite name="Mlb Netowrk" thumb="special://home/addons/plugin.video.gorillastreams/resources/images/channels/Mlb Netowrk">ActivateWindow(10025,&quot;plugin://plugin.video.gorillastreams/?item=catcher%3dstreams%26title%3dMlb%2bNetowrk%26url%3dhttp%253A%252F%252Fcricfree.sx%252Fmlb-netowrk-live-stream%26videoTitle%3dMlb%2bNetowrk%26director%3dGorilla%2bStreams%26genre%3dLive%2bTV%26referer%3dhttp%253A%252F%252Fcricfree.sx%252Fmlb-netowrk-live-stream%26definedIn%3dtv%252Fcricfree.tv.cfg%26link%3dmlb-netowrk-live-stream%26type%3drss%26icon%3d%252Fhome%252Fosmc%252F.kodi%252Faddons%252Fplugin.video.gorillastreams%252Fresources%252Fimages%252Fchannels%252FMlb%2bNetowrk&amp;mode=1&amp;sf_options=fanart%3Dspecial%3A%2F%2Fhome%2Faddons%2Fplugin.video.gorillastreams%2Ffanart.jpg%26_options_sf&quot;,return)</favourite>
	<favourite name="MLB Network" thumb="http://www.shadow-net.me/product_images/o/660/mlb_network__27352_thumb.jpg">PlayMedia(&quot;plugin://plugin.video.castaway/?url=http%3A%2F%2Fwww.shadow-net.me%2Fchannels%2FMLB-Network.html&amp;play=True&amp;mode=play&amp;img=http%3A%2F%2Fwww.shadow-net.me%2Fproduct_images%2Fo%2F660%2Fmlb_network__27352_thumb.jpg&amp;title=MLB+Network&amp;sf_options=fanart%3Dspecial%3A%2F%2Fhome%2Faddons%2Fplugin.video.castaway%2Ffanart.jpg%26winID%3D10025%26_options_sf&quot;)</favourite>
	<favourite name="Mlb" thumb="DefaultFolder.png">PlayMedia(&quot;plugin://plugin.video.ZemTV-shani/?url=http%3A%2F%2Fcricfree.sx%2Ftsn-1-live-stream&amp;mode=42&amp;name=Mlb&amp;sf_options=winID%3D10025%26_options_sf&quot;)</favourite>
	<favourite name="[COLOR aqua]MLB Network[/COLOR]" thumb="special://home/addons/plugin.video.SportsDevil/resources/images/channels/MLB Network">ActivateWindow(10025,&quot;plugin://plugin.video.SportsDevil/?item=catcher%3dstreams%26title%3dMLB%2bNetwork%26url%3dhttp%253A%252F%252Fcricfree.sx%252Fmlb-netowrk-live-stream%26videoTitle%3dMLB%2bNetwork%26director%3dcricfree.tv%26genre%3dTV%26referer%3dhttp%253A%252F%252Fcricfree.sx%252F%26definedIn%3dtv%252Fcricfree.tv.cfg%26link%3dmlb-netowrk-live-stream%26type%3drss%26icon%3d%252Fhome%252Fosmc%252F.kodi%252Faddons%252Fplugin.video.SportsDevil%252Fresources%252Fimages%252Fchannels%252FMLB%2bNetwork&amp;mode=1&amp;sf_options=fanart%3Dspecial%3A%2F%2Fhome%2Faddons%2Fplugin.video.SportsDevil%2Ffanart.jpg%26_options_sf&quot;,return)</favourite>
	<favourite name="Mlb Ing" thumb="special://home/addons/plugin.video.SportsDevil/resources/images/channels/Mlb Ing">ActivateWindow(10025,&quot;plugin://plugin.video.SportsDevil/?item=catcher%3dstreams%26title%3dMlb%2bIng%26url%3dhttp%253A%252F%252Fcricfree.sx%252Fmlb-live-streaming-ch19%26videoTitle%3dMlb%2bIng%26director%3dcricfree.tv%26genre%3dTV%26referer%3dhttp%253A%252F%252Fcricfree.sx%252F%26definedIn%3dtv%252Fcricfree.tv.cfg%26link%3dmlb-live-streaming-ch19%26type%3drss%26icon%3d%252Fhome%252Fosmc%252F.kodi%252Faddons%252Fplugin.video.SportsDevil%252Fresources%252Fimages%252Fchannels%252FMlb%2bIng&amp;mode=1&amp;sf_options=fanart%3Dspecial%3A%2F%2Fhome%2Faddons%2Fplugin.video.SportsDevil%2Ffanart.jpg%26_options_sf&quot;,return)</favourite>
	<favourite name="MLB Network: Intentional Talk" thumb="http://static.filmon.com/assets/channels/1477/big_logo.png">PlayMedia(&quot;plugin://plugin.video.filmon/?url=url&amp;mode=12&amp;name=MLB+Network%3A+Intentional+Talk&amp;iconimage=http%3A%2F%2Fstatic.filmon.com%2Fassets%2Fchannels%2F1477%2Fbig_logo.png&amp;description=&amp;programme_id=1477&amp;startdate_time=&amp;group=SPORTS&amp;sf_options=winID%3D10025%26_options_sf&quot;)</favourite>
</favourites>