<favourites>
	<favourite name="FMX" thumb="special://home/addons/plugin.video.extreme.com/resources/art/FMX.png">ActivateWindow(10025,&quot;plugin://plugin.video.extreme.com/?action=videos_fmx&amp;sf_options=fanart%3Dspecial%3A%2F%2Fhome%2Faddons%2Fplugin.video.extreme.com%2Ffanart.jpg%26desc%3DExtreme+Sports%26_options_sf&quot;,return)</favourite>
	<favourite name="MX" thumb="special://home/addons/plugin.video.extreme.com/resources/art/MX.png">ActivateWindow(10025,&quot;plugin://plugin.video.extreme.com/?action=videos_mx&amp;sf_options=fanart%3Dspecial%3A%2F%2Fhome%2Faddons%2Fplugin.video.extreme.com%2Ffanart.jpg%26desc%3DExtreme+Sports%26_options_sf&quot;,return)</favourite>
	<favourite name="Motocross" thumb="DefaultFolder.png">ActivateWindow(10025,&quot;plugin://plugin.video.mpora_com/?mode=sortDirection&amp;url=http%3a%2f%2fmpora.com%2fmotocross%2fvideos&quot;,return)</favourite>
	<favourite name="Two Wheels TV" thumb="https://yt3.ggpht.com/-d953aloYYaE/AAAAAAAAAAI/AAAAAAAAAAA/g7jJc3Xkhm8/s176-c-k-no/photo.jpg">ActivateWindow(10025,&quot;plugin://plugin.video.youtube/user/DIRTBIKESandQUADS/&quot;,return)</favourite>
</favourites>