<favourites>
	<favourite name="Revision3" thumb="special://home/addons/plugin.video.revision3/icon.png">ActivateWindow(10025,&quot;plugin://plugin.video.revision3?sf_options=fanart%3Dspecial%3A%2F%2Fhome%2Faddons%2Fplugin.video.revision3%2Ffanart.jpg%26desc%3DThe+leading+independent+free+online+video+service.%26_options_sf&quot;,return)</favourite>
	<favourite name="Break Videos" thumb="special://home/addons/plugin.video.break_com/icon.png">ActivateWindow(10025,&quot;plugin://plugin.video.break_com?sf_options=fanart%3Dspecial%3A%2F%2Fhome%2Faddons%2Fplugin.video.break_com%2Ffanart.jpg%26desc%3DBreak+is+the+%231+source+for+funny+videos.+Get+the+hilarious+videos+today+that+will+be+viral+tomorrow.+Get+the+most+awesome+videos+on+Earth+today%2C+because+being+bored+sucks.%26_options_sf&quot;,return)</favourite>
	<favourite name="Crunchyroll" thumb="special://home/addons/plugin.video.crunchyroll-takeout/icon.png">ActivateWindow(10025,&quot;plugin://plugin.video.crunchyroll-takeout?sf_options=fanart%3Dspecial%3A%2F%2Fhome%2Faddons%2Fplugin.video.crunchyroll-takeout%2Ffanart.jpg%26desc%3DCrunchyroll+is+an+online+video+service+and+community+that+offers+full-length+episodes+and+movies+of+the+very+best+in+Japanese+anime+and+Asian+entertainment.%26_options_sf&quot;,return)</favourite>
	<favourite name="Jtv" thumb="special://home/addons/plugin.video.jtv.archives/icon.png">ActivateWindow(10025,&quot;plugin://plugin.video.jtv.archives?sf_options=fanart%3Dspecial%3A%2F%2Fhome%2Faddons%2Fplugin.video.jtv.archives%2Ffanart.jpg%26desc%3DWatch+live+and+archived+videos+from+justin.tv%26_options_sf&quot;,return)</favourite>
	<favourite name="Vice" thumb="special://home/addons/plugin.video.vice/icon.png">ActivateWindow(10025,&quot;plugin://plugin.video.vice/?sf_options=desc%3DVICE+specializes+in+exploring+uncomfortable+truths+and+going+to+places+we+don%27t+belong.%26_options_sf&quot;,return)</favourite>
</favourites>