<favourites>
	<favourite name="WGN Chicago" thumb="http://i.imgur.com/Rp6PKpt.jpg">PlayMedia(&quot;plugin://plugin.video.channelpear/?url=http%3A%2F%2Fwgntribune-lh.akamaihd.net%2Fi%2FWGNPrimary_1%40304622%2Fmaster.m3u8&amp;mode=12&amp;sf_options=winID%3D10025%26_options_sf&quot;)</favourite>
	<favourite name="WGN 9 CW Chicago" thumb="http://www.shadow-net.me/product_images/k/035/Wgncwlogo__34261_thumb.png">PlayMedia(&quot;plugin://plugin.video.castaway/?url=http%3A%2F%2Fwww.shadow-net.me%2Fchannels%2FWGN-9-CW-Chicago.html&amp;play=True&amp;mode=play&amp;img=http%3A%2F%2Fwww.shadow-net.me%2Fproduct_images%2Fk%2F035%2FWgncwlogo__34261_thumb.png&amp;title=WGN+9+CW+Chicago&amp;sf_options=fanart%3Dspecial%3A%2F%2Fhome%2Faddons%2Fplugin.video.castaway%2Ffanart.jpg%26winID%3D10025%26_options_sf&quot;)</favourite>
	<favourite name="WGN9 (CHICAGO)" thumb="http://bbts-repo.weebly.com/files/theme/Logos/USA/BBTS_WGN_Chicago.png">PlayMedia(&quot;http://wgntribune-lh.akamaihd.net/i/WGNPrimary_1@304622/master.m3u8?b?b*t$&amp;sf_options=fanart%3Dhttp%3A%2F%2Fbbts-repo.weebly.com%2Ffiles%2Ftheme%2FLogos%2FFlags%2FUnited_States.jpg%26winID%3D10025%26_options_sf&quot;)</favourite>
	<favourite name="WGN9 (CHICAGO) (2)" thumb="http://bbts-repo.weebly.com/files/theme/Logos/USA/BBTS_WGN_Chicago.png">PlayMedia(&quot;http://wgntribune-lh.akamaihd.net/i/WGNPrimary_1@304622/index_350_av-p.m3u8?b?b*t$&amp;sf_options=fanart%3Dhttp%3A%2F%2Fbbts-repo.weebly.com%2Ffiles%2Ftheme%2FLogos%2FFlags%2FUnited_States.jpg%26winID%3D10025%26_options_sf&quot;)</favourite>
	<favourite name="WGN 9 CW Chicago" thumb="http://s21.postimg.org/s9f95uchz/wgn.png">PlayMedia(&quot;plugin://plugin.video.3amigos/?url=plugin%3A%2F%2Fplugin.video.SportsDevil%2F%3Fmode%3D1%26amp%3Bitem%3Dcatcher%253dstreams%2526url%3Dhttp%3A%2F%2Fwww.shadow-net.biz%2Fchannels%2FWGN-9-CW-Chicago.html%2526referer%3Dhttp%3A%2F%2Fwww.shadow-net.biz%2Fchannels%2FWGN-9-CW-Chicago.html&amp;mode=12&amp;sf_options=fanart%3Dhttp%3A%2F%2Ficons.iconarchive.com%2Ficons%2Fcustom-icon-design%2Fflag-3%2F128%2FUnited-States-Flag-icon.png%26winID%3D10025%26_options_sf&quot;)</favourite>
</favourites>