<favourites>
	<favourite name="History US" thumb="http://www.shadow-net.me/product_images/c/576/history_europe__24065_thumb.jpg">PlayMedia(&quot;plugin://plugin.video.castaway/?url=http%3A%2F%2Fwww.shadow-net.me%2Fchannels%2FHistory-US.html&amp;play=True&amp;mode=play&amp;img=http%3A%2F%2Fwww.shadow-net.me%2Fproduct_images%2Fc%2F576%2Fhistory_europe__24065_thumb.jpg&amp;title=History+US&amp;sf_options=fanart%3Dspecial%3A%2F%2Fhome%2Faddons%2Fplugin.video.castaway%2Ffanart.jpg%26winID%3D10025%26_options_sf&quot;)</favourite>
	<favourite name="History (HD)" thumb="http://snapshots.streamlive.to/snapshots/dhp0rpd116qyyj6_snapshot.jpg">PlayMedia(&quot;plugin://plugin.video.castaway/?url=http%3A%2F%2Fwww.streamlive.to%2Fview%2F39949%2FHistory_%2528HD%2529&amp;play=True&amp;mode=play&amp;img=http%3A%2F%2Fsnapshots.streamlive.to%2Fsnapshots%2Fdhp0rpd116qyyj6_snapshot.jpg&amp;title=History+%28HD%29&amp;sf_options=fanart%3Dspecial%3A%2F%2Fhome%2Faddons%2Fplugin.video.castaway%2Ffanart.jpg%26winID%3D10025%26_options_sf&quot;)</favourite>
	<favourite name="History (Documentary) (US) (English)" thumb="http://2.bp.blogspot.com/-QSfFAp_jqP0/T3DH2aXPHUI/AAAAAAAABdg/5a9_qDD92AQ/s1600/h5.png">PlayMedia(&quot;plugin://plugin.video.ccloudtv/?url=http%3A%2F%2F167.114.102.27%2Flive%2FjAnmftl0OCgZYGwINtt3ag%2F1456963481%2Fd4a4950b7b7267417aa0b9733f30b6fe.m3u8%7CUser-Agent%3DMozilla%252F5.0%2520%28Windows%2520NT%25206.1%253B%2520WOW64%29%2520AppleWebKit%252F537.36%2520%28KHTML%252C%2520like%2520Gecko%29%2520Chrome%252F47.0.2526.106%2520Safari%252F537.36&amp;mode=1&amp;name=History+%28Documentary%29+%28US%29+%28English%29&amp;iconimage=http%3A%2F%2F2.bp.blogspot.com%2F-QSfFAp_jqP0%2FT3DH2aXPHUI%2FAAAAAAAABdg%2F5a9_qDD92AQ%2Fs1600%2Fh5.png&amp;sf_options=fanart%3Dhttp%3A%2F%2F2.bp.blogspot.com%2F-QSfFAp_jqP0%2FT3DH2aXPHUI%2FAAAAAAAABdg%2F5a9_qDD92AQ%2Fs1600%2Fh5.png%26winID%3D10025%26_options_sf&quot;)</favourite>
	<favourite name="HISTORY" thumb="http://i.ytimg.com/vi/yE4Jxq-3SrM/hqdefault.jpg">PlayMedia(&quot;plugin://plugin.video.gul/?url=http%3A%2F%2F201.161.59.7%2Fhistory.isml%2FQualityLevels%281928000%29%2Fmanifest%28format%3Dm3u8-aapl%29.m3u8%3F&amp;mode=3&amp;name=HISTORY&amp;iconimage=http%3A%2F%2Fi.ytimg.com%2Fvi%2FyE4Jxq-3SrM%2Fhqdefault.jpg&amp;description=&amp;sf_options=fanart%3Dhttp%3A%2F%2Fi.ytimg.com%2Fvi%2FyE4Jxq-3SrM%2Fhqdefault.jpg%26winID%3D10025%26_options_sf&quot;)</favourite>
</favourites>