<favourites>
	<favourite name="BBTS" thumb="special://home/addons/plugin.video.bbts/icon.png">ActivateWindow(10025,&quot;plugin://plugin.video.bbts?sf_options=fanart%3Dspecial%3A%2F%2Fhome%2Faddons%2Fplugin.video.bbts%2Ffanart.jpg%26desc%3D%5BCOLOR+yellowgreen%5DB%5B%2FCOLOR%5D%5BCOLOR+dodgerblue%5DB%5B%2FCOLOR%5D%5BCOLOR+white%5DT%5B%2FCOLOR%5D%5BCOLOR+orangered%5DS%5B%2FCOLOR%5D+video+plugin+is+a+collection+of+Live+TV+and+Radio+streams+from+around+the+world.%0A%0A%5BCOLOR+yellowgreen%5DB%5B%2FCOLOR%5D%5BCOLOR+dodgerblue%5DB%5B%2FCOLOR%5D%5BCOLOR+white%5DT%5B%2FCOLOR%5D%5BCOLOR+orangered%5DS%5B%2FCOLOR%5D+source+is+brought+to+you+by+the+people+and+for+the+people.+With+your+support%2C+we+will+give+back+even+more+for+all+of+us%21+Let%27s+get+started%21+Website+%3A%5BCOLOR+blue%5D%5BB%5Dhttp%3A%2F%2Fwww.bbtsip.tv%5B%2FB%5D%5B%2FCOLOR%5D%0APlugin+by+%40koderdude%26_options_sf&quot;,return)</favourite>
	<favourite name="channel PEAR" thumb="special://home/addons/plugin.video.channelpear/icon.png">ActivateWindow(10025,&quot;plugin://plugin.video.channelpear?sf_options=fanart%3Dspecial%3A%2F%2Fhome%2Faddons%2Fplugin.video.channelpear%2Ffanart.jpg%26desc%3DThe+channel+PEAR+media+database+is+100%25+maintained+by+users+like+you%21+Share+media+sources+with+fellow+channel+PEAR+users+and+discover+a+whole+world+of+live+streaming+channels+from+around+the+globe%21+http%3A%2F%2Fchannelpear.com%0A%09You+can+now+enter+your+custom+Plex+URL+in+the+addon+settings.+You+can+get+your+custom+Plex+URL+from+your+library+at+https%3A%2F%2Fchannelpear.com%2Flibrary%2F+%28must+be+logged+in+-+click+the+%22Plex+Channel%22+link+at+the+top+right+of+the+page%29.%0A%09%0A%09This+addon+is+based+on+code+from+LiveStreamspro+from+Shani.+All+credit+to+Shani+and+other+devs+involved.%26_options_sf&quot;,return)</favourite>
	<favourite name="cCloud TV" thumb="special://home/addons/plugin.video.ccloudtv/icon.png">ActivateWindow(10025,&quot;plugin://plugin.video.ccloudtv?sf_options=fanart%3Dspecial%3A%2F%2Fhome%2Faddons%2Fplugin.video.ccloudtv%2Ffanart.jpg%26desc%3DcCloud+is+an+open+source+cloud+based+social+IPTV+service.+It+is+built+by+the+community+for+the+community%2C+where+streaming+is+just+a+click+away.+Just+click%2C+play+and+stream+yup+it%27s+that+simple.+Just+go+to+http%3A%2F%2Fccloudtv.org++and+enjoy%3A%29+Please+report+any+channels+that+are+down+here+http%3A%2F%2Fwww.tiny.cc%2Freportchs%26_options_sf&quot;,return)</favourite>
	<favourite name="Daffyslist" thumb="special://home/addons/plugin.video.Daffyslist/icon.png">ActivateWindow(10025,&quot;plugin://plugin.video.Daffyslist?sf_options=fanart%3Dspecial%3A%2F%2Fhome%2Faddons%2Fplugin.video.Daffyslist%2Ffanart.jpg%26desc%3DI+work+alone+also+i+have+a+job%21%21%21+i+will+continue+to+update%0A%09and+work+on+this+addon+aslong+as+kodi+is+alive%21%21+please+bare+with.%0A%09Daffy+loves+yal%0A%09Thats+all+Folks%26_options_sf&quot;,return)</favourite>
	<favourite name="Gorilla Streams 2.0" thumb="special://home/addons/plugin.video.gorillastreams/icon.png">ActivateWindow(10025,&quot;plugin://plugin.video.gorillastreams?sf_options=fanart%3Dspecial%3A%2F%2Fhome%2Faddons%2Fplugin.video.gorillastreams%2Ffanart.jpg%26desc%3DNo+streams+are+hosted+by+Gorilla.+The+code+for+this+addon+was+originally+wrote+by+MaxMustermann+for+the+Sportsdevil+addon+and+then+modified+by+Dragon+Streams+and+has+now+been+modified+by+Gorilla+Streams%26_options_sf&quot;,return)</favourite>
	<favourite name="SportsDevil" thumb="special://home/addons/plugin.video.SportsDevil/icon.png">ActivateWindow(10025,&quot;plugin://plugin.video.SportsDevil?sf_options=fanart%3Dspecial%3A%2F%2Fhome%2Faddons%2Fplugin.video.SportsDevil%2Ffanart.jpg%26desc%3DPlay+videos+of+different+sports+streaming+sites%26_options_sf&quot;,return)</favourite>
	<favourite name="The GiddyUp Network" thumb="special://home/addons/plugin.video.tgun/icon.png">ActivateWindow(10025,&quot;plugin://plugin.video.tgun/?sf_options=desc%3DVisit+www.tvaddons.ag+for+support.%0A++++++++%0AWatch+all+your+favorite+TV+Shows+and+Movies+streamed+on+constant+repeat+24%2F7+from+The+Giddy+Up+Network+-+www.tgun.tv%26_options_sf&quot;,return)</favourite>
	<favourite name="USTVnow Plus" thumb="special://home/addons/plugin.video.ustvnow.tva/icon.png">ActivateWindow(10025,&quot;plugin://plugin.video.ustvnow.tva?sf_options=fanart%3Dspecial%3A%2F%2Fhome%2Faddons%2Fplugin.video.ustvnow.tva%2Ffanart.jpg%26desc%3DWatch+Major+American+Television+Networks+Live%21+Entirely+Legal+and+Free%21+You+can+also+record+content+with+a+paid+DVR+account+or+by+using+DVR+referral+oints.+Signup+for+a+free+account+through+the+following+link+today%3A+http%3A%2F%2Fwatch.ustvnow.com%26_options_sf&quot;,return)</favourite>
</favourites>