<favourites>
	<favourite name="WNBC Programs" thumb="special://home/addons/plugin.video.wnbc/icon.png">ActivateWindow(10025,&quot;plugin://plugin.video.wnbc/?sf_options=desc%3DWNBC+Programs+from+the+flagship+NBC+station+in+New+York.+Programs+include%3A+The+Tonight+Show%2C+NBC+News+and+NBC+Classic+TV.%26_options_sf&quot;,return)</favourite>
	<favourite name="NBC" thumb="special://home/addons/script.exodus.artwork/resources/media/exodus/networks.png">ActivateWindow(10025,&quot;plugin://plugin.video.exodus/?action=tvshows&amp;url=http%3a%2f%2fwww.imdb.com%2fsearch%2ftitle%3ftitle_type%3dtv_series%2cmini_series%26release_date%3d%2cdate%5b0%5d%26company%3dco0072315%26sort%3dmoviemeter%2casc%26count%3d40%26start%3d1&amp;sf_options=fanart%3Dspecial%3A%2F%2Fhome%2Faddons%2Fscript.exodus.artwork%2Fresources%2Fmedia%2Fexodus%2Ffanart.jpg%26_options_sf&quot;,return)</favourite>
	<favourite name="NBC" thumb="special://home/addons/plugin.video.specto/resources/media/gone/tvshows.jpg">ActivateWindow(10025,&quot;plugin://plugin.video.specto/?action=tvshows&amp;url=http%3a%2f%2fapi.themoviedb.org%2f3%2fdiscover%2ftv%3fapi_key%3d%25s%26with_networks%3d6%7c582%26air_date.gte%3d2015-03-09%26air_date.lte%3d2016-03-08%26page%3d1&amp;sf_options=fanart%3Dspecial%3A%2F%2Fhome%2Faddons%2Fplugin.video.specto%2Fresources%2Fmedia%2Fgone%2Ffanart.jpg%26_options_sf&quot;,return)</favourite>
	<favourite name="MSNBC" thumb="special://home/addons/plugin.video.theroyalwe/resources/artwork/networks/msnbc.png">ActivateWindow(10025,&quot;plugin://plugin.video.theroyalwe/?id=37&amp;mode=tv_network&amp;sf_options=fanart%3Dspecial%3A%2F%2Fhome%2Faddons%2Fplugin.video.theroyalwe%2Ffanart.jpg%26_options_sf&quot;,return)</favourite>
	<favourite name="NBC" thumb="special://home/addons/plugin.video.theroyalwe/resources/artwork/networks/nbc.png">ActivateWindow(10025,&quot;plugin://plugin.video.theroyalwe/?id=6%7c582&amp;mode=tv_network&amp;sf_options=fanart%3Dspecial%3A%2F%2Fhome%2Faddons%2Fplugin.video.theroyalwe%2Ffanart.jpg%26_options_sf&quot;,return)</favourite>
	<favourite name="[COLOR gold]NBC Shows List[/COLOR]" thumb="special://home/addons/plugin.video.velocity/resources/art/special_movie_lists.png">ActivateWindow(10025,&quot;plugin://plugin.video.velocity/?media=shows&amp;mode=fancy_list&amp;movie_title&amp;name=%5bCOLOR%20gold%5dNBC%20Shows%20List%5b%2fCOLOR%5d&amp;thumb=%2fhome%2fosmc%2f.kodi%2faddons%2fplugin.video.velocity%2fresources%2fart%2fspecial_movie_lists.png&amp;trakt_id=cbs&amp;url=NBC&amp;sf_options=fanart%3Dspecial%3A%2F%2Fhome%2Faddons%2Fplugin.video.velocity%2Fresources%2Fart%2Ffanart.jpg%26_options_sf&quot;,return)</favourite>
</favourites>