<favourites>
	<favourite name="UFC TV" thumb="http://www.serbiaplus.club/images/UFC%20TV.jpg">PlayMedia(&quot;plugin://plugin.video.castaway/?url=http%3A%2F%2Fwww.serbiaplus.club%2Fufctv.html&amp;play=True&amp;mode=play&amp;img=http%3A%2F%2Fwww.serbiaplus.club%2Fimages%2FUFC%2520TV.jpg&amp;title=UFC+TV&amp;sf_options=fanart%3Dspecial%3A%2F%2Fhome%2Faddons%2Fplugin.video.castaway%2Ffanart.jpg%26winID%3D10025%26_options_sf&quot;)</favourite>
	<favourite name="UFC Network (Sports) (US) (English)" thumb="http://media.ufc.tv/ufc_system_assets/ufc_201403141343/images/ufc_network.png">PlayMedia(&quot;plugin://plugin.video.ccloudtv/?url=http%3A%2F%2F31.220.40.105%2FLiveEdge%2FUFCNetworkLA%2Fplaylist.m3u8&amp;mode=1&amp;name=UFC+Network+%28Sports%29+%28US%29+%28English%29&amp;iconimage=http%3A%2F%2Fmedia.ufc.tv%2Fufc_system_assets%2Fufc_201403141343%2Fimages%2Fufc_network.png&amp;sf_options=fanart%3Dhttp%3A%2F%2Fmedia.ufc.tv%2Fufc_system_assets%2Fufc_201403141343%2Fimages%2Fufc_network.png%26winID%3D10025%26_options_sf&quot;)</favourite>
	<favourite name="UFC (Sports) (US) (English)" thumb="http://myfonts-wtf.s3.amazonaws.com/9e/9eb8d4d8eeb8429c21826e64e8f4b529.28776.jpeg">PlayMedia(&quot;plugin://plugin.video.ccloudtv/?url=http%3A%2F%2F31.220.40.105%2FLiveEdge%2FUFCNetworkLA%2Fplaylist.m3u8&amp;mode=1&amp;name=UFC+%28Sports%29+%28US%29+%28English%29&amp;iconimage=http%3A%2F%2Fmyfonts-wtf.s3.amazonaws.com%2F9e%2F9eb8d4d8eeb8429c21826e64e8f4b529.28776.jpeg&amp;sf_options=fanart%3Dhttp%3A%2F%2Fmyfonts-wtf.s3.amazonaws.com%2F9e%2F9eb8d4d8eeb8429c21826e64e8f4b529.28776.jpeg%26winID%3D10025%26_options_sf&quot;)</favourite>
	<favourite name="Versus HD (Sports) (US) (English)" thumb="http://www.5thround.com/wp-content/uploads/2009/12/versuslogo.jpg">PlayMedia(&quot;plugin://plugin.video.ccloudtv/?url=http%3A%2F%2F208.92.36.158%2Fipad%2Flive%2Fnba_ipad_1240.m3u8&amp;mode=1&amp;name=Versus+HD+%28Sports%29+%28US%29+%28English%29&amp;iconimage=http%3A%2F%2Fwww.5thround.com%2Fwp-content%2Fuploads%2F2009%2F12%2Fversuslogo.jpg&amp;sf_options=fanart%3Dhttp%3A%2F%2Fwww.5thround.com%2Fwp-content%2Fuploads%2F2009%2F12%2Fversuslogo.jpg%26winID%3D10025%26_options_sf&quot;)</favourite>
	<favourite name="Versus (Sports) (US) (English)" thumb="http://t2.gstatic.com/images?q=tbn:ANd9GcQy6CAqj8XYz-xhdV5Ujzyt8BFxz2eOksJjbhhaccg-YP2AcvXmQeCpWe4Epg">PlayMedia(&quot;plugin://plugin.video.ccloudtv/?url=http%3A%2F%2F208.92.36.158%2Fipad%2Flive%2Fnba_ipad_1240.m3u8&amp;mode=1&amp;name=Versus+%28Sports%29+%28US%29+%28English%29&amp;iconimage=http%3A%2F%2Ft2.gstatic.com%2Fimages%3Fq%3Dtbn%3AANd9GcQy6CAqj8XYz-xhdV5Ujzyt8BFxz2eOksJjbhhaccg-YP2AcvXmQeCpWe4Epg&amp;sf_options=winID%3D10025%26_options_sf&quot;)</favourite>
	<favourite name="Xtreme Impacts" thumb="http://i.ytimg.com/vi/yE4Jxq-3SrM/hqdefault.jpg">PlayMedia(&quot;plugin://plugin.video.gul/?url=http%3A%2F%2F46.249.213.93%2FiPhone%2Fbroadcast%2Fxtremeimpacts-tablet.3gp%2Fxtremeimpacts-tablet.3gp-mr647k.m3u8&amp;mode=3&amp;name=Xtreme+Impacts+&amp;iconimage=http%3A%2F%2Fi.ytimg.com%2Fvi%2FyE4Jxq-3SrM%2Fhqdefault.jpg&amp;description=&amp;sf_options=fanart%3Dhttp%3A%2F%2Fi.ytimg.com%2Fvi%2FyE4Jxq-3SrM%2Fhqdefault.jpg%26winID%3D10025%26_options_sf&quot;)</favourite>
	<favourite name="Xtreme Impacts" thumb="http://i.ytimg.com/vi/yE4Jxq-3SrM/hqdefault.jpg">PlayMedia(&quot;plugin://plugin.video.gul/?url=http%3A%2F%2F46.249.213.93%2FiPhone%2Fbroadcast%2Fxtremeimpacts-tablet.3gp%2Fxtremeimpacts-tablet.3gp-mr647k.m3u8%3Fb%3Fb%2At%24&amp;mode=3&amp;name=Xtreme+Impacts&amp;iconimage=http%3A%2F%2Fi.ytimg.com%2Fvi%2FyE4Jxq-3SrM%2Fhqdefault.jpg&amp;description=&amp;sf_options=fanart%3Dhttp%3A%2F%2Fi.ytimg.com%2Fvi%2FyE4Jxq-3SrM%2Fhqdefault.jpg%26winID%3D10025%26_options_sf&quot;)</favourite>
	<favourite name="[COLOR FF11b500]Fighter v8[/COLOR]" thumb="http://thumb1.shutterstock.com/display_pic_with_logo/436018/436018,1278418095,4/stock-photo-word-sports-d-56624578.jpg">PlayMedia(&quot;plugin://plugin.video.ZemTV-shani/?url=ZGlyZWN0MjpodHRwOi8vaGxzc3RyMDIuc3ZjLmlwdHYucnQucnUvaGxzL0NIX0JPRVRaL2J3NDgwMDAwL3ZhcmlhbnQubTN1OD92ZXJzaW9uPTI%3D&amp;mode=11&amp;name=%5BCOLOR+FF11b500%5DFighter+v8%5B%2FCOLOR%5D&amp;sf_options=winID%3D10025%26_options_sf&quot;)</favourite>
	<favourite name="[COLOR FF11b500]Ufc v8[/COLOR]" thumb="http://thumb1.shutterstock.com/display_pic_with_logo/436018/436018,1278418095,4/stock-photo-word-sports-d-56624578.jpg">PlayMedia(&quot;plugin://plugin.video.ZemTV-shani/?url=ZGlyZWN0MjpodHRwOi8vaGxzc3RyMDMuc3ZjLmlwdHYucnQucnUvaGxzL0NIX0ZJR0hUQ0xVQi9idzQ4MDAwMC92YXJpYW50Lm0zdTg%2FdmVyc2lvbj0y&amp;mode=11&amp;name=%5BCOLOR+FF11b500%5DUfc+v8%5B%2FCOLOR%5D&amp;sf_options=winID%3D10025%26_options_sf&quot;)</favourite>
	<favourite name="[COLOR FF11b500]Xtreme impacts v8[/COLOR]" thumb="http://thumb1.shutterstock.com/display_pic_with_logo/436018/436018,1278418095,4/stock-photo-word-sports-d-56624578.jpg">PlayMedia(&quot;plugin://plugin.video.ZemTV-shani/?url=ZGlyZWN0MjpodHRwOi8vNDYuMjQ5LjIxMy45My9pUGhvbmUvYnJvYWRjYXN0L3h0cmVtZWltcGFjdHMtdGFibGV0LjNncC94dHJlbWVpbXBhY3RzLXRhYmxldC4zZ3AtbXI2NDdrLm0zdTg%3D&amp;mode=11&amp;name=%5BCOLOR+FF11b500%5DXtreme+impacts+v8%5B%2FCOLOR%5D&amp;sf_options=winID%3D10025%26_options_sf&quot;)</favourite>
	<favourite name="MMA Now" thumb="http://static.filmon.com/assets/channels/3860/big_logo.png">PlayMedia(&quot;plugin://plugin.video.filmon/?url=url&amp;mode=12&amp;name=MMA+Now&amp;iconimage=http%3A%2F%2Fstatic.filmon.com%2Fassets%2Fchannels%2F3860%2Fbig_logo.png&amp;description=&amp;programme_id=3860&amp;startdate_time=&amp;group=EXTREME+SPORTS&amp;sf_options=winID%3D10025%26_options_sf&quot;)</favourite>
	<favourite name="MMA Now Live" thumb="http://static.filmon.com/assets/channels/4253/big_logo.png">PlayMedia(&quot;plugin://plugin.video.filmon/?url=url&amp;mode=12&amp;name=MMA+Now+Live&amp;iconimage=http%3A%2F%2Fstatic.filmon.com%2Fassets%2Fchannels%2F4253%2Fbig_logo.png&amp;description=&amp;programme_id=4253&amp;startdate_time=&amp;group=EXTREME+SPORTS&amp;sf_options=winID%3D10025%26_options_sf&quot;)</favourite>
	<favourite name="UFC Next" thumb="http://static.filmon.com/assets/channels/713/big_logo.png">PlayMedia(&quot;plugin://plugin.video.filmon/?url=url&amp;mode=12&amp;name=UFC+Next&amp;iconimage=http%3A%2F%2Fstatic.filmon.com%2Fassets%2Fchannels%2F713%2Fbig_logo.png&amp;description=&amp;programme_id=713&amp;startdate_time=&amp;group=EXTREME+SPORTS&amp;sf_options=winID%3D10025%26_options_sf&quot;)</favourite>
	<favourite name="The Best of the UFC®" thumb="http://static.filmon.com/assets/channels/1483/big_logo.png">PlayMedia(&quot;plugin://plugin.video.filmon/?url=url&amp;mode=12&amp;name=The+Best+of+the+UFC%C2%AE&amp;iconimage=http%3A%2F%2Fstatic.filmon.com%2Fassets%2Fchannels%2F1483%2Fbig_logo.png&amp;description=&amp;programme_id=1483&amp;startdate_time=&amp;group=EXTREME+SPORTS&amp;sf_options=winID%3D10025%26_options_sf&quot;)</favourite>
</favourites>