<favourites>
	<favourite name="Yesterdays episodes" thumb="DefaultFolder.png">ActivateWindow(10025,&quot;special://profile/playlists/video/New Episodes.xsp&quot;,return)</favourite>
	<favourite name="This weeks episodes" thumb="DefaultFolder.png">ActivateWindow(10025,&quot;special://profile/playlists/video/.tv catchup.xsp&quot;,return)</favourite>
	<favourite name="Unwatched TV shows" thumb="/home/osmc/.Turnkey/Backgrounds/entertainment/settings_movies.jpg">ActivateWindow(10025,&quot;library://video/inprogressshows.xml/&quot;,return)</favourite>
	<favourite name="Recently added episodes" thumb="/home/osmc/.Turnkey/Backgrounds/entertainment/xiaomi_4k_tv4.jpg">ActivateWindow(10025,&quot;library://video/recentlyaddedepisodes.xml/&quot;,return)</favourite>
	<favourite name="Title" thumb="DefaultTVShowTitle.png">ActivateWindow(10025,&quot;library://video/tvshows/titles.xml/&quot;,return)</favourite>
	<favourite name="Genres" thumb="DefaultGenre.png">ActivateWindow(10025,&quot;library://video/tvshows/genres.xml/&quot;,return)</favourite>
	<favourite name="Year" thumb="DefaultYear.png">ActivateWindow(10025,&quot;library://video/tvshows/years.xml/&quot;,return)</favourite>
	<favourite name="Actors" thumb="DefaultActor.png">ActivateWindow(10025,&quot;library://video/tvshows/actors.xml/&quot;,return)</favourite>
	<favourite name="Studios" thumb="DefaultStudios.png">ActivateWindow(10025,&quot;library://video/tvshows/studios.xml/&quot;,return)</favourite>
	<favourite name="Tags" thumb="DefaultTags.png">ActivateWindow(10025,&quot;library://video/tvshows/tags.xml/&quot;,return)</favourite>
	<favourite name="Playlists" thumb="/home/osmc/.Turnkey/Backgrounds/music videos/musicvideo.png">ActivateWindow(10025,&quot;library://video/playlists.xml/&quot;,return)</favourite>
	<favourite name="TV Files" thumb="/home/osmc/.Turnkey/Backgrounds/entertainment/44.jpg">ActivateWindow(10025,&quot;/home/osmc/TV Shows/&quot;,return)</favourite>
</favourites>