<favourites>
	<favourite name="Water Sport" thumb="special://home/addons/plugin.video.castaway/resources/media/icons/waterpolo.png">ActivateWindow(10025,&quot;plugin://plugin.video.castaway/?mode=open_sport_cat&amp;site=vipbox&amp;url=http%3a%2f%2fwww.vipleague.me%2fsports%2fwater-sports.html&amp;sf_options=fanart%3Dspecial%3A%2F%2Fhome%2Faddons%2Fplugin.video.castaway%2Ffanart.jpg%26_options_sf&quot;,return)</favourite>
	<favourite name="Water Sports (1)" thumb="special://home/addons/plugin.video.castaway/resources/media/icons/waterpolo.png">ActivateWindow(10025,&quot;plugin://plugin.video.castaway/?mode=open_sport_cat&amp;site=livetv&amp;url=http%3a%2f%2fxliveru.sx%2fen%2fallupcomingsports%2f46%2f&amp;sf_options=fanart%3Dspecial%3A%2F%2Fhome%2Faddons%2Fplugin.video.castaway%2Ffanart.jpg%26_options_sf&quot;,return)</favourite>
	<favourite name="Water Sport" thumb="special://home/addons/plugin.video.SportsDevil/resources/images/vipbox.png">ActivateWindow(10025,&quot;plugin://plugin.video.SportsDevil/?item=title.tmp%3dWater%2bSport%26title%3dWater%2bSport%26url%3dhttp%253A%252F%252Fwww.vipleague.is%252Fsports%252Fwater-sports.html%26cfg%3dvipbox.tv.events.cfg%2540Water%2bSport%26definedIn%3dvipbox.tv.cfg%26director%3dVipBox.tv%26referer%3dhttp%253A%252F%252Fwww.vipleague.is%26genre%3dLive%2bSports%26type%3drss%26icon%3d%252Fhome%252Fosmc%252F.kodi%252Faddons%252Fplugin.video.SportsDevil%252Fresources%252Fimages%252Fvipbox.png&amp;mode=1&amp;sf_options=fanart%3Dspecial%3A%2F%2Fhome%2Faddons%2Fplugin.video.SportsDevil%2Ffanart.jpg%26_options_sf&quot;,return)</favourite>
	<favourite name="Surf" thumb="special://home/addons/plugin.video.extreme.com/resources/art/Surf.png">ActivateWindow(10025,&quot;plugin://plugin.video.extreme.com/?action=videos_surf&amp;sf_options=fanart%3Dspecial%3A%2F%2Fhome%2Faddons%2Fplugin.video.extreme.com%2Ffanart.jpg%26desc%3DExtreme+Sports%26_options_sf&quot;,return)</favourite>
	<favourite name="Kayak" thumb="special://home/addons/plugin.video.extreme.com/resources/art/Kayak.png">ActivateWindow(10025,&quot;plugin://plugin.video.extreme.com/?action=videos_kayak&amp;sf_options=fanart%3Dspecial%3A%2F%2Fhome%2Faddons%2Fplugin.video.extreme.com%2Ffanart.jpg%26desc%3DExtreme+Sports%26_options_sf&quot;,return)</favourite>
	<favourite name="Kitesurf" thumb="special://home/addons/plugin.video.extreme.com/resources/art/Kitesurf.png">ActivateWindow(10025,&quot;plugin://plugin.video.extreme.com/?action=videos_kite&amp;sf_options=fanart%3Dspecial%3A%2F%2Fhome%2Faddons%2Fplugin.video.extreme.com%2Ffanart.jpg%26desc%3DExtreme+Sports%26_options_sf&quot;,return)</favourite>
	<favourite name="Wake" thumb="special://home/addons/plugin.video.extreme.com/resources/art/Wake.png">ActivateWindow(10025,&quot;plugin://plugin.video.extreme.com/?action=videos_wake&amp;sf_options=fanart%3Dspecial%3A%2F%2Fhome%2Faddons%2Fplugin.video.extreme.com%2Ffanart.jpg%26desc%3DExtreme+Sports%26_options_sf&quot;,return)</favourite>
	<favourite name="Windsurf" thumb="special://home/addons/plugin.video.extreme.com/resources/art/Windsurf.png">ActivateWindow(10025,&quot;plugin://plugin.video.extreme.com/?action=videos_windsurf&amp;sf_options=fanart%3Dspecial%3A%2F%2Fhome%2Faddons%2Fplugin.video.extreme.com%2Ffanart.jpg%26desc%3DExtreme+Sports%26_options_sf&quot;,return)</favourite>
	<favourite name="Surfing" thumb="DefaultFolder.png">ActivateWindow(10025,&quot;plugin://plugin.video.mpora_com/?mode=sortDirection&amp;url=http%3a%2f%2fmpora.com%2fsurfing%2fvideos&quot;,return)</favourite>
	<favourite name="Wakeboarding" thumb="DefaultFolder.png">ActivateWindow(10025,&quot;plugin://plugin.video.mpora_com/?mode=sortDirection&amp;url=http%3a%2f%2fmpora.com%2fwakeboarding%2fvideos&quot;,return)</favourite>
	<favourite name="Windsurfing" thumb="DefaultFolder.png">ActivateWindow(10025,&quot;plugin://plugin.video.mpora_com/?mode=sortDirection&amp;url=http%3a%2f%2fmpora.com%2fwindsurfing%2fvideos&quot;,return)</favourite>
	<favourite name="Kitesurfing" thumb="DefaultFolder.png">ActivateWindow(10025,&quot;plugin://plugin.video.mpora_com/?mode=sortDirection&amp;url=http%3a%2f%2fmpora.com%2fkitesurfing%2fvideos&quot;,return)</favourite>
</favourites>