<favourites>
	<favourite name="2Movie Genres" thumb="special://home/addons/plugin.video.twomovies/resources/art/Icon_Menu_Movies_Genre.png">ActivateWindow(10025,&quot;plugin://plugin.video.twomovies/?mode=genres&amp;name=Movie%20Genres%20&amp;url=http%3a%2f%2ftwomovies.us%2f&quot;,return)</favourite>
	<favourite name="Genres" thumb="special://home/addons/plugin.video.theroyalwe/resources/artwork/genres/genre.jpg">ActivateWindow(10025,&quot;plugin://plugin.video.theroyalwe/?mode=movie_genres&amp;sf_options=fanart%3Dspecial%3A%2F%2Fhome%2Faddons%2Fplugin.video.theroyalwe%2Ffanart.jpg%26_options_sf&quot;,return)</favourite>
	<favourite name="Genres exodus" thumb="special://home/addons/script.exodus.artwork/resources/media/exodus/genres.png">ActivateWindow(10025,&quot;plugin://plugin.video.exodus/?action=movieGenres&amp;sf_options=fanart%3Dspecial%3A%2F%2Fhome%2Faddons%2Fscript.exodus.artwork%2Fresources%2Fmedia%2Fexodus%2Ffanart.jpg%26_options_sf&quot;,return)</favourite>
	<favourite name="Genres ice" thumb="special://home/addons/plugin.video.icefilms/resources/art/genres.png">ActivateWindow(10025,&quot;plugin://plugin.video.icefilms/?mode=64&amp;name=Genres&amp;url=http%3a%2f%2fwww.icefilms.info%2fmovies%2f&quot;,return)</favourite>
	<favourite name="Movies by Genre 4me" thumb="special://home/addons/plugin.video.movies4me/icon.png">ActivateWindow(10025,&quot;plugin://plugin.video.movies4me/?description&amp;iconimage=%2fhome%2fosmc%2f.kodi%2faddons%2fplugin.video.movies4me%2ficon.png&amp;list&amp;mode=100&amp;name=Movies%20by%20Genre&amp;url=url&amp;sf_options=fanart%3Dspecial%3A%2F%2Fhome%2Faddons%2Fplugin.video.movies4me%2Ffanart.jpg%26_options_sf&quot;,return)</favourite>
	<favourite name="Genres 4k.to" thumb="special://home/addons/plugin.video.movie4k/resources/img/movies.png">ActivateWindow(10025,&quot;plugin://plugin.video.movie4k/?action=genres&amp;extra=movies-genre&amp;page&amp;plot&amp;thumbnail=%2fhome%2fosmc%2f.kodi%2faddons%2fplugin.video.movie4k%2fresources%2fimg%2fmovies.png&amp;title=Genres&amp;url=http%3a%2f%2fwww.movie4k.to%2fgenres-movies.html&amp;sf_options=fanart%3Dspecial%3A%2F%2Fhome%2Faddons%2Fplugin.video.movie4k%2Ffanart.jpg%26_options_sf&quot;,return)</favourite>
	<favourite name="Genres movies25" thumb="special://home/addons/plugin.video.moviestwentyfive/art/GENRE.png">ActivateWindow(10025,&quot;plugin://plugin.video.moviestwentyfive/?mode=8&amp;name=Genres&amp;url=http%3a%2f%2fwww.movie25.hk%2f&amp;sf_options=fanart%3Dspecial%3A%2F%2Fhome%2Faddons%2Fplugin.video.moviestwentyfive%2Ffanart.jpg%26_options_sf&quot;,return)</favourite>
	<favourite name="[COLOR orangered]G[/COLOR][COLOR white]ENRE[/COLOR] TNPB" thumb="http://s6.postimg.org/ivnsqf1tt/Genre.png">ActivateWindow(10025,&quot;plugin://plugin.video.phstreams/?action=ndmode&amp;audio=0&amp;content=0&amp;fanart=http%3a%2f%2fs6.postimg.org%2f4ph8mo5q9%2fBackdrop.png&amp;image=http%3a%2f%2fs6.postimg.org%2fivnsqf1tt%2fGenre.png&amp;name=%5bCOLOR%20orangered%5dG%5b%2fCOLOR%5d%5bCOLOR%20white%5dENRE%5b%2fCOLOR%5d&amp;tvshow=0&amp;url=http%3a%2f%2fzenica.watchkodi.com%2fDirectories%2fMovies%2520Directories%2fGenre%2520Directory.xml&amp;sf_options=fanart%3Dhttp%3A%2F%2Fs6.postimg.org%2F4ph8mo5q9%2FBackdrop.png%26desc%3DDiscover+Great+Streaming+Playlists%21%26_options_sf&quot;,return)</favourite>
	<favourite name="Genres primewire" thumb="special://home/addons/script.1channel.themepak/art/themes/Classic/genres.png">ActivateWindow(10025,&quot;plugin://plugin.video.1channel/?mode=BrowseByGenreMenu&amp;section=movie&amp;sf_options=fanart%3Dspecial%3A%2F%2Fhome%2Faddons%2Fscript.1channel.themepak%2Fart%2Fthemes%2FClassic%2Ffanart.png%26_options_sf&quot;,return)</favourite>
	<favourite name="Movies by Genre afdah" thumb="http://cliqaddon.com/support/commoncore/tvaddons/moviedb/showgunart/images/genre.jpg">ActivateWindow(10025,&quot;plugin://plugin.video.moviedb/?mode=afdahgenre&amp;name=Movies%20by%20Genre&amp;url=http%3a%2f%2fafdah.com%2f&amp;sf_options=fanart%3Dhttp%3A%2F%2Fcliqaddon.com%2Fsupport%2Fcommoncore%2Ftvaddons%2Fmoviedb%2Fshowgunart%2Fimages%2Ffanart%2Ffanart.jpg%26_options_sf&quot;,return)</favourite>
	<favourite name="Movies by Genre merdb" thumb="http://cliqaddon.com/support/commoncore/tvaddons/moviedb/showgunart/images/genre.jpg">ActivateWindow(10025,&quot;plugin://plugin.video.moviedb/?mode=genres&amp;name=Movies%20by%20Genre&amp;url=none&amp;sf_options=fanart%3Dhttp%3A%2F%2Fcliqaddon.com%2Fsupport%2Fcommoncore%2Ftvaddons%2Fmoviedb%2Fshowgunart%2Fimages%2Ffanart%2Ffanart.jpg%26_options_sf&quot;,return)</favourite>
	<favourite name="[COLOR red]Genre free tv[/COLOR]" thumb="special://home/addons/plugin.video.projectfreetv/icons/Genre.png">ActivateWindow(10025,&quot;plugin://plugin.video.projectfreetv/?mode=moviesgenre&amp;section=moviesgenre&quot;,return)</favourite>
	<favourite name="Genresspecto" thumb="special://home/addons/plugin.video.specto/resources/media/gone/movieGenres.jpg">ActivateWindow(10025,&quot;plugin://plugin.video.specto/?action=movieGenres&amp;sf_options=fanart%3Dspecial%3A%2F%2Fhome%2Faddons%2Fplugin.video.specto%2Fresources%2Fmedia%2Fgone%2Ffanart.jpg%26_options_sf&quot;,return)</favourite>
	<favourite name="[B]MOVIE GENRES[/B]" thumb="special://home/addons/plugin.video.VidTime/icon.png">ActivateWindow(10025,&quot;plugin://plugin.video.VidTime/?mode=MOVIE%20GENRES&amp;sf_options=fanart%3Dspecial%3A%2F%2Fhome%2Faddons%2Fplugin.video.VidTime%2Ffanart.jpg%26_options_sf&quot;,return)</favourite>
	<favourite name="Genres" thumb="DefaultFolder.png">ActivateWindow(10025,&quot;plugin://script.icechannel/?episode&amp;fanart&amp;favorite=false&amp;imdb_id&amp;img&amp;indexer=movies&amp;indexer_id=IMDb&amp;istream_path=%20%3a%20Movies%20%3a%20Genres&amp;mode=section&amp;name&amp;season&amp;section=genres&amp;title=Genres&amp;trailer&amp;type&amp;url&amp;urls&amp;year&quot;,return)</favourite>
</favourites>