<favourites>
	<favourite name="GRAMMY® Awards" thumb="http://wwwimage.cbsstatic.com/thumbnails/photos/w208/show_group/grmy_thm_16.9_1280x720_2.jpg">ActivateWindow(10025,&quot;plugin://plugin.video.wral/?mode=GE&amp;url=http%3a%2f%2fwww.cbs.com%2fshows%2fgrammys%2fvideo&amp;sf_options=fanart%3Dspecial%3A%2F%2Fhome%2Faddons%2Fplugin.video.wral%2Ffanart.jpg%26_options_sf&quot;,return)</favourite>
	<favourite name="Academy of Country Music Awards" thumb="http://wwwimage.cbsstatic.com/thumbnails/photos/w208/show_group/acma_thm_android_1600x900.jpg">ActivateWindow(10025,&quot;plugin://plugin.video.wral/?mode=GE&amp;url=http%3a%2f%2fwww.cbs.com%2fshows%2facademy_of_country_music%2fvideo&amp;sf_options=fanart%3Dspecial%3A%2F%2Fhome%2Faddons%2Fplugin.video.wral%2Ffanart.jpg%26_options_sf&quot;,return)</favourite>
	<favourite name="People&apos;s Choice Awards" thumb="http://wwwimage.cbsstatic.com/thumbnails/photos/w208/show_group/pca_thm_16.9_1920x1080_2.jpg">ActivateWindow(10025,&quot;plugin://plugin.video.wral/?mode=GE&amp;url=http%3a%2f%2fwww.cbs.com%2fshows%2fpeoples_choice_awards%2fvideo&amp;sf_options=fanart%3Dspecial%3A%2F%2Fhome%2Faddons%2Fplugin.video.wral%2Ffanart.jpg%26_options_sf&quot;,return)</favourite>
	<favourite name="Tony ® Awards" thumb="http://wwwimage.cbsstatic.com/thumbnails/photos/w208/show_group/tony_thm_16.9_1920x1080_2.jpg">ActivateWindow(10025,&quot;plugin://plugin.video.wral/?mode=GE&amp;url=http%3a%2f%2fwww.cbs.com%2fshows%2ftony_awards%2fvideo&amp;sf_options=fanart%3Dspecial%3A%2F%2Fhome%2Faddons%2Fplugin.video.wral%2Ffanart.jpg%26_options_sf&quot;,return)</favourite>
	<favourite name="Golden Globes  2016" thumb="special://home/addons/script.exodus.artwork/resources/media/exodus/userlists.png">ActivateWindow(10025,&quot;plugin://plugin.video.exodus/?action=tvshows&amp;url=http%3a%2f%2fapi-v2launch.trakt.tv%2fusers%2fmorgana-lefay%2flists%2fgolden-globes-2016%2fitems&amp;sf_options=fanart%3Dspecial%3A%2F%2Fhome%2Faddons%2Fscript.exodus.artwork%2Fresources%2Fmedia%2Fexodus%2Ffanart.jpg%26_options_sf&quot;,return)</favourite>
</favourites>