<favourites>
	<favourite name="[COLOR khaki][B]M[/COLOR][COLOR blue]E[/COLOR][COLOR salmon]G[/COLOR][COLOR darkseagreen]A[/COLOR][/B] [COLOR blue][B]E[/B][/COLOR]ntertainment [COLOR blue][B]HUB[/B][/COLOR] : [COLOR green]Search[/COLOR] (tv episodes &amp; sport)" thumb="special://home/addons/plugin.video.allinone/icons/mes.png">ActivateWindow(10025,&quot;plugin://plugin.video.allinone/?mode=GetSearchQuery12&amp;sf_options=fanart%3Dspecial%3A%2F%2Fhome%2Faddons%2Fplugin.video.allinone%2Ficons%2Ffanart.png%26_options_sf&quot;,return)</favourite>
	<favourite name="[COLOR lemonchiffon][B]Watch Wrestling[/B][/COLOR] : (mma, boxing &amp; wrestling [COLOR green]Search[/COLOR]" thumb="special://home/addons/plugin.video.allinone/icons/searches.png">ActivateWindow(10025,&quot;plugin://plugin.video.allinone/?mode=GetSearchQuery&amp;sf_options=fanart%3Dspecial%3A%2F%2Fhome%2Faddons%2Fplugin.video.allinone%2Ficons%2Ffanart.png%26_options_sf&quot;,return)</favourite>
	<favourite name="Search" thumb="http://s5.postimg.org/caapig1rb/search.jpg">ActivateWindow(10025,&quot;plugin://plugin.video.NJMSoccer/?fanart=%2fhome%2fosmc%2f.kodi%2faddons%2fplugin.video.NJMSoccer%2ffanart.jpg&amp;mode=40&amp;name=Search&amp;url=Search&amp;sf_options=fanart%3Dspecial%3A%2F%2Fhome%2Faddons%2Fplugin.video.NJMSoccer%2Ffanart.jpg%26_options_sf&quot;,return)</favourite>
	<favourite name="[B][COLOR white]Search[/COLOR][/B] fight replays" thumb="special://home/addons/plugin.video.mdwww/icon.png">ActivateWindow(10025,&quot;plugin://plugin.video.mdwww/?description&amp;iconimage=%2fhome%2fosmc%2f.kodi%2faddons%2fplugin.video.mdwww%2ficon.png&amp;mode=7&amp;name=%5bB%5d%5bCOLOR%20white%5dSearch%5b%2fCOLOR%5d%5b%2fB%5d&amp;url=url&amp;sf_options=fanart%3Dspecial%3A%2F%2Fhome%2Faddons%2Fplugin.video.mdwww%2Ffanart.jpg%26_options_sf&quot;,return)</favourite>
	<favourite name="Search mpora" thumb="DefaultFolder.png">ActivateWindow(10025,&quot;plugin://plugin.video.mpora_com/?mode=search&amp;url&quot;,return)</favourite>
</favourites>