<favourites>
	<favourite name="Snooker" thumb="special://home/addons/plugin.video.SportsDevil/resources/images/sports/Billiard.png">ActivateWindow(10025,&quot;plugin://plugin.video.SportsDevil/?item=title%3dSnooker%26url%3dhttp%253A%252F%252Fwww.idimsports.eu%252Fsnooker.html%26cfg%3ddimsports.eu.links.cfg%26definedIn%3dlivesports%252Fdimsports.eu.cfg%26director%3ddimsports.eu%26genre%3dLive%2bSports%26type%3drss%26icon%3d%252Fhome%252Fosmc%252F.kodi%252Faddons%252Fplugin.video.SportsDevil%252Fresources%252Fimages%252Fsports%252FBilliard.png&amp;mode=1&amp;sf_options=fanart%3Dspecial%3A%2F%2Fhome%2Faddons%2Fplugin.video.SportsDevil%2Ffanart.jpg%26_options_sf&quot;,return)</favourite>
	<favourite name="Snooker" thumb="special://home/addons/plugin.video.castaway/resources/media/icons/snooker.png">ActivateWindow(10025,&quot;plugin://plugin.video.castaway/?mode=open_sport_cat&amp;site=vipbox&amp;url=http%3a%2f%2fwww.vipleague.me%2fsports%2fsnooker.html&amp;sf_options=fanart%3Dspecial%3A%2F%2Fhome%2Faddons%2Fplugin.video.castaway%2Ffanart.jpg%26_options_sf&quot;,return)</favourite>
	<favourite name="Snooker" thumb="special://home/addons/plugin.video.SportsDevil/resources/images/sports/Billiard.png">ActivateWindow(10025,&quot;plugin://plugin.video.SportsDevil/?item=title%3dSnooker%26url%3dhttp%253A%252F%252Fwww.thefeed2all.eu%252Ftype%252Fsnooker.html%26cfg%3dfirstrowsports.eu.links.cfg%26definedIn%3dlivesports%252Ffirstrowsports.eu.cfg%26director%3dFirstRowSports.eu%26genre%3dLive%2bSports%26type%3drss%26icon%3d%252Fhome%252Fosmc%252F.kodi%252Faddons%252Fplugin.video.SportsDevil%252Fresources%252Fimages%252Fsports%252FBilliard.png&amp;mode=1&amp;sf_options=fanart%3Dspecial%3A%2F%2Fhome%2Faddons%2Fplugin.video.SportsDevil%2Ffanart.jpg%26_options_sf&quot;,return)</favourite>
	<favourite name="Snooker" thumb="special://home/addons/plugin.video.SportsDevil/resources/images/sports/Billiard.png">ActivateWindow(10025,&quot;plugin://plugin.video.SportsDevil/?item=title%3dSnooker%26url%3dhttp%253A%252F%252Ffirstrowsports.ge%252Findex.php%253Fgame%253Dsnooker%26cfg%3dfirstrowsports.ge.links.cfg%26definedIn%3dlivesports%252Ffirstrowsports.ge.cfg%26director%3dFirstRowSports.ge%26genre%3dLive%2bSports%26type%3drss%26icon%3d%252Fhome%252Fosmc%252F.kodi%252Faddons%252Fplugin.video.SportsDevil%252Fresources%252Fimages%252Fsports%252FBilliard.png&amp;mode=1&amp;sf_options=fanart%3Dspecial%3A%2F%2Fhome%2Faddons%2Fplugin.video.SportsDevil%2Ffanart.jpg%26_options_sf&quot;,return)</favourite>
	<favourite name="Snooker" thumb="special://home/addons/plugin.video.SportsDevil/resources/images/vipbox.png">ActivateWindow(10025,&quot;plugin://plugin.video.SportsDevil/?item=title.tmp%3dSnooker%26title%3dSnooker%26url%3dhttp%253A%252F%252Fwww.vipleague.is%252Fsports%252Fsnooker.html%26cfg%3dvipbox.tv.events.cfg%2540Snooker%26definedIn%3dvipbox.tv.cfg%26director%3dVipBox.tv%26referer%3dhttp%253A%252F%252Fwww.vipleague.is%26genre%3dLive%2bSports%26type%3drss%26icon%3d%252Fhome%252Fosmc%252F.kodi%252Faddons%252Fplugin.video.SportsDevil%252Fresources%252Fimages%252Fvipbox.png&amp;mode=1&amp;sf_options=fanart%3Dspecial%3A%2F%2Fhome%2Faddons%2Fplugin.video.SportsDevil%2Ffanart.jpg%26_options_sf&quot;,return)</favourite>
	<favourite name="Snooker Legends" thumb="http://static.filmon.com/assets/channels/3325/big_logo.png">PlayMedia(&quot;plugin://plugin.video.filmon/?url=url&amp;mode=12&amp;name=Snooker+Legends&amp;iconimage=http%3A%2F%2Fstatic.filmon.com%2Fassets%2Fchannels%2F3325%2Fbig_logo.png&amp;description=&amp;programme_id=3325&amp;startdate_time=&amp;group=SPORTS&amp;sf_options=winID%3D10025%26_options_sf&quot;)</favourite>
	<favourite name="[COLOR green]Snooker - רקונס[/COLOR]" thumb="special://home/addons/plugin.video.snooker/icon.png">ActivateWindow(10025,&quot;plugin://plugin.video.snooker?sf_options=fanart%3Dspecial%3A%2F%2Fhome%2Faddons%2Fplugin.video.snooker%2Ffanart.jpg%26desc%3DVod+Snooker+All+major%2C+Ronnie+O%27Sulliva%2C+Jimmy+White%2C+Judd+TRUMP%2C+Neil+ROBERTSON%2C+Mark+SELBY%2C+John+HIGGINS%2C+147+Break%2C+Welsh+Open+2016%2C+Ronnie+O%27Sullivan%27s+show%2C+Shaun+Murphy%2C+amd+mor.%26_options_sf&quot;,return)</favourite>
	<favourite name="[COLOR lime]pool /9 ball trick shots [/COLOR]" thumb="http://icons.iconarchive.com/icons/barkerbaggies/pool-ball/128/Ball-8-icon.png">ActivateWindow(10025,&quot;plugin://plugin.video.3amigos/?fanart=http%3a%2f%2fs17.postimg.org%2fm8kwyrwov%2fimage.jpg&amp;mode=1&amp;name=%5bCOLOR%20lime%5dpool%20%2f9%20ball%20trick%20shots%20%5b%2fCOLOR%5d&amp;url=http%3a%2f%2fpastebin.com%2fraw.php%3fi%3dhMCRZfcd&amp;sf_options=fanart%3Dhttp%3A%2F%2Fs17.postimg.org%2Fm8kwyrwov%2Fimage.jpg%26_options_sf&quot;,return)</favourite>
</favourites>