<favourites>
	<favourite name="Networks for men" thumb="/home/osmc/.Turnkey/Backgrounds/channel logos/fx-upfront13-k1.jpg">ActivateWindow(10025,&quot;plugin://plugin.program.super.favourites/?label=Networks for men&amp;mode=400&amp;path=special%3A%2F%2Fhome%2Fuserdata%2Faddon_data%2Fplugin.program.super.favourites%2FSuper%20Favourites%2F.Turnkey%2FUsers%2FThe%20Man%20Cave%2FNetworks%20for%20men&amp;sf_options=fanart%3D%2Fhome%2Fosmc%2F.Turnkey%2FBackgrounds%2Fchannel+logos%2Fspike.jpg%26_options_sf&quot;)</favourite>
	<favourite name="Kids channels" thumb="/home/osmc/.Turnkey/Backgrounds/Kids/blue-birds-for-the-birds-437.jpg">ActivateWindow(10025,&quot;plugin://plugin.program.super.favourites/?label=Kids channels&amp;mode=400&amp;path=special%3A%2F%2Fhome%2Fuserdata%2Faddon_data%2Fplugin.program.super.favourites%2FSuper%20Favourites%2F.Turnkey%2FUsers%2FThe%20Kids%20Corner%2FKids%20channels&amp;sf_options=fanart%3D%2Fhome%2Fosmc%2F.Turnkey%2FBackgrounds%2FKids%2Fthe_croods_2013_movie-wallpaper-1920x1080-1920x1080.jpg%26_options_sf&quot;)</favourite>
	<favourite name="Networks for Women" thumb="special://home/addons/plugin.program.super.favourites/icon.png">ActivateWindow(10025,&quot;plugin://plugin.program.super.favourites/?label=Networks for Women&amp;mode=400&amp;path=special%3A%2F%2Fhome%2Fuserdata%2Faddon_data%2Fplugin.program.super.favourites%2FSuper%20Favourites%2F.Turnkey%2FUsers%2FHer%20Place%2FNetworks%20for%20Women&amp;sf_options=fanart%3DNULL%26_options_sf&quot;)</favourite>
	<favourite name="news networks" thumb="http://img.new.livestream.com/events/00000000003b6a6c/6254e0bb-92b7-4706-aecd-67147132d775_0.jpg">ActivateWindow(10025,&quot;plugin://plugin.program.super.favourites/?label=news networks&amp;mode=400&amp;path=special%3A%2F%2Fhome%2Fuserdata%2Faddon_data%2Fplugin.program.super.favourites%2FSuper%20Favourites%2F.Turnkey%2FVideos%2FNews%2Fnews%20networks&amp;sf_options=fanart%3D%2Fhome%2Fosmc%2F.Turnkey%2FBackgrounds%2Fnews%2Fron-burgandy-breaking-news.png%26_options_sf&quot;)</favourite>
	<favourite name="Music video networks" thumb="/home/osmc/.Turnkey/Backgrounds/channel logos/vh1.jpg">ActivateWindow(10025,&quot;plugin://plugin.program.super.favourites/?label=Music video networks&amp;mode=400&amp;path=special%3A%2F%2Fhome%2Fuserdata%2Faddon_data%2Fplugin.program.super.favourites%2FSuper%20Favourites%2F.Turnkey%2FMusic%2C%20podcasts%2C%20and%20music%20videos%2FMusic%20Videos%2FMusic%20video%20networks&amp;sf_options=fanart%3D%2Fhome%2Fosmc%2F.Turnkey%2FBackgrounds%2Fchannel+logos%2Fmtv-s-30th-anniversary-has-youtube-killed-the-video-star--46cfabcc26.jpg%26_options_sf&quot;)</favourite>
</favourites>