<favourites>
	<favourite name="FilmOn Boxing" thumb="http://static.filmon.com/assets/channels/3143/big_logo.png">PlayMedia(&quot;plugin://plugin.video.filmon/?url=url&amp;mode=12&amp;name=FilmOn+Boxing&amp;iconimage=http%3A%2F%2Fstatic.filmon.com%2Fassets%2Fchannels%2F3143%2Fbig_logo.png&amp;description=&amp;programme_id=3143&amp;startdate_time=&amp;group=SPORTS&amp;sf_options=winID%3D10025%26_options_sf&quot;)</favourite>
	<favourite name="1 on 1 Boxing TV" thumb="http://static.filmon.com/assets/channels/1988/big_logo.png">PlayMedia(&quot;plugin://plugin.video.filmon/?url=url&amp;mode=12&amp;name=1+on+1+Boxing+TV&amp;iconimage=http%3A%2F%2Fstatic.filmon.com%2Fassets%2Fchannels%2F1988%2Fbig_logo.png&amp;description=&amp;programme_id=1988&amp;startdate_time=&amp;group=SPORTS&amp;sf_options=winID%3D10025%26_options_sf&quot;)</favourite>
	<favourite name="LIVE BOXING" thumb="http://static.filmon.com/assets/channels/1864/big_logo.png">PlayMedia(&quot;plugin://plugin.video.filmon/?url=url&amp;mode=12&amp;name=LIVE+BOXING&amp;iconimage=http%3A%2F%2Fstatic.filmon.com%2Fassets%2Fchannels%2F1864%2Fbig_logo.png&amp;description=&amp;programme_id=1864&amp;startdate_time=&amp;group=SPORTS&amp;sf_options=winID%3D10025%26_options_sf&quot;)</favourite>
	<favourite name="Armed Forces Boxing/US Army" thumb="http://static.filmon.com/assets/channels/3581/big_logo.png">PlayMedia(&quot;plugin://plugin.video.filmon/?url=url&amp;mode=12&amp;name=Armed+Forces+Boxing%2FUS+Army&amp;iconimage=http%3A%2F%2Fstatic.filmon.com%2Fassets%2Fchannels%2F3581%2Fbig_logo.png&amp;description=&amp;programme_id=3581&amp;startdate_time=&amp;group=SPORTS&amp;sf_options=winID%3D10025%26_options_sf&quot;)</favourite>
</favourites>