<favourites>
	<favourite name="[COLOR red]Turnkey TV talk shows list[/COLOR]" thumb="">ActivateWindow(10025,&quot;plugin://plugin.video.exodus/?action=tvshows&amp;url=http%3a%2f%2fapi-v2launch.trakt.tv%2fusers%2fturnkeytv%2flists%2ftalk-shows%2fitems&amp;sf_options=fanart%3D%2Fhome%2Fosmc%2F.Turnkey%2FSplash%2Fosmc1.png%26_options_sf&quot;,return)</favourite>
	<favourite name="The Dr. Phil Show" thumb="http://thetvdb.com/banners/posters/71424-2.jpg">ActivateWindow(10025,&quot;plugin://plugin.video.exodus/?action=seasons&amp;imdb=tt0329824&amp;tvdb=71424&amp;tvshowtitle=Dr.%20Phil&amp;year=2002&amp;sf_options=fanart%3Dhttp%3A%2F%2Fthetvdb.com%2Fbanners%2Ffanart%2Foriginal%2F71424-2.jpg%26desc%3DDr.+Phil+is+a+talk+show+hosted+by+Phil+McGraw.+After+McGraw%27s+success+with+his+segments+on+The+Oprah+Winfrey+Show%2C+Dr.+Phil+debuted+on+September+16%2C+2002.+On+both+shows+McGraw+offers+advice+in+the+form+of+%22life+strategies%22+from+his+life+experience+as+a+clinical+psychologist.%26_options_sf&quot;,return)</favourite>
	<favourite name="The Ellen DeGeneres Show" thumb="http://thetvdb.com/banners/posters/72194-2.jpg">ActivateWindow(10025,&quot;plugin://plugin.video.exodus/?action=seasons&amp;imdb=tt0379623&amp;tvdb=72194&amp;tvshowtitle=Ellen%3a%20The%20Ellen%20DeGeneres%20Show&amp;year=2003&amp;sf_options=fanart%3Dhttp%3A%2F%2Fthetvdb.com%2Fbanners%2Ffanart%2Foriginal%2F72194-9.jpg%26desc%3DA+mix+of+celebrity+interviews%2C+musical+performers%2C+audience+participation+games%2C+and+segments+spotlighting+real+people+with+extraordinary+stories+and+talents%2C+hosted+by+comedienne+Ellen+DeGeneres.+The+Ellen+Degeneres+Show+is+filmed+at+Warner+Brothers+Studios%2C+3400+W.+Riverside+Drive%2C+Burbank%2C+CA.%26_options_sf&quot;,return)</favourite>
	<favourite name="The Talk" thumb="http://wwwimage.cbsstatic.com/thumbnails/photos/w208/show_group/talk_thm_16.9_1280x720.jpg">ActivateWindow(10025,&quot;plugin://plugin.video.wral/?mode=GE&amp;url=http%3a%2f%2fwww.cbs.com%2fshows%2fthe_talk%2fvideo&amp;sf_options=fanart%3Dspecial%3A%2F%2Fhome%2Faddons%2Fplugin.video.wral%2Ffanart.jpg%26_options_sf&quot;,return)</favourite>
	<favourite name="Talk-Shows on demand" thumb="special://home/addons/script.exodus.artwork/resources/media/exodus/genres.png">ActivateWindow(10025,&quot;plugin://plugin.video.exodus/?action=tvshows&amp;url=http%3a%2f%2fwww.imdb.com%2fsearch%2ftitle%3ftitle_type%3dtv_series%2cmini_series%26release_date%3d%2cdate%5b0%5d%26genres%3dtalk_show%26sort%3dmoviemeter%2casc%26count%3d40%26start%3d1&amp;sf_options=fanart%3Dspecial%3A%2F%2Fhome%2Faddons%2Fscript.exodus.artwork%2Fresources%2Fmedia%2Fexodus%2Ffanart.jpg%26_options_sf&quot;,return)</favourite>
	<favourite name="[COLOR red]NEW:[/COLOR] Talk Shows Replays" thumb="https://i.imgsafe.org/6a578ba.jpg">ActivateWindow(10025,&quot;plugin://plugin.video.phstreams/?action=ndmode&amp;audio=0&amp;content=0&amp;fanart=http%3a%2f%2fimg1.goodfon.su%2foriginal%2f1920x1080%2f7%2f52%2fking-queen-crown-poker.jpg&amp;image=https%3a%2f%2fi.imgsafe.org%2f6a578ba.jpg&amp;name=%5bCOLOR%20red%5dNEW%3a%5b%2fCOLOR%5d%20Talk%20Shows%20Replays&amp;tvshow=0&amp;url=http%3a%2f%2fgibraltar.watchkodi.com%2fTalkShows%2fTalkShows_Directory.xml&amp;sf_options=fanart%3Dhttp%3A%2F%2Fimg1.goodfon.su%2Foriginal%2F1920x1080%2F7%2F52%2Fking-queen-crown-poker.jpg%26desc%3DDiscover+Great+Streaming+Playlists%21%26_options_sf&quot;,return)</favourite>
</favourites>