<favourites>
	<favourite name="Streamsports.me" thumb="special://home/addons/plugin.video.castaway/resources/media/streamsports.png">ActivateWindow(10025,&quot;plugin://plugin.video.castaway/?mode=open_live_sport&amp;site=streamsports&amp;sf_options=fanart%3Dspecial%3A%2F%2Fhome%2Faddons%2Fplugin.video.castaway%2Ffanart.jpg%26_options_sf&quot;,return)</favourite>
	<favourite name="Live Sports" thumb="special://home/addons/plugin.video.SportsDevil/resources/images/livesports.png">ActivateWindow(10025,&quot;plugin://plugin.video.SportsDevil/?item=title%3dLive%2bSports%26url%3dlivesports.cfg%26definedIn%3dmainMenu.cfg%26director%3dSportsDevil%26genre%3dLive%2bSports%26type%3drss%26icon%3d%252Fhome%252Fosmc%252F.kodi%252Faddons%252Fplugin.video.SportsDevil%252Fresources%252Fimages%252Flivesports.png&amp;mode=1&amp;sf_options=fanart%3Dspecial%3A%2F%2Fhome%2Faddons%2Fplugin.video.SportsDevil%2Ffanart.jpg%26_options_sf&quot;,return)</favourite>
	<favourite name="Sports TV" thumb="special://home/addons/plugin.video.SportsDevil/resources/images/station.png">ActivateWindow(10025,&quot;plugin://plugin.video.SportsDevil/?item=title%3dSports%2bTV%26url%3dtv.cfg%26definedIn%3dmainMenu.cfg%26director%3dSportsDevil%26genre%3dTV%26type%3drss%26icon%3d%252Fhome%252Fosmc%252F.kodi%252Faddons%252Fplugin.video.SportsDevil%252Fresources%252Fimages%252Fstation.png&amp;mode=1&amp;sf_options=fanart%3Dspecial%3A%2F%2Fhome%2Faddons%2Fplugin.video.SportsDevil%2Ffanart.jpg%26_options_sf&quot;,return)</favourite>
	<favourite name="Live Sport castaway" thumb="special://home/addons/plugin.video.castaway/resources/media/live_sport.jpg">ActivateWindow(10025,&quot;plugin://plugin.video.castaway/?mode=live_sport&amp;sf_options=fanart%3Dspecial%3A%2F%2Fhome%2Faddons%2Fplugin.video.castaway%2Ffanart.jpg%26_options_sf&quot;,return)</favourite>
	<favourite name="Sports" thumb="DefaultFolder.png">ActivateWindow(10025,&quot;plugin://plugin.video.ZemTV-shani/?mode=13&amp;name=Sports&amp;url=Live&quot;,return)</favourite>
</favourites>