<favourites>
	<favourite name="Football Today" thumb="special://home/addons/plugin.video.football.today/icon.png">ActivateWindow(10025,&quot;plugin://plugin.video.football.today?sf_options=fanart%3Dspecial%3A%2F%2Fhome%2Faddons%2Fplugin.video.football.today%2Ffanart.jpg%26desc%3DVisit+TVADDONS.ag+for+support%26_options_sf&quot;,return)</favourite>
	<favourite name="MD Sports Extra" thumb="special://home/addons/plugin.video.mdsportsextra/icon.png">ActivateWindow(10025,&quot;plugin://plugin.video.mdsportsextra?sf_options=fanart%3Dspecial%3A%2F%2Fhome%2Faddons%2Fplugin.video.mdsportsextra%2Ffanart.jpg%26desc%3DFootball+Stats%2C+Results%2C+Fixtures+And+More%26_options_sf&quot;,return)</favourite>
	<favourite name="Football (57)" thumb="special://home/addons/plugin.video.SportsDevil/resources/images/sports/Football.png">ActivateWindow(10025,&quot;plugin://plugin.video.SportsDevil/?item=count.tmp%3d57%26title.tmp%3dFootball%26ticon.tmp%3dhttp%253A%252F%252Fcdn.livetvcdn.net%252Fimg%252Fsport%252F1.gif%26url%3dhttp%253A%252F%252Flivetv102.net%252Fen%252Fallupcomingsports%252F1%252F%26cfg%3dlivetv.ru.videos.cfg%2540CATEGORY%25401%26definedIn%3dlivesports%252Flivetv.ru.cfg%26director%3dLiveTV.ru%26id.tmp%3d1%26referer%3dhttp%253A%252F%252Flivetv102.net%252Fen%252Fallupcoming%26genre%3dLive%2bSports%26title%3dFootball%2b%252857%2529%26icon.tmp%3d%252Fhome%252Fosmc%252F.kodi%252Faddons%252Fplugin.video.SportsDevil%252Fresources%252Fimages%252Fsports%252FFootball.png%26type%3drss%26icon%3d%252Fhome%252Fosmc%252F.kodi%252Faddons%252Fplugin.video.SportsDevil%252Fresources%252Fimages%252Fsports%252FFootball.png&amp;mode=1&amp;sf_options=fanart%3Dspecial%3A%2F%2Fhome%2Faddons%2Fplugin.video.SportsDevil%2Ffanart.jpg%26_options_sf&quot;,return)</favourite>
	<favourite name="Football Highlights" thumb="special://home/addons/plugin.video.highlights/icon.png">ActivateWindow(10025,&quot;plugin://plugin.video.highlights?sf_options=fanart%3Dspecial%3A%2F%2Fhome%2Faddons%2Fplugin.video.highlights%2Ffanart.jpg%26desc%3DWatch+TV+from+S4U+Media%26_options_sf&quot;,return)</favourite>
	<favourite name="[COLOR lime]FOOTBALL[/COLOR]" thumb="http://icons.iconarchive.com/icons/yingfengling-fl/i-love-sports/128/soccer-icon.png">ActivateWindow(10025,&quot;plugin://plugin.video.3amigos/?fanart=http%3a%2f%2fs17.postimg.org%2fm8kwyrwov%2fimage.jpg&amp;mode=1&amp;name=%5bCOLOR%20lime%5dFOOTBALL%5b%2fCOLOR%5d&amp;url=http%3a%2f%2fpastebin.com%2fraw.php%3fi%3dca4HGjw3&amp;sf_options=fanart%3Dhttp%3A%2F%2Fs17.postimg.org%2Fm8kwyrwov%2Fimage.jpg%26_options_sf&quot;,return)</favourite>
</favourites>