<favourites>
	<favourite name="Football" thumb="special://home/addons/plugin.video.gorillastreams/resources/images/sports/Football.png">ActivateWindow(10025,&quot;plugin://plugin.video.gorillastreams/?item=title%3dFootball%26url%3dhttp%253A%252F%252Fwww.stopstream.com%252F1-football.html%26cfg%3dstopstream.com.events.cfg%26definedIn%3dcustoms%252Fstopstream.com.cfg%26director%3dGorilla%2bStreams%26genre%3dLive%2bTV%26type%3drss%26icon%3d%252Fhome%252Fosmc%252F.kodi%252Faddons%252Fplugin.video.gorillastreams%252Fresources%252Fimages%252Fsports%252FFootball.png&amp;mode=1&amp;sf_options=fanart%3Dspecial%3A%2F%2Fhome%2Faddons%2Fplugin.video.gorillastreams%2Ffanart.jpg%26_options_sf&quot;,return)</favourite>
	<favourite name="[B]---===[COLOR red]MATCHDAY[/COLOR][COLOR blue] 2016[/COLOR]===---[/B]" thumb="http://www.thepublicreviews.com/wp-content/uploads/The-Beautiful-Game-Union-Theatre-620x330.jpg">ActivateWindow(10025,&quot;plugin://plugin.video.NJMSoccer/?fanart&amp;mode=1&amp;name=%5bB%5d---%3d%3d%3d%5bCOLOR%20red%5dMATCHDAY%5b%2fCOLOR%5d%5bCOLOR%20blue%5d%202016%5b%2fCOLOR%5d%3d%3d%3d---%5b%2fB%5d&amp;url=http%3a%2f%2fnjmsoccer.kodistream.info%2frh_matchday.xml&quot;,return)</favourite>
	<favourite name="[B]---===[COLOR red]HD[/COLOR][COLOR blue] FOOTY[/COLOR]===---[/B]" thumb="http://wallpapers55.com/wp-content/uploads/2013/11/hd-wallpaper-football-championship-ball-sport-hd.jpg">ActivateWindow(10025,&quot;plugin://plugin.video.NJMSoccer/?fanart&amp;mode=1&amp;name=%5bB%5d---%3d%3d%3d%5bCOLOR%20red%5dHD%5b%2fCOLOR%5d%5bCOLOR%20blue%5d%20FOOTY%5b%2fCOLOR%5d%3d%3d%3d---%5b%2fB%5d&amp;url=http%3a%2f%2fnjmsoccer.kodistream.info%2fPLP.m3u&quot;,return)</favourite>
	<favourite name="Soccer" thumb="special://home/addons/plugin.video.castaway/resources/media/icons/soccer.png">ActivateWindow(10025,&quot;plugin://plugin.video.castaway/?mode=open_sport_cat&amp;site=vipbox&amp;url=http%3a%2f%2fwww.vipleague.me%2fsports%2ffootball.html&amp;sf_options=fanart%3Dspecial%3A%2F%2Fhome%2Faddons%2Fplugin.video.castaway%2Ffanart.jpg%26_options_sf&quot;,return)</favourite>
	<favourite name="Football" thumb="special://home/addons/plugin.video.castaway/resources/media/icons/soccer.png">ActivateWindow(10025,&quot;plugin://plugin.video.castaway/?mode=open_sport_cat&amp;site=dimsport&amp;url=http%3a%2f%2fidimsports.eu%2ffootball.html&amp;sf_options=fanart%3Dspecial%3A%2F%2Fhome%2Faddons%2Fplugin.video.castaway%2Ffanart.jpg%26_options_sf&quot;,return)</favourite>
	<favourite name="Livefootballvideo.com" thumb="special://home/addons/plugin.video.castaway/resources/media/livefootballvideo.png">ActivateWindow(10025,&quot;plugin://plugin.video.castaway/?mode=open_live_sport&amp;site=livefootballvideo&amp;sf_options=fanart%3Dspecial%3A%2F%2Fhome%2Faddons%2Fplugin.video.castaway%2Ffanart.jpg%26_options_sf&quot;,return)</favourite>
	<favourite name="Football" thumb="special://home/addons/plugin.video.castaway/resources/media/icons/soccer.png">ActivateWindow(10025,&quot;plugin://plugin.video.castaway/?mode=open_sport_cat&amp;site=stream2watch&amp;url=http%3a%2f%2fwww.stream2watch.co%2fsports%2fsoccer&amp;sf_options=fanart%3Dspecial%3A%2F%2Fhome%2Faddons%2Fplugin.video.castaway%2Ffanart.jpg%26_options_sf&quot;,return)</favourite>
	<favourite name="Football" thumb="special://home/addons/plugin.video.SportsDevil/resources/images/sports/Football.png">ActivateWindow(10025,&quot;plugin://plugin.video.SportsDevil/?item=title%3dFootball%26url%3dhttp%253A%252F%252Fwww.idimsports.eu%252Ffootball.html%26cfg%3ddimsports.eu.links.cfg%26definedIn%3dlivesports%252Fdimsports.eu.cfg%26director%3ddimsports.eu%26genre%3dLive%2bSports%26type%3drss%26icon%3d%252Fhome%252Fosmc%252F.kodi%252Faddons%252Fplugin.video.SportsDevil%252Fresources%252Fimages%252Fsports%252FFootball.png&amp;mode=1&amp;sf_options=fanart%3Dspecial%3A%2F%2Fhome%2Faddons%2Fplugin.video.SportsDevil%2Ffanart.jpg%26_options_sf&quot;,return)</favourite>
	<favourite name="Football" thumb="special://home/addons/plugin.video.SportsDevil/resources/images/sports/Football.png">ActivateWindow(10025,&quot;plugin://plugin.video.SportsDevil/?item=title%3dFootball%26url%3dhttp%253A%252F%252Fwww.thefeed2all.eu%252Ftype%252Ffootball.html%26cfg%3dfirstrowsports.eu.links.cfg%26definedIn%3dlivesports%252Ffirstrowsports.eu.cfg%26director%3dFirstRowSports.eu%26genre%3dLive%2bSports%26type%3drss%26icon%3d%252Fhome%252Fosmc%252F.kodi%252Faddons%252Fplugin.video.SportsDevil%252Fresources%252Fimages%252Fsports%252FFootball.png&amp;mode=1&amp;sf_options=fanart%3Dspecial%3A%2F%2Fhome%2Faddons%2Fplugin.video.SportsDevil%2Ffanart.jpg%26_options_sf&quot;,return)</favourite>
	<favourite name="Football" thumb="special://home/addons/plugin.video.SportsDevil/resources/images/sports/Football.png">ActivateWindow(10025,&quot;plugin://plugin.video.SportsDevil/?item=title%3dFootball%26url%3dhttp%253A%252F%252Ffirstrowsports.ge%252Findex.php%253Fgame%253Dfootball%26cfg%3dfirstrowsports.ge.links.cfg%26definedIn%3dlivesports%252Ffirstrowsports.ge.cfg%26director%3dFirstRowSports.ge%26genre%3dLive%2bSports%26type%3drss%26icon%3d%252Fhome%252Fosmc%252F.kodi%252Faddons%252Fplugin.video.SportsDevil%252Fresources%252Fimages%252Fsports%252FFootball.png&amp;mode=1&amp;sf_options=fanart%3Dspecial%3A%2F%2Fhome%2Faddons%2Fplugin.video.SportsDevil%2Ffanart.jpg%26_options_sf&quot;,return)</favourite>
	<favourite name="Football" thumb="special://home/addons/plugin.video.SportsDevil/resources/images/sports/Football.png">ActivateWindow(10025,&quot;plugin://plugin.video.SportsDevil/?item=title%3dFootball%26url%3dhttp%253A%252F%252Fwww.stopstream.me%252F1-football.html%26cfg%3dstopstream.com.events.cfg%26definedIn%3dlivesports%252Fstopstream.com.cfg%26director%3dstopstream.com%26genre%3dLive%2bSports%26type%3drss%26icon%3d%252Fhome%252Fosmc%252F.kodi%252Faddons%252Fplugin.video.SportsDevil%252Fresources%252Fimages%252Fsports%252FFootball.png&amp;mode=1&amp;sf_options=fanart%3Dspecial%3A%2F%2Fhome%2Faddons%2Fplugin.video.SportsDevil%2Ffanart.jpg%26_options_sf&quot;,return)</favourite>
	<favourite name="Soccer" thumb="special://home/addons/plugin.video.SportsDevil/resources/images/vipbox.png">ActivateWindow(10025,&quot;plugin://plugin.video.SportsDevil/?item=title.tmp%3dSoccer%26title%3dSoccer%26url%3dhttp%253A%252F%252Fwww.vipleague.is%252Fsports%252Ffootball.html%26cfg%3dvipbox.tv.events.cfg%2540Soccer%26definedIn%3dvipbox.tv.cfg%26director%3dVipBox.tv%26referer%3dhttp%253A%252F%252Fwww.vipleague.is%26genre%3dLive%2bSports%26type%3drss%26icon%3d%252Fhome%252Fosmc%252F.kodi%252Faddons%252Fplugin.video.SportsDevil%252Fresources%252Fimages%252Fvipbox.png&amp;mode=1&amp;sf_options=fanart%3Dspecial%3A%2F%2Fhome%2Faddons%2Fplugin.video.SportsDevil%2Ffanart.jpg%26_options_sf&quot;,return)</favourite>
	<favourite name="LiveFootball.ws" thumb="special://home/addons/plugin.video.SportsDevil/resources/images/livefootballws.jpg">ActivateWindow(10025,&quot;plugin://plugin.video.SportsDevil/?item=title%3dLiveFootball.ws%26url%3dlivesports%252Flivefootball.ws.cfg%26definedIn%3dlivesports.cfg%26director%3dLivefootball.ws%26genre%3dLive%2bSports%26type%3drss%26icon%3d%252Fhome%252Fosmc%252F.kodi%252Faddons%252Fplugin.video.SportsDevil%252Fresources%252Fimages%252Flivefootballws.jpg&amp;mode=1&amp;sf_options=fanart%3Dspecial%3A%2F%2Fhome%2Faddons%2Fplugin.video.SportsDevil%2Ffanart.jpg%26_options_sf&quot;,return)</favourite>
	<favourite name="[COLOR lime][B]LIVE FOOTBALL STREAMS[/B][/COLOR]" thumb="http://s20.postimg.org/6qcmizeod/football.jpg">ActivateWindow(10025,&quot;plugin://plugin.video.3amigos/?fanart=http%3a%2f%2fs17.postimg.org%2fm8kwyrwov%2fimage.jpg&amp;mode=53&amp;name=%5bCOLOR%20lime%5d%5bB%5dLIVE%20FOOTBALL%20STREAMS%5b%2fB%5d%5b%2fCOLOR%5d&amp;url=plugin%3a%2f%2fplugin.video.SportsDevil%2f%3fitem%3durl%3dlivesports%2fslipstreamtv.co.cfg%26mode%3d1&amp;sf_options=fanart%3Dhttp%3A%2F%2Fs17.postimg.org%2Fm8kwyrwov%2Fimage.jpg%26_options_sf&quot;,return)</favourite>
</favourites>