<favourites>
	<favourite name="GoPro" thumb="special://home/addons/plugin.video.GoProCamera/icon.png">ActivateWindow(10025,&quot;plugin://plugin.video.GoProCamera?sf_options=fanart%3Dspecial%3A%2F%2Fhome%2Faddons%2Fplugin.video.GoProCamera%2Ffanart.jpg%26desc%3DThe+world%27s+most+versatile+camera%26_options_sf&quot;,return)</favourite>
	<favourite name="[COLOR green][B]Webcams  LIVE TV[/B][/COLOR]" thumb="http://www.mhub.tv/wp-content/uploads/2013/12/webcam.png">ActivateWindow(10025,&quot;plugin://plugin.video.amanda/?description&amp;iconimage=http%3a%2f%2fwww.mhub.tv%2fwp-content%2fuploads%2f2013%2f12%2fwebcam.png&amp;mode=4&amp;name=%5bCOLOR%20green%5d%5bB%5dWebcams%20%20LIVE%20TV%5b%2fB%5d%5b%2fCOLOR%5d&amp;url=http%3a%2f%2fpastebin.com%2fraw.php%3fi%3d3QsyXVHa&amp;sf_options=fanart%3Dhttp%3A%2F%2Fwww.mhub.tv%2Fwp-content%2Fuploads%2F2013%2F12%2Fwebcam.png%26_options_sf&quot;,return)</favourite>
	<favourite name="Webcams" thumb="special://home/addons/plugin.video.castaway/resources/media/castalba.jpg">ActivateWindow(10025,&quot;plugin://plugin.video.castaway/?mode=open_tv_cat&amp;site=castalba&amp;url=http%3a%2f%2fcastalba.tv%2fchannels%2fc%3dwebcams&amp;sf_options=fanart%3Dspecial%3A%2F%2Fhome%2Faddons%2Fplugin.video.castaway%2Ffanart.jpg%26_options_sf&quot;,return)</favourite>
	<favourite name="[COLOR red]ZOO-TV[/COLOR]" thumb="http://bbts-repo.weebly.com/files/theme/Logos/Folders/zoo.png">ActivateWindow(10025,&quot;plugin://plugin.video.bbts/?folder=%2fZOO-TV&amp;sf_options=fanart%3Dhttp%3A%2F%2Fbbts-repo.weebly.com%2Ffiles%2Ftheme%2FLogos%2FFolders%2FBBTS.jpg%26_options_sf&quot;,return)</favourite>
</favourites>