<favourites>
	<favourite name="[COLOR aqua]My Calendar[/COLOR]" thumb="special://home/addons/script.salts.themepak/art/themes/Shine/my_calendar.png">ActivateWindow(10025,&quot;plugin://plugin.video.salts/?mode=my_calendar&amp;sf_options=fanart%3Dspecial%3A%2F%2Fhome%2Faddons%2Fplugin.video.salts%2Ffanart.jpg%26_options_sf&quot;,return)</favourite>
	<favourite name="[COLOR chartreuse]my tv guide[/COLOR]" thumb="special://home/addons/script.tv.show.next.aired/icon.png">RunScript(&quot;script.tv.show.next.aired?sf_options=fanart%3Dspecial%3A%2F%2Fhome%2Faddons%2Fscript.tv.show.next.aired%2Ffanart.jpg%26desc%3DGet+info+for+TV+Shows+Next+Aired.+You%27ll+never+miss+one+again.%26_options_sf&quot;)</favourite>
	<favourite name="Calendar Browser" thumb="special://home/addons/plugin.video.theroyalwe/resources/artwork/calendar_browser.jpg">ActivateWindow(10025,&quot;plugin://plugin.video.theroyalwe/?mode=calendar_browser&amp;sf_options=fanart%3Dspecial%3A%2F%2Fhome%2Faddons%2Fplugin.video.theroyalwe%2Ffanart.jpg%26_options_sf&quot;,return)</favourite>
	<favourite name="My TV Shows Airing today" thumb="special://home/addons/script.skin.helper.service/icon.png">ActivateWindow(10025,&quot;plugin://script.skin.helper.service/?action=nextairedtvshows&amp;limit=100&amp;sf_options=fanart%3Dspecial%3A%2F%2Fhome%2Faddons%2Fscript.skin.helper.service%2Ffanart.jpg%26_options_sf&quot;,return)</favourite>
</favourites>