<favourites>
	<favourite name="Trending TV" thumb="special://home/addons/plugin.video.velocity/resources/art/trending_tv.png">ActivateWindow(10025,&quot;plugin://plugin.video.velocity/?media&amp;mode=call_trakt_tv&amp;movie_title&amp;name=Trending%20TV&amp;thumb=%2fhome%2fosmc%2f.kodi%2faddons%2fplugin.video.velocity%2fresources%2fart%2ftrending_tv.png&amp;trakt_id&amp;url=trending_tv&amp;sf_options=fanart%3Dspecial%3A%2F%2Fhome%2Faddons%2Fplugin.video.velocity%2Fresources%2Fart%2Ffanart.jpg%26_options_sf&quot;,return)</favourite>
	<favourite name="Trending TV shows [I](Trakt.tv)[/I]" thumb="DefaultFolder.png">ActivateWindow(10025,&quot;plugin://script.extendedinfo/?info=trendingshows&quot;,return)</favourite>
	<favourite name="People Watching exodus" thumb="special://home/addons/script.exodus.artwork/resources/media/exodus/people-watching.png">ActivateWindow(10025,&quot;plugin://plugin.video.exodus/?action=tvshows&amp;url=trending&amp;sf_options=fanart%3Dspecial%3A%2F%2Fhome%2Faddons%2Fscript.exodus.artwork%2Fresources%2Fmedia%2Fexodus%2Ffanart.jpg%26_options_sf&quot;,return)</favourite>
	<favourite name="[B][COLOR yellow]Popular Episodes Added This Week[/COLOR][/B]" thumb="special://home/addons/plugin.video.mdws/resources/art/mdws.png">ActivateWindow(10025,&quot;plugin://plugin.video.mdws/?mode=10&amp;name=%5bB%5d%5bCOLOR%20yellow%5dPopular%20Episodes%20Added%20This%20Week%5b%2fCOLOR%5d%5b%2fB%5d&amp;url=http%3a%2f%2fwatchseries.vc%2fnew&amp;sf_options=fanart%3Dspecial%3A%2F%2Fhome%2Faddons%2Fplugin.video.mdws%2Ffanart.jpg%26_options_sf&quot;,return)</favourite>
	<favourite name="Trending TV Shows" thumb="special://home/addons/script.salts.themepak/art/themes/Shine/trending.png">ActivateWindow(10025,&quot;plugin://plugin.video.salts/?mode=trending&amp;section=TV&amp;sf_options=fanart%3Dspecial%3A%2F%2Fhome%2Faddons%2Fplugin.video.salts%2Ffanart.jpg%26_options_sf&quot;,return)</favourite>
	<favourite name="Trending Shows" thumb="special://home/addons/plugin.video.theroyalwe/resources/artwork/trakt_trending.jpg">ActivateWindow(10025,&quot;plugin://plugin.video.theroyalwe/?mode=tv_trending&amp;sf_options=fanart%3Dspecial%3A%2F%2Fhome%2Faddons%2Fplugin.video.theroyalwe%2Ffanart.jpg%26_options_sf&quot;,return)</favourite>
	<favourite name="Hot TV Series" thumb="DefaultFolder.png">ActivateWindow(10025,&quot;plugin://plugin.video.ustvcc/?dbid&amp;mode=7&amp;name=Hot%20TV%20Series&amp;season&amp;sn&amp;url&quot;,return)</favourite>
	<favourite name="Trending TV" thumb="special://home/addons/plugin.video.alluc.api/resources/artwork/trending.jpg">ActivateWindow(10025,&quot;plugin://plugin.video.alluc.api/?mode=tv_trending&amp;sf_options=fanart%3Dspecial%3A%2F%2Fhome%2Faddons%2Fplugin.video.alluc.api%2Ffanart.jpg%26_options_sf&quot;,return)</favourite>
</favourites>