<favourites>
	<favourite name="[COLOR royalblue][B]Sports[/B][/COLOR]" thumb="special://home/addons/plugin.video.ccloudtv/resources/icons//sports.png">ActivateWindow(10025,&quot;plugin://plugin.video.ccloudtv/?iconimage=%2fhome%2fosmc%2f.kodi%2faddons%2fplugin.video.ccloudtv%2fresources%2ficons%2f%2fsports.png&amp;mode=52&amp;name=%5bCOLOR%20royalblue%5d%5bB%5dSports%5b%2fB%5d%5b%2fCOLOR%5d&amp;url=sports&amp;sf_options=fanart%3Dspecial%3A%2F%2Fhome%2Faddons%2Fplugin.video.ccloudtv%2Ffanart.jpg%26_options_sf&quot;,return)</favourite>
	<favourite name="Sports cpear" thumb="special://home/addons/plugin.video.channelpear/icon.png">ActivateWindow(10025,&quot;plugin://plugin.video.channelpear/?fanart=https%3a%2f%2fchannelpear.com%2fimages%2fkiwi_new.jpg&amp;mode=1&amp;name=Sports&amp;url=https%3a%2f%2fchannelpear.com%2fassets%2fm3u%2f%3fuserid%3d20509%26key%3def143063c77ded47459d8416f2ac69a40c670447&amp;sf_options=fanart%3Dhttps%3A%2F%2Fchannelpear.com%2Fimages%2Fkiwi_new.jpg%26_options_sf&quot;,return)</favourite>
	<favourite name="[COLOR blue][B][Sport - טרופס][/B][/COLOR]" thumb="http://4vector.com/i/free-vector-sport-vector-pack_098139_sportsvector%20pack.jpg">ActivateWindow(10025,&quot;plugin://plugin.video.israelive/?categoryid=9999&amp;description&amp;displayname=10492&amp;iconimage=http%3a%2f%2f4vector.com%2fi%2ffree-vector-sport-vector-pack_098139_sportsvector%2520pack.jpg&amp;mode=2&amp;name=%5bCOLOR%20blue%5d%5bB%5d%5bSport%20-%20%d7%a1%d7%a4%d7%95%d7%a8%d7%98%5d%5b%2fB%5d%5b%2fCOLOR%5d&amp;url&amp;sf_options=fanart%3Dhttp%3A%2F%2F4vector.com%2Fi%2Ffree-vector-sport-vector-pack_098139_sportsvector%2520pack.jpg%26_options_sf&quot;,return)</favourite>
	<favourite name="[COLOR red]Live Sport 2[/COLOR]" thumb="http://i1295.photobucket.com/albums/b636/beatbox8501/PicsArt_1437423537538_zpsxjwsjeqe.jpg">ActivateWindow(10025,&quot;plugin://plugin.video.gorillastreams/?item=title%3d%255BCOLOR%2bred%255DLive%2bSport%2b2%255B%252FCOLOR%255D%26url%3dtv%252Fcricfree.tv.cfg%26definedIn%3dmainMenu.cfg%26director%3dGorilla%2bStreams%26genre%3dLive%2bTV%26type%3drss%26icon%3dhttp%253A%252F%252Fi1295.photobucket.com%252Falbums%252Fb636%252Fbeatbox8501%252FPicsArt_1437423537538_zpsxjwsjeqe.jpg&amp;mode=1&amp;sf_options=fanart%3Dspecial%3A%2F%2Fhome%2Faddons%2Fplugin.video.gorillastreams%2Ffanart.jpg%26_options_sf&quot;,return)</favourite>
	<favourite name="SPORTS Channels" thumb="special://home/addons/plugin.video.castaway/resources/media/shadownet.png">ActivateWindow(10025,&quot;plugin://plugin.video.castaway/?mode=open_tv_cat&amp;site=shadownet&amp;url=http%3a%2f%2fwww.shadow-net.me%2fcategories%2fSPORTS-Channels%2f&amp;sf_options=fanart%3Dspecial%3A%2F%2Fhome%2Faddons%2Fplugin.video.castaway%2Ffanart.jpg%26_options_sf&quot;,return)</favourite>
	<favourite name="crichd.tv" thumb="special://home/addons/plugin.video.castaway/resources/media/crichd.png">ActivateWindow(10025,&quot;plugin://plugin.video.castaway/?mode=open_live_tv&amp;site=crichd&amp;sf_options=fanart%3Dspecial%3A%2F%2Fhome%2Faddons%2Fplugin.video.castaway%2Ffanart.jpg%26_options_sf&quot;,return)</favourite>
	<favourite name="Sports" thumb="special://home/addons/plugin.video.castaway/resources/media/castalba.jpg">ActivateWindow(10025,&quot;plugin://plugin.video.castaway/?mode=open_tv_cat&amp;site=castalba&amp;url=http%3a%2f%2fcastalba.tv%2fchannels%2fc%3dsports&amp;sf_options=fanart%3Dspecial%3A%2F%2Fhome%2Faddons%2Fplugin.video.castaway%2Ffanart.jpg%26_options_sf&quot;,return)</favourite>
	<favourite name="Live Sport" thumb="special://home/addons/plugin.video.castaway/resources/media/streamlive.png">ActivateWindow(10025,&quot;plugin://plugin.video.castaway/?mode=open_tv_cat&amp;site=streamlive&amp;url=http%3a%2f%2fwww.streamlive.to%2fLive%20Sport&amp;sf_options=fanart%3Dspecial%3A%2F%2Fhome%2Faddons%2Fplugin.video.castaway%2Ffanart.jpg%26_options_sf&quot;,return)</favourite>
	<favourite name="[COLOR royalblue]SPORTS[/COLOR]" thumb="http://bbts-repo.weebly.com/files/theme/Logos/Folders/sports.png">ActivateWindow(10025,&quot;plugin://plugin.video.bbts/?folder=%2fSPORTS&amp;sf_options=fanart%3Dhttp%3A%2F%2Fbbts-repo.weebly.com%2Ffiles%2Ftheme%2FLogos%2FFolders%2FBBTS.jpg%26desc%3DLive+Sports+channels+from+all+over+the+world%26_options_sf&quot;,return)</favourite>
	<favourite name=".STREAM ENGINE SPORTS [COLOR red]#TEAMBEATBOX[/COLOR] [COLOR green]Updates In Progress[/COLOR]" thumb="http://i1295.photobucket.com/albums/b636/beatbox8501/se%20sports_zpsfxkasyaj.png">ActivateWindow(10025,&quot;plugin://plugin.video.streamengine/?date&amp;description&amp;iconimage=http%3a%2f%2fi1295.photobucket.com%2falbums%2fb636%2fbeatbox8501%2fse%2520sports_zpsfxkasyaj.png&amp;mode=1&amp;name=.STREAM%20ENGINE%20SPORTS%20%5bCOLOR%20red%5d%23TEAMBEATBOX%5b%2fCOLOR%5d%20%5bCOLOR%20green%5dUpdates%20In%20Progress%5b%2fCOLOR%5d&amp;page&amp;play&amp;url=https%3a%2f%2fpastebin.com%2fraw.php%3fi%3dfq3efhRx&amp;sf_options=fanart%3Dhttp%3A%2F%2Fimg28.fansshare.com%2Fphotos%2Flivefootball%2Fsuper-league-wallpaper-live-sports-856013617.jpg%26_options_sf&quot;,return)</favourite>
	<favourite name="PTC sports" thumb="DefaultFolder.png">ActivateWindow(10025,&quot;plugin://plugin.video.ZemTV-shani/?mode=51&amp;name=PTC%20sports&amp;url=sss&quot;,return)</favourite>
	<favourite name="Paktv sports" thumb="DefaultFolder.png">ActivateWindow(10025,&quot;plugin://plugin.video.ZemTV-shani/?mode=52&amp;name=Paktv%20sports&amp;url=sss&quot;,return)</favourite>
	<favourite name="UniTV sports" thumb="DefaultFolder.png">ActivateWindow(10025,&quot;plugin://plugin.video.ZemTV-shani/?mode=53&amp;name=UniTV%20sports&amp;url=sss&quot;,return)</favourite>
	<favourite name="UKTVNow" thumb="DefaultFolder.png">ActivateWindow(10025,&quot;plugin://plugin.video.ZemTV-shani/?mode=57&amp;name=UKTVNow&amp;url=Live&quot;,return)</favourite>
	<favourite name="PV2 Sports" thumb="DefaultFolder.png">ActivateWindow(10025,&quot;plugin://plugin.video.ZemTV-shani/?mode=36&amp;name=PV2%20Sports&amp;url=sports&quot;,return)</favourite>
	<favourite name="cricfree.sx" thumb="DefaultFolder.png">ActivateWindow(10025,&quot;plugin://plugin.video.ZemTV-shani/?mode=41&amp;name=cricfree.sx&amp;url=sss&quot;,return)</favourite>
	<favourite name="SPORTS" thumb="http://static.filmon.com/assets/groups/2/big_logo.png">ActivateWindow(10025,&quot;plugin://plugin.video.filmon/?description&amp;group=SPORTS&amp;iconimage=http%3a%2f%2fstatic.filmon.com%2fassets%2fgroups%2f2%2fbig_logo.png&amp;mode=3&amp;name=SPORTS&amp;programme_id&amp;startdate_time&amp;url=2&quot;,return)</favourite>
	<favourite name="[COLOR royalblue][B]LIVE SPORT[/B][/COLOR]" thumb="https://lh5.googleusercontent.com/-VLJUzfCR7a0/Vgq_tWcafoI/AAAAAAAAAno/ah4lz773k3U/w675-h384-no/SportsBanner41.jpg">ActivateWindow(10025,&quot;plugin://plugin.video.Test/?fanart=http%3a%2f%2fhalowtv.com%2fhalow%2fHalowTV_Logo_Light.gif&amp;mode=1&amp;name=%5bCOLOR%20royalblue%5d%5bB%5dLIVE%20SPORT%5b%2fB%5d%5b%2fCOLOR%5d&amp;url=http%3a%2f%2fpastebin.com%2fraw%2fNJEFu13T&amp;sf_options=fanart%3Dhttp%3A%2F%2Fhalowtv.com%2Fhalow%2FHalowTV_Logo_Light.gif%26_options_sf&quot;,return)</favourite>
</favourites>