<favourites>
	<favourite name="Winter Sport" thumb="special://home/addons/plugin.video.castaway/resources/media/icons/skiing.png">ActivateWindow(10025,&quot;plugin://plugin.video.castaway/?mode=open_sport_cat&amp;site=vipbox&amp;url=http%3a%2f%2fwww.vipleague.me%2fsports%2fwinter-sports.html&amp;sf_options=fanart%3Dspecial%3A%2F%2Fhome%2Faddons%2Fplugin.video.castaway%2Ffanart.jpg%26_options_sf&quot;,return)</favourite>
	<favourite name="Winter Sport (1)" thumb="http://cdn.livetvcdn.net/img/sport/18.gif">ActivateWindow(10025,&quot;plugin://plugin.video.SportsDevil/?item=count.tmp%3d1%26title.tmp%3dWinter%2bSport%26ticon.tmp%3dhttp%253A%252F%252Fcdn.livetvcdn.net%252Fimg%252Fsport%252F18.gif%26url%3dhttp%253A%252F%252Flivetv102.net%252Fen%252Fallupcomingsports%252F18%252F%26cfg%3dlivetv.ru.videos.cfg%2540CATEGORY%254018%26definedIn%3dlivesports%252Flivetv.ru.cfg%26director%3dLiveTV.ru%26id.tmp%3d18%26referer%3dhttp%253A%252F%252Flivetv102.net%252Fen%252Fallupcoming%26genre%3dLive%2bSports%26title%3dWinter%2bSport%2b%25281%2529%26icon.tmp%3d%252Fhome%252Fosmc%252F.kodi%252Faddons%252Fplugin.video.SportsDevil%252Fresources%252Fimages%252Fsports%252FWinter%2bSport.png%26type%3drss%26icon%3dhttp%253A%252F%252Fcdn.livetvcdn.net%252Fimg%252Fsport%252F18.gif&amp;mode=1&amp;sf_options=fanart%3Dspecial%3A%2F%2Fhome%2Faddons%2Fplugin.video.SportsDevil%2Ffanart.jpg%26_options_sf&quot;,return)</favourite>
	<favourite name="Winter Sport" thumb="special://home/addons/plugin.video.SportsDevil/resources/images/vipbox.png">ActivateWindow(10025,&quot;plugin://plugin.video.SportsDevil/?item=title.tmp%3dWinter%2bSport%26title%3dWinter%2bSport%26url%3dhttp%253A%252F%252Fwww.vipleague.is%252Fsports%252Fwinter-sports.html%26cfg%3dvipbox.tv.events.cfg%2540Winter%2bSport%26definedIn%3dvipbox.tv.cfg%26director%3dVipBox.tv%26referer%3dhttp%253A%252F%252Fwww.vipleague.is%26genre%3dLive%2bSports%26type%3drss%26icon%3d%252Fhome%252Fosmc%252F.kodi%252Faddons%252Fplugin.video.SportsDevil%252Fresources%252Fimages%252Fvipbox.png&amp;mode=1&amp;sf_options=fanart%3Dspecial%3A%2F%2Fhome%2Faddons%2Fplugin.video.SportsDevil%2Ffanart.jpg%26_options_sf&quot;,return)</favourite>
	<favourite name="Snowboard" thumb="special://home/addons/plugin.video.extreme.com/resources/art/Snowboard.png">ActivateWindow(10025,&quot;plugin://plugin.video.extreme.com/?action=videos_snowboard&amp;sf_options=fanart%3Dspecial%3A%2F%2Fhome%2Faddons%2Fplugin.video.extreme.com%2Ffanart.jpg%26desc%3DExtreme+Sports%26_options_sf&quot;,return)</favourite>
	<favourite name="Freeski" thumb="special://home/addons/plugin.video.extreme.com/resources/art/Freeski.png">ActivateWindow(10025,&quot;plugin://plugin.video.extreme.com/?action=videos_freeski&amp;sf_options=fanart%3Dspecial%3A%2F%2Fhome%2Faddons%2Fplugin.video.extreme.com%2Ffanart.jpg%26desc%3DExtreme+Sports%26_options_sf&quot;,return)</favourite>
	<favourite name="Snowboarding" thumb="DefaultFolder.png">ActivateWindow(10025,&quot;plugin://plugin.video.mpora_com/?mode=sortDirection&amp;url=http%3a%2f%2fmpora.com%2fsnowboarding%2fvideos&quot;,return)</favourite>
	<favourite name="Skiing" thumb="DefaultFolder.png">ActivateWindow(10025,&quot;plugin://plugin.video.mpora_com/?mode=sortDirection&amp;url=http%3a%2f%2fmpora.com%2fskiing%2fvideos&quot;,return)</favourite>
	<favourite name="The Ski Channel" thumb="http://static.filmon.com/assets/channels/265/big_logo.png">PlayMedia(&quot;plugin://plugin.video.filmon/?url=url&amp;mode=12&amp;name=The+Ski+Channel&amp;iconimage=http%3A%2F%2Fstatic.filmon.com%2Fassets%2Fchannels%2F265%2Fbig_logo.png&amp;description=&amp;programme_id=265&amp;startdate_time=&amp;group=PAY+TV+-+CHANNELS&amp;sf_options=winID%3D10025%26_options_sf&quot;)</favourite>
</favourites>