<favourites>
	<favourite name="exodus movies" thumb="special://home/addons/script.exodus.artwork/resources/media/exodus/movies.png">ActivateWindow(10025,&quot;plugin://plugin.video.exodus/?action=movieNavigator&amp;sf_options=fanart%3Dspecial%3A%2F%2Fhome%2Faddons%2Fscript.exodus.artwork%2Fresources%2Fmedia%2Fexodus%2Ffanart.jpg%26_options_sf&quot;,return)</favourite>
	<favourite name="Movies primewire" thumb="special://home/addons/script.1channel.themepak/art/themes/Classic/movies.png">ActivateWindow(10025,&quot;plugin://plugin.video.1channel/?mode=BrowseListMenu&amp;section=movie&amp;sf_options=fanart%3Dspecial%3A%2F%2Fhome%2Faddons%2Fscript.1channel.themepak%2Fart%2Fthemes%2FClassic%2Ffanart.png%26_options_sf&quot;,return)</favourite>
	<favourite name="2 [COLOR white]Movies[/COLOR]" thumb="special://home/addons/plugin.video.twomovies/resources/art/Icon_Menu_Movies_Menu.png">ActivateWindow(10025,&quot;plugin://plugin.video.twomovies/?mode=moviecat&amp;name=%5bCOLOR%20white%5dMovies%5b%2fCOLOR%5d&amp;url=none&quot;,return)</favourite>
	<favourite name="cliq Movies" thumb="http://cliqaddon.com/support/commoncore/tvaddons/moviedb/showgunart/images/movies.jpg">ActivateWindow(10025,&quot;plugin://plugin.video.moviedb/?mode=moviecat&amp;name=Movies&amp;url=none&amp;sf_options=fanart%3Dhttp%3A%2F%2Fcliqaddon.com%2Fsupport%2Fcommoncore%2Ftvaddons%2Fmoviedb%2Fshowgunart%2Fimages%2Ffanart%2Ffanart.jpg%26desc%3DMovies+from+several+popular+source+sites+such+as+MerDb+and+Datacenter+movies%26_options_sf&quot;,return)</favourite>
	<favourite name="Afdah Movies" thumb="http://cliqaddon.com/support/commoncore/tvaddons/moviedb/showgunart/images/afdahmovies.jpg">ActivateWindow(10025,&quot;plugin://plugin.video.moviedb/?mode=afdahcats&amp;name=Afdah%20Movies&amp;url=none&amp;sf_options=fanart%3Dhttp%3A%2F%2Fcliqaddon.com%2Fsupport%2Fcommoncore%2Ftvaddons%2Fmoviedb%2Fshowgunart%2Fimages%2Ffanart%2Ffanart.jpg%26desc%3DDescription+not+available+at+this+level%26_options_sf&quot;,return)</favourite>
	<favourite name="MerDB" thumb="http://cliqaddon.com/support/commoncore/tvaddons/moviedb/showgunart/images/merdbmovies.jpg">ActivateWindow(10025,&quot;plugin://plugin.video.moviedb/?mode=merdbmovies&amp;name=MerDB%20&amp;url=none&amp;sf_options=fanart%3Dhttp%3A%2F%2Fcliqaddon.com%2Fsupport%2Fcommoncore%2Ftvaddons%2Fmoviedb%2Fshowgunart%2Fimages%2Ffanart%2Ffanart.jpg%26desc%3DDescription+not+available+at+this+level%26_options_sf&quot;,return)</favourite>
	<favourite name="SeriesGate Movies" thumb="http://cliqaddon.com/support/commoncore/tvaddons/moviedb/showgunart/images/sgatetv.jpg">ActivateWindow(10025,&quot;plugin://plugin.video.moviedb/?mode=sgmoviecats&amp;name=SeriesGate%20Movies%20&amp;url=none&amp;sf_options=fanart%3Dhttp%3A%2F%2Fcliqaddon.com%2Fsupport%2Fcommoncore%2Ftvaddons%2Fmoviedb%2Fshowgunart%2Fimages%2Ffanart%2Ffanart.jpg%26desc%3DDescription+not+available+at+this+level%26_options_sf&quot;,return)</favourite>
	<favourite name="IWatchOnline" thumb="http://cliqaddon.com/support/commoncore/tvaddons/moviedb/showgunart/images/iwatchonline.jpg">ActivateWindow(10025,&quot;plugin://plugin.video.moviedb/?mode=catiwo&amp;name=IWatchOnline&amp;url=none&amp;sf_options=fanart%3Dhttp%3A%2F%2Fcliqaddon.com%2Fsupport%2Fcommoncore%2Ftvaddons%2Fmoviedb%2Fshowgunart%2Fimages%2Ffanart%2Ffanart.jpg%26desc%3DDescription+not+available+at+this+level%26_options_sf&quot;,return)</favourite>
	<favourite name="ZMovies" thumb="http://cliqaddon.com/support/commoncore/tvaddons/moviedb/showgunart/images/zmovies.jpg">ActivateWindow(10025,&quot;plugin://plugin.video.moviedb/?mode=catzeemovies&amp;name=ZMovies&amp;url=none&amp;sf_options=fanart%3Dhttp%3A%2F%2Fcliqaddon.com%2Fsupport%2Fcommoncore%2Ftvaddons%2Fmoviedb%2Fshowgunart%2Fimages%2Ffanart%2Ffanart.jpg%26desc%3DDescription+not+available+at+this+level%26_options_sf&quot;,return)</favourite>
	<favourite name="PopcornFlix" thumb="http://cliqaddon.com/support/commoncore/tvaddons/moviedb/showgunart/images/popcornflix.jpg">ActivateWindow(10025,&quot;plugin://plugin.video.moviedb/?mode=popcats&amp;name=PopcornFlix&amp;url=none&amp;sf_options=fanart%3Dhttp%3A%2F%2Fcliqaddon.com%2Fsupport%2Fcommoncore%2Ftvaddons%2Fmoviedb%2Fshowgunart%2Fimages%2Ffanart%2Ffanart.jpg%26desc%3DDescription+not+available+at+this+level%26_options_sf&quot;,return)</favourite>
	<favourite name="FrightPix" thumb="http://cliqaddon.com/support/commoncore/tvaddons/moviedb/showgunart/images/frightpix.jpg">ActivateWindow(10025,&quot;plugin://plugin.video.moviedb/?mode=frightcats&amp;name=FrightPix&amp;url=none&amp;sf_options=fanart%3Dhttp%3A%2F%2Fcliqaddon.com%2Fsupport%2Fcommoncore%2Ftvaddons%2Fmoviedb%2Fshowgunart%2Fimages%2Ffanart%2Ffanart.jpg%26desc%3DDescription+not+available+at+this+level%26_options_sf&quot;,return)</favourite>
	<favourite name="crackle Movies" thumb="DefaultFolder.png">ActivateWindow(10025,&quot;plugin://plugin.video.newcrackle/?foldername=Movies&amp;mode=movies_folder&quot;,return)</favourite>
	<favourite name="[COLOR cornflowerblue][B]Movies &gt;[/B][/COLOR] &gt; entertainment hub" thumb="special://home/addons/plugin.video.allinone/icons/films.png">[/B][/COLOR] &gt; entertainment hub&quot; thumb=&quot;special://home/addons/plugin.video.allinone/icons/films.png&quot;&gt;[/B][/COLOR] &gt; entertainment hub&quot; thumb=&quot;special://home/addons/plugin.video.allinone/icons/films.png&quot;&gt;[/B][/COLOR] &gt; entertainment hub&quot; thumb=&quot;special://home/addons/plugin.video.allinone/icons/films.png&quot;&gt;[/B][/COLOR] &gt; entertainment hub&quot; thumb=&quot;special://home/addons/plugin.video.allinone/icons/films.png&quot;&gt;[/B][/COLOR] &gt; entertainment hub&quot; thumb=&quot;special://home/addons/plugin.video.allinone/icons/films.png&quot;&gt;[/B][/COLOR] &gt; entertainment hub&quot; thumb=&quot;special://home/addons/plugin.video.allinone/icons/films.png&quot;&gt;[/B][/COLOR] &gt; entertainment hub&quot; thumb=&quot;special://home/addons/plugin.video.allinone/icons/films.png&quot;&gt;[/B][/COLOR] &gt; entertainment hub&quot; thumb=&quot;special://home/addons/plugin.video.allinone/icons/films.png&quot;&gt;[/B][/COLOR] &gt; entertainment hub&quot; thumb=&quot;special://home/addons/plugin.video.allinone/icons/films.png&quot;&gt;[/B][/COLOR] &gt; entertainment hub&quot; thumb=&quot;special://home/addons/plugin.video.allinone/icons/films.png&quot;&gt;[/B][/COLOR] &gt; entertainment hub&quot; thumb=&quot;special://home/addons/plugin.video.allinone/icons/films.png&quot;&gt;[/B][/COLOR] &gt; entertainment hub&quot; thumb=&quot;special://home/addons/plugin.video.allinone/icons/films.png&quot;&gt;[/B][/COLOR] &gt; entertainment hub&quot; thumb=&quot;special://home/addons/plugin.video.allinone/icons/films.png&quot;&gt;[/B][/COLOR] &gt; entertainment hub&quot; thumb=&quot;special://home/addons/plugin.video.allinone/icons/films.png&quot;&gt;[/B][/COLOR] &gt; entertainment hub&quot; thumb=&quot;special://home/addons/plugin.video.allinone/icons/films.png&quot;&gt;[/B][/COLOR] &gt; entertainment hub&quot; thumb=&quot;special://home/addons/plugin.video.allinone/icons/films.png&quot;&gt;[/B][/COLOR] &gt; entertainment hub&quot; thumb=&quot;special://home/addons/plugin.video.allinone/icons/films.png&quot;&gt;[/B][/COLOR] &gt; entertainment hub&quot; thumb=&quot;special://home/addons/plugin.video.allinone/icons/films.png&quot;&gt;[/B][/COLOR] &gt; entertainment hub&quot; thumb=&quot;special://home/addons/plugin.video.allinone/icons/films.png&quot;&gt;[/B][/COLOR] &gt; entertainment hub&quot; thumb=&quot;special://home/addons/plugin.video.allinone/icons/films.png&quot;&gt;[/B][/COLOR] &gt; entertainment hub&quot; thumb=&quot;special://home/addons/plugin.video.allinone/icons/films.png&quot;&gt;[/B][/COLOR] &gt; entertainment hub&quot; thumb=&quot;special://home/addons/plugin.video.allinone/icons/films.png&quot;&gt;ActivateWindow(10025,&quot;plugin://plugin.video.allinone/?mode=MovieMenu&amp;sf_options=fanart%3Dspecial%3A%2F%2Fhome%2Faddons%2Fplugin.video.allinone%2Ficons%2Ffanart.png%26_options_sf&quot;,return)</favourite>
	<favourite name="Movies icefilms" thumb="special://home/addons/plugin.video.icefilms/resources/art/movies.png">ActivateWindow(10025,&quot;plugin://plugin.video.icefilms/?mode=51&amp;name=Movies&amp;url=http%3a%2f%2fwww.icefilms.info%2fmovies%2fa-z%2f1&quot;,return)</favourite>
	<favourite name="Movies" thumb="https://istream-xbmc-repo.googlecode.com/svn/images/default/movies.png">ActivateWindow(10025,&quot;plugin://script.icechannel/?fanart=https%3a%2f%2fistream-xbmc-repo.googlecode.com%2fsvn%2fimages%2fdefault%2fmovies.jpg&amp;img=https%3a%2f%2fistream-xbmc-repo.googlecode.com%2fsvn%2fimages%2fdefault%2fmovies.png&amp;indexer=movies&amp;istream_path=%20%3a%20Movies&amp;mode=indexer&amp;section=main&amp;title=Movies&amp;sf_options=fanart%3Dhttps%3A%2F%2Fistream-xbmc-repo.googlecode.com%2Fsvn%2Fimages%2Fdefault%2Fmovies.jpg%26_options_sf&quot;,return)</favourite>
	<favourite name="Movies .to" thumb="special://home/addons/plugin.video.movie4k/resources/img/movies.png">ActivateWindow(10025,&quot;plugin://plugin.video.movie4k/?action=movies&amp;extra&amp;page&amp;plot&amp;thumbnail=%2fhome%2fosmc%2f.kodi%2faddons%2fplugin.video.movie4k%2fresources%2fimg%2fmovies.png&amp;title=Movies&amp;url&amp;sf_options=fanart%3Dspecial%3A%2F%2Fhome%2Faddons%2Fplugin.video.movie4k%2Ffanart.jpg%26_options_sf&quot;,return)</favourite>
	<favourite name="Movies4ME" thumb="special://home/addons/plugin.video.movies4me/icon.png">ActivateWindow(10025,&quot;plugin://plugin.video.movies4me?sf_options=fanart%3Dspecial%3A%2F%2Fhome%2Faddons%2Fplugin.video.movies4me%2Ffanart.jpg%26desc%3DSD+or+HD%2C+it%27s+your+choice.+Watch+your+favourite+movies+with+one+click.%26_options_sf&quot;,return)</favourite>
	<favourite name="Movies25" thumb="special://home/addons/plugin.video.moviestwentyfive/art/MOVIES.png">ActivateWindow(10025,&quot;plugin://plugin.video.moviestwentyfive/?mode=16&amp;name=Movies&amp;url=http%3a%2f%2fwww.movie25.hk%2f&amp;sf_options=fanart%3Dspecial%3A%2F%2Fhome%2Faddons%2Fplugin.video.moviestwentyfive%2Ffanart.jpg%26_options_sf&quot;,return)</favourite>
	<favourite name="[COLOR orangered]M[/COLOR][COLOR white]OVIES[/COLOR] TNPB phoenix" thumb="http://s6.postimg.org/vfixe5q0x/Movies.png">ActivateWindow(10025,&quot;plugin://plugin.video.phstreams/?action=ndmode&amp;audio=0&amp;content=0&amp;fanart=http%3a%2f%2fs6.postimg.org%2f4ph8mo5q9%2fBackdrop.png&amp;image=http%3a%2f%2fs6.postimg.org%2fvfixe5q0x%2fMovies.png&amp;name=%5bCOLOR%20orangered%5dM%5b%2fCOLOR%5d%5bCOLOR%20white%5dOVIES%5b%2fCOLOR%5d&amp;tvshow=0&amp;url=http%3a%2f%2fzenica.watchkodi.com%2fDirectories%2fMain%2520Directory%2fMovies%2520Main.xml&amp;sf_options=fanart%3Dhttp%3A%2F%2Fs6.postimg.org%2F4ph8mo5q9%2FBackdrop.png%26desc%3DDiscover+Great+Streaming+Playlists%21%26_options_sf&quot;,return)</favourite>
	<favourite name="Movies project free tv" thumb="special://home/addons/plugin.video.projectfreetv/icons/Movies.png">ActivateWindow(10025,&quot;plugin://plugin.video.projectfreetv/?mode=movies&amp;section=movies&quot;,return)</favourite>
	<favourite name="Movies specto" thumb="special://home/addons/plugin.video.specto/resources/media/gone/movies.jpg">ActivateWindow(10025,&quot;plugin://plugin.video.specto/?action=movieNavigator&amp;sf_options=fanart%3Dspecial%3A%2F%2Fhome%2Faddons%2Fplugin.video.specto%2Fresources%2Fmedia%2Fgone%2Ffanart.jpg%26_options_sf&quot;,return)</favourite>
	<favourite name="Movies salts" thumb="special://home/addons/script.salts.themepak/art/themes/Shine/movies.png">ActivateWindow(10025,&quot;plugin://plugin.video.salts/?mode=browse&amp;section=Movies&amp;sf_options=fanart%3Dspecial%3A%2F%2Fhome%2Faddons%2Fplugin.video.salts%2Ffanart.jpg%26_options_sf&quot;,return)</favourite>
	<favourite name="Movies" thumb="special://home/addons/plugin.video.theroyalwe/resources/artwork/movies.jpg">ActivateWindow(10025,&quot;plugin://plugin.video.theroyalwe/?mode=movie_menu&amp;sf_options=fanart%3Dspecial%3A%2F%2Fhome%2Faddons%2Fplugin.video.theroyalwe%2Ffanart.jpg%26_options_sf&quot;,return)</favourite>
	<favourite name="Movies" thumb="special://home/addons/plugin.video.velocity/resources/art/movies.png">ActivateWindow(10025,&quot;plugin://plugin.video.velocity/?media&amp;mode=movie_menu&amp;movie_title&amp;name=Movies&amp;thumb=%2fhome%2fosmc%2f.kodi%2faddons%2fplugin.video.velocity%2fresources%2fart%2fmovies.png&amp;trakt_id&amp;url&amp;sf_options=fanart%3Dspecial%3A%2F%2Fhome%2Faddons%2Fplugin.video.velocity%2Fresources%2Fart%2Ffanart.jpg%26_options_sf&quot;,return)</favourite>
	<favourite name="[B]MOVIES[/B] vid time" thumb="special://home/addons/plugin.video.VidTime/icon.png">ActivateWindow(10025,&quot;plugin://plugin.video.VidTime/?mode=MOVIES&amp;sf_options=fanart%3Dspecial%3A%2F%2Fhome%2Faddons%2Fplugin.video.VidTime%2Ffanart.jpg%26_options_sf&quot;,return)</favourite>
	<favourite name="Movies" thumb="special://home/addons/plugin.video.alluc.api/resources/artwork/movies.jpg">ActivateWindow(10025,&quot;plugin://plugin.video.alluc.api/?mode=movie_menu&amp;sf_options=fanart%3Dspecial%3A%2F%2Fhome%2Faddons%2Fplugin.video.alluc.api%2Ffanart.jpg%26_options_sf&quot;,return)</favourite>
	<favourite name="[COLOR white]MOVIES[/COLOR][COLOR red][/COLOR]" thumb="http://i1295.photobucket.com/albums/b636/beatbox8501/MOVIES_zpsmi1ggoz2.png">ActivateWindow(10025,&quot;plugin://plugin.video.streamengine/?date&amp;description&amp;iconimage=http%3a%2f%2fi1295.photobucket.com%2falbums%2fb636%2fbeatbox8501%2fMOVIES_zpsmi1ggoz2.png&amp;mode=1&amp;name=%5bCOLOR%20white%5dMOVIES%5b%2fCOLOR%5d%5bCOLOR%20red%5d%5b%2fCOLOR%5d&amp;page&amp;play&amp;url=https%3a%2f%2fpastebin.com%2fraw.php%3fi%3dsxfkx4ZY&amp;sf_options=fanart%3Dhttp%3A%2F%2Fi1295.photobucket.com%2Falbums%2Fb636%2Fbeatbox8501%2Fwallpaper_zpsopwvguho.jpg%26_options_sf&quot;,return)</favourite>
</favourites>