<favourites>
	<favourite name="Burlesque" thumb="http://s13.postimg.org/5z5b3v3mf/Burlesque.jpg">ActivateWindow(10025,&quot;plugin://plugin.video.phstreams/?action=ndmode&amp;audio=0&amp;content=0&amp;fanart=http%3a%2f%2fimg1.goodfon.su%2foriginal%2f1920x1080%2f7%2f52%2fking-queen-crown-poker.jpg&amp;image=http%3a%2f%2fs13.postimg.org%2f5z5b3v3mf%2fBurlesque.jpg&amp;name=Burlesque&amp;tvshow=0&amp;url=http%3a%2f%2fgibraltar.watchkodi.com%2fCollections%2fstippers.xml&amp;sf_options=fanart%3Dhttp%3A%2F%2Fimg1.goodfon.su%2Foriginal%2F1920x1080%2F7%2F52%2Fking-queen-crown-poker.jpg%26desc%3DDiscover+Great+Streaming+Playlists%21%26_options_sf&quot;,return)</favourite>
	<favourite name="Victoria&apos;s Secret" thumb="special://home/addons/plugin.video.VICTORIASSECRET/icon.png">ActivateWindow(10025,&quot;plugin://plugin.video.VICTORIASSECRET?sf_options=fanart%3Dspecial%3A%2F%2Fhome%2Faddons%2Fplugin.video.VICTORIASSECRET%2Ffanart.jpg%26desc%3DWelcome+to+the+official+Victoria%27s+Secret+YouTube+page.+Go+behind+the+scenes+with+our+Supermodels%2C+watch+the+world%27s+sexiest+TV+spots%2C+catch+highlights+from+the+Victoria%27s+Secret+Fashion+Show+and+more%21%26_options_sf&quot;,return)</favourite>
	<favourite name="GRINDHOUSE Theater" thumb="http://s18.postimg.org/c2jzgggop/Grindhouse.jpg">ActivateWindow(10025,&quot;plugin://plugin.video.phstreams/?action=ndmode&amp;audio=0&amp;content=0&amp;fanart=http%3a%2f%2fimg1.goodfon.su%2foriginal%2f1920x1080%2f7%2f52%2fking-queen-crown-poker.jpg&amp;image=http%3a%2f%2fs18.postimg.org%2fc2jzgggop%2fGrindhouse.jpg&amp;name=GRINDHOUSE%20Theater&amp;tvshow=0&amp;url=http%3a%2f%2fgibraltar.watchkodi.com%2fCollections%2fgrindhouse.xml&amp;sf_options=fanart%3Dhttp%3A%2F%2Fimg1.goodfon.su%2Foriginal%2F1920x1080%2F7%2F52%2Fking-queen-crown-poker.jpg%26desc%3DDiscover+Great+Streaming+Playlists%21%26_options_sf&quot;,return)</favourite>
	<favourite name="Erotic Thrillers" thumb="http://s22.postimg.org/ed02s0g75/Erotic_Thrillers.jpg">ActivateWindow(10025,&quot;plugin://plugin.video.phstreams/?action=ndmode&amp;audio=0&amp;content=0&amp;fanart=http%3a%2f%2fimg1.goodfon.su%2foriginal%2f1920x1080%2f7%2f52%2fking-queen-crown-poker.jpg&amp;image=http%3a%2f%2fs22.postimg.org%2fed02s0g75%2fErotic_Thrillers.jpg&amp;name=Erotic%20Thrillers&amp;tvshow=0&amp;url=http%3a%2f%2fgibraltar.watchkodi.com%2fCollections%2ferotic.xml&amp;sf_options=fanart%3Dhttp%3A%2F%2Fimg1.goodfon.su%2Foriginal%2F1920x1080%2F7%2F52%2Fking-queen-crown-poker.jpg%26desc%3DDiscover+Great+Streaming+Playlists%21%26_options_sf&quot;,return)</favourite>
	<favourite name="Party Girls TV" thumb="http://s9.postimg.org/43y24d8nj/Party_Girls.jpg">ActivateWindow(10025,&quot;plugin://plugin.video.phstreams/?action=ndmode&amp;audio=0&amp;content=0&amp;fanart=http%3a%2f%2fimg1.goodfon.su%2foriginal%2f1920x1080%2f7%2f52%2fking-queen-crown-poker.jpg&amp;image=http%3a%2f%2fs9.postimg.org%2f43y24d8nj%2fParty_Girls.jpg&amp;name=Party%20Girls%20TV&amp;tvshow=0&amp;url=http%3a%2f%2fgibraltar.watchkodi.com%2fMisc%2fpartygirls.xml&amp;sf_options=fanart%3Dhttp%3A%2F%2Fimg1.goodfon.su%2Foriginal%2F1920x1080%2F7%2F52%2Fking-queen-crown-poker.jpg%26desc%3DDiscover+Great+Streaming+Playlists%21%26_options_sf&quot;,return)</favourite>
	<favourite name="Victoria&apos;s Secret Swim Special" thumb="http://wwwimage.cbsstatic.com/thumbnails/photos/w208/show_group/vsss_thm_16.9_1920x1080_0.jpg">ActivateWindow(10025,&quot;plugin://plugin.video.wral/?mode=GE&amp;url=http%3a%2f%2fwww.cbs.com%2fshows%2fvictorias-secret-swim-special%2fvideo&amp;sf_options=fanart%3Dspecial%3A%2F%2Fhome%2Faddons%2Fplugin.video.wral%2Ffanart.jpg%26_options_sf&quot;,return)</favourite>
	<favourite name="Victoria&apos;s Secret Fashion Show" thumb="http://wwwimage.cbsstatic.com/thumbnails/photos/w208/show_group/vsfs_thm_16.9_1280x720.jpg">ActivateWindow(10025,&quot;plugin://plugin.video.wral/?mode=GE&amp;url=http%3a%2f%2fwww.cbs.com%2fshows%2fvictorias_secret%2fvideo&amp;sf_options=fanart%3Dspecial%3A%2F%2Fhome%2Faddons%2Fplugin.video.wral%2Ffanart.jpg%26_options_sf&quot;,return)</favourite>
	<favourite name="Sexy Diva wwf" thumb="DefaultFolder.png">ActivateWindow(10025,&quot;plugin://plugin.video.wweonline/?mode=Page&amp;page=1&amp;type=Categories&amp;url=%3fmovie%3d%2fcategory%2f9%2fsexy-diva&quot;,return)</favourite>
	<favourite name="After Dark" thumb="http://s9.postimg.org/lc7o87zpb/After_Dark2.jpg">ActivateWindow(10025,&quot;plugin://plugin.video.phstreams/?action=ndmode&amp;audio=0&amp;content=0&amp;fanart=http%3a%2f%2fimg1.goodfon.su%2foriginal%2f1920x1080%2f7%2f52%2fking-queen-crown-poker.jpg&amp;image=http%3a%2f%2fs9.postimg.org%2flc7o87zpb%2fAfter_Dark2.jpg&amp;name=After%20Dark&amp;tvshow=0&amp;url=http%3a%2f%2fgibraltar.watchkodi.com%2fAfterDark%2fAfterDark_Directory.xml&amp;sf_options=fanart%3Dhttp%3A%2F%2Fimg1.goodfon.su%2Foriginal%2F1920x1080%2F7%2F52%2Fking-queen-crown-poker.jpg%26desc%3DDiscover+Great+Streaming+Playlists%21%26_options_sf&quot;,return)</favourite>
	<favourite name="Cathouse: The Series" thumb="http://thetvdb.com/banners/posters/75032-1.jpg">ActivateWindow(10025,&quot;/home/osmc/TV Shows/salts/Cathouse_ The Series (2005)?sf_options=fanart%3Dhttp%3A%2F%2Fthetvdb.com%2Fbanners%2Ffanart%2Foriginal%2F75032-2.jpg%26desc%3DStemming+from+the+success+of+HBO%27s+highest+rated+adult+documentaries%2C+%22Cathouse%22+and+%22Cathouse+2%3A+Back+in+the+Saddle%22+comes+an+all+new+adult+series+taking+viewers+back+for+more+insider+action+at+Nevada%27s+famous+legal+brothel+the+Moonlite+Bunny+Ranch.++Each+episode+will+feature+interviews+the+Ranch+management+and+the+women+who+work+there%2C+as+well+as+hidden+camera+footage+from+the+party+rooms.++Returning+in+the+series+are+%22Air+Force+Aimee%2C%22+%22Sunset+Thomas%22+and+%22Isabella+Soprano%22.%26_options_sf&quot;,return)</favourite>
</favourites>