<favourites>
	<favourite name="TSN1" thumb="http://www.bellaliant.net/binaries/small/content/gallery/common_en/tv/channel-logos/tsn_1_aug2014.png">ActivateWindow(10025,&quot;plugin://plugin.video.Pac-12/?fanart=%2fhome%2fosmc%2f.kodi%2faddons%2fplugin.video.Pac-12%2ffanarttsn.jpg&amp;iconimage=http%3a%2f%2fwww.bellaliant.net%2fbinaries%2fsmall%2fcontent%2fgallery%2fcommon_en%2ftv%2fchannel-logos%2ftsn_1_aug2014.png&amp;mode=3&amp;name=TSN1&amp;url=http%3a%2f%2fams-lp5.9c9media.com%2fhls-live%2flivepkgr%2f_definst_%2fliveeventNoDRM%2ftsnOpen8.m3u8&amp;sf_options=fanart%3Dspecial%3A%2F%2Fhome%2Faddons%2Fplugin.video.Pac-12%2Ffanarttsn.jpg%26_options_sf&quot;,return)</favourite>
	<favourite name="TSN2" thumb="http://www.bellaliant.net/binaries/small/content/gallery/common_en/tv/channel-logos/tsn_2_aug2014.png">ActivateWindow(10025,&quot;plugin://plugin.video.Pac-12/?fanart=%2fhome%2fosmc%2f.kodi%2faddons%2fplugin.video.Pac-12%2ffanarttsn.jpg&amp;iconimage=http%3a%2f%2fwww.bellaliant.net%2fbinaries%2fsmall%2fcontent%2fgallery%2fcommon_en%2ftv%2fchannel-logos%2ftsn_2_aug2014.png&amp;mode=3&amp;name=TSN2&amp;url=http%3a%2f%2fams-lp7.9c9media.com%2fhls-live%2flivepkgr%2f_definst_%2fliveeventNoDRM%2fTSN2Open8.m3u8&amp;sf_options=fanart%3Dspecial%3A%2F%2Fhome%2Faddons%2Fplugin.video.Pac-12%2Ffanarttsn.jpg%26_options_sf&quot;,return)</favourite>
	<favourite name="TSN3" thumb="http://www.bellaliant.net/binaries/small/content/gallery/common_en/tv/channel-logos/tsn_3_aug2014.png">ActivateWindow(10025,&quot;plugin://plugin.video.Pac-12/?fanart=%2fhome%2fosmc%2f.kodi%2faddons%2fplugin.video.Pac-12%2ffanarttsn.jpg&amp;iconimage=http%3a%2f%2fwww.bellaliant.net%2fbinaries%2fsmall%2fcontent%2fgallery%2fcommon_en%2ftv%2fchannel-logos%2ftsn_3_aug2014.png&amp;mode=3&amp;name=TSN3&amp;url=http%3a%2f%2fams-lp1.9c9media.com%2fhls-live%2flivepkgr%2f_definst_%2fliveeventNoDRM%2fTSN3Open8.m3u8&amp;sf_options=fanart%3Dspecial%3A%2F%2Fhome%2Faddons%2Fplugin.video.Pac-12%2Ffanarttsn.jpg%26_options_sf&quot;,return)</favourite>
	<favourite name="TSN4" thumb="http://www.bellaliant.net/binaries/small/content/gallery/common_en/tv/channel-logos/tsn_4_aug2014.png">ActivateWindow(10025,&quot;plugin://plugin.video.Pac-12/?fanart=%2fhome%2fosmc%2f.kodi%2faddons%2fplugin.video.Pac-12%2ffanarttsn.jpg&amp;iconimage=http%3a%2f%2fwww.bellaliant.net%2fbinaries%2fsmall%2fcontent%2fgallery%2fcommon_en%2ftv%2fchannel-logos%2ftsn_4_aug2014.png&amp;mode=3&amp;name=TSN4&amp;url=http%3a%2f%2fams-lp2.9c9media.com%2fhls-live%2flivepkgr%2f_definst_%2fliveeventNoDRM%2fTSN4Open8.m3u8&amp;sf_options=fanart%3Dspecial%3A%2F%2Fhome%2Faddons%2Fplugin.video.Pac-12%2Ffanarttsn.jpg%26_options_sf&quot;,return)</favourite>
	<favourite name="TSN5" thumb="http://www.bellaliant.net/binaries/small/content/gallery/common_en/tv/channel-logos/tsn_5_aug2014.png">ActivateWindow(10025,&quot;plugin://plugin.video.Pac-12/?fanart=%2fhome%2fosmc%2f.kodi%2faddons%2fplugin.video.Pac-12%2ffanarttsn.jpg&amp;iconimage=http%3a%2f%2fwww.bellaliant.net%2fbinaries%2fsmall%2fcontent%2fgallery%2fcommon_en%2ftv%2fchannel-logos%2ftsn_5_aug2014.png&amp;mode=3&amp;name=TSN5&amp;url=http%3a%2f%2fams-lp3.9c9media.com%2fhls-live%2flivepkgr%2f_definst_%2fliveeventNoDRM%2fTSN5Open8.m3u8&amp;sf_options=fanart%3Dspecial%3A%2F%2Fhome%2Faddons%2Fplugin.video.Pac-12%2Ffanarttsn.jpg%26_options_sf&quot;,return)</favourite>
</favourites>