<favourites>
	<favourite name="[COLOR red]Turnkey TV game shows list[/COLOR]" thumb="">ActivateWindow(10025,&quot;plugin://plugin.video.exodus/?action=tvshows&amp;url=http%3a%2f%2fapi-v2launch.trakt.tv%2fusers%2fturnkeytv%2flists%2fgame-shows%2fitems&amp;sf_options=fanart%3D%2Fhome%2Fosmc%2F.Turnkey%2FSplash%2Fosmc1.png%26_options_sf&quot;,return)</favourite>
	<favourite name="The Price Is Right" thumb="http://wwwimage.cbsstatic.com/thumbnails/photos/w208/show_group/pir_thm_16.9_1280x720.jpg">ActivateWindow(10025,&quot;plugin://plugin.video.wral/?mode=GE&amp;url=http%3a%2f%2fwww.cbs.com%2fshows%2fthe_price_is_right%2fvideo&amp;sf_options=fanart%3Dspecial%3A%2F%2Fhome%2Faddons%2Fplugin.video.wral%2Ffanart.jpg%26_options_sf&quot;,return)</favourite>
	<favourite name="Let&apos;s Make a Deal" thumb="http://wwwimage.cbsstatic.com/thumbnails/photos/w208/show_group/lmad_thm_16.9_1280x720.jpg">ActivateWindow(10025,&quot;plugin://plugin.video.wral/?mode=GE&amp;url=http%3a%2f%2fwww.cbs.com%2fshows%2flets_make_a_deal%2fvideo&amp;sf_options=fanart%3Dspecial%3A%2F%2Fhome%2Faddons%2Fplugin.video.wral%2Ffanart.jpg%26_options_sf&quot;,return)</favourite>
	<favourite name="Top Chef" thumb="http://www.bravotv.com/sites/nbcubravotv/files/styles/all-shows/public/field_season_cast_and_logo/2015/10/tc-s13-1600x900.jpg?itok=J-yojkDk">ActivateWindow(10025,&quot;plugin://plugin.video.bravo/?mode=GE&amp;url=http%3a%2f%2fwww.bravotv.com%2ftop-chef%2fvideos&amp;sf_options=desc%3DFull+Episodes%2C+Previews%2C+Show+Highlights%2C+Original+Digital+Series%2C+Exclusive+Behind+the+Scenes+Clips+and+Interviews.%26_options_sf&quot;,return)</favourite>
	<favourite name="Game-Shows on demand" thumb="special://home/addons/script.exodus.artwork/resources/media/exodus/genres.png">ActivateWindow(10025,&quot;plugin://plugin.video.exodus/?action=tvshows&amp;url=http%3a%2f%2fwww.imdb.com%2fsearch%2ftitle%3ftitle_type%3dtv_series%2cmini_series%26release_date%3d%2cdate%5b0%5d%26genres%3dgame_show%26sort%3dmoviemeter%2casc%26count%3d40%26start%3d1&amp;sf_options=fanart%3Dspecial%3A%2F%2Fhome%2Faddons%2Fscript.exodus.artwork%2Fresources%2Fmedia%2Fexodus%2Ffanart.jpg%26_options_sf&quot;,return)</favourite>
</favourites>