<favourites>
	<favourite name="2movies TV Shows by Year" thumb="special://home/addons/plugin.video.twomovies/resources/art/Icon_Menu_TVShows_ByYear.png">ActivateWindow(10025,&quot;plugin://plugin.video.twomovies/?mode=tvbyyear&amp;name=TV%20Shows%20by%20Year&amp;url=none&quot;,return)</favourite>
	<favourite name="Date released primewire" thumb="special://home/addons/script.1channel.themepak/art/themes/Classic/date_released.png">ActivateWindow(10025,&quot;plugin://plugin.video.1channel/?mode=GetFilteredResults&amp;section=tv&amp;sort=release&amp;sf_options=fanart%3Dspecial%3A%2F%2Fhome%2Faddons%2Fscript.1channel.themepak%2Fart%2Fthemes%2FClassic%2Ffanart.png%26_options_sf&quot;,return)</favourite>
	<favourite name="Date added primewire" thumb="special://home/addons/script.1channel.themepak/art/themes/Classic/date_added.jpg">ActivateWindow(10025,&quot;plugin://plugin.video.1channel/?mode=GetFilteredResults&amp;section=tv&amp;sort=date&amp;sf_options=fanart%3Dspecial%3A%2F%2Fhome%2Faddons%2Fscript.1channel.themepak%2Fart%2Fthemes%2FClassic%2Ffanart.png%26_options_sf&quot;,return)</favourite>
	<favourite name="TV Shows by Release Date merdb" thumb="http://cliqaddon.com/support/commoncore/tvaddons/moviedb/showgunart/images/releasedate.jpg">ActivateWindow(10025,&quot;plugin://plugin.video.moviedb/?mode=tvindex&amp;name=TV%20Shows%20by%20Release%20Date&amp;url=http%3a%2f%2fwww.merdb.cn%2ftvshow%2f%3fsort%3dyear&amp;sf_options=fanart%3Dhttp%3A%2F%2Fcliqaddon.com%2Fsupport%2Fcommoncore%2Ftvaddons%2Fmoviedb%2Fshowgunart%2Fimages%2Ffanart%2Ffanart.jpg%26_options_sf&quot;,return)</favourite>
	<favourite name="TV Shows by Date Added merdb" thumb="http://cliqaddon.com/support/commoncore/tvaddons/moviedb/showgunart/images/dateadded.jpg">ActivateWindow(10025,&quot;plugin://plugin.video.moviedb/?mode=tvindex&amp;name=TV%20Shows%20by%20Date%20Added&amp;url=http%3a%2f%2fwww.merdb.cn%2ftvshow%2f%3fsort%3dstamp&amp;sf_options=fanart%3Dhttp%3A%2F%2Fcliqaddon.com%2Fsupport%2Fcommoncore%2Ftvaddons%2Fmoviedb%2Fshowgunart%2Fimages%2Ffanart%2Ffanart.jpg%26_options_sf&quot;,return)</favourite>
	<favourite name="Year specto" thumb="special://home/addons/plugin.video.specto/resources/media/gone/tvshows.jpg">ActivateWindow(10025,&quot;plugin://plugin.video.specto/?action=tvYears&amp;sf_options=fanart%3Dspecial%3A%2F%2Fhome%2Faddons%2Fplugin.video.specto%2Fresources%2Fmedia%2Fgone%2Ffanart.jpg%26_options_sf&quot;,return)</favourite>
</favourites>