<favourites>
	<favourite name="Trending 2 Movies" thumb="special://home/addons/plugin.video.twomovies/resources/art/Icon_Menu_Movies_Popularandtrending.png">ActivateWindow(10025,&quot;plugin://plugin.video.twomovies/?mode=movieindex1&amp;name=Trending%20Movies&amp;url=http%3a%2f%2ftwomovies.us%2f&quot;,return)</favourite>
	<favourite name="Trending movies [I](Trakt.tv)[/I]" thumb="DefaultFolder.png">ActivateWindow(10025,&quot;plugin://script.extendedinfo/?info=trendingmovies&quot;,return)</favourite>
	<favourite name="Trending Movies salts" thumb="special://home/addons/script.salts.themepak/art/themes/Shine/trending.png">ActivateWindow(10025,&quot;plugin://plugin.video.salts/?mode=trending&amp;section=Movies&amp;sf_options=fanart%3Dspecial%3A%2F%2Fhome%2Faddons%2Fplugin.video.salts%2Ffanart.jpg%26_options_sf&quot;,return)</favourite>
	<favourite name="Trending Movies" thumb="special://home/addons/plugin.video.theroyalwe/resources/artwork/trakt_trending.jpg">ActivateWindow(10025,&quot;plugin://plugin.video.theroyalwe/?mode=movie_trending&amp;sf_options=fanart%3Dspecial%3A%2F%2Fhome%2Faddons%2Fplugin.video.theroyalwe%2Ffanart.jpg%26_options_sf&quot;,return)</favourite>
	<favourite name="Trending" thumb="special://home/addons/plugin.video.velocity/resources/art/trending.png">ActivateWindow(10025,&quot;plugin://plugin.video.velocity/?media&amp;mode=call_trakt_movies&amp;movie_title&amp;name=Trending&amp;thumb=%2fhome%2fosmc%2f.kodi%2faddons%2fplugin.video.velocity%2fresources%2fart%2ftrending.png&amp;trakt_id&amp;url=trending&amp;sf_options=fanart%3Dspecial%3A%2F%2Fhome%2Faddons%2Fplugin.video.velocity%2Fresources%2Fart%2Ffanart.jpg%26_options_sf&quot;,return)</favourite>
	<favourite name="Trending Movies" thumb="special://home/addons/plugin.video.alluc.api/resources/artwork/trending.jpg">ActivateWindow(10025,&quot;plugin://plugin.video.alluc.api/?mode=movie_trending&amp;sf_options=fanart%3Dspecial%3A%2F%2Fhome%2Faddons%2Fplugin.video.alluc.api%2Ffanart.jpg%26_options_sf&quot;,return)</favourite>
</favourites>