<favourites>
	<favourite name="TV shows airing today [I](TheMovieDB)[/I]" thumb="DefaultFolder.png">ActivateWindow(10025,&quot;plugin://script.extendedinfo/?info=airingtodaytvshows&quot;,return)</favourite>
	<favourite name="Airing today exodus" thumb="special://home/addons/script.exodus.artwork/resources/media/exodus/airing-today.png">ActivateWindow(10025,&quot;plugin://plugin.video.exodus/?action=tvshows&amp;url=airing&amp;sf_options=fanart%3Dspecial%3A%2F%2Fhome%2Faddons%2Fscript.exodus.artwork%2Fresources%2Fmedia%2Fexodus%2Ffanart.jpg%26_options_sf&quot;,return)</favourite>
	<favourite name="Airing today specto" thumb="special://home/addons/plugin.video.specto/resources/media/gone/tvshows.jpg">ActivateWindow(10025,&quot;plugin://plugin.video.specto/?action=tvshows&amp;url=airing&amp;sf_options=fanart%3Dspecial%3A%2F%2Fhome%2Faddons%2Fplugin.video.specto%2Fresources%2Fmedia%2Fgone%2Ffanart.jpg%26_options_sf&quot;,return)</favourite>
	<favourite name="My TV Shows Airing today" thumb="special://home/addons/script.skin.helper.service/icon.png">ActivateWindow(10025,&quot;plugin://script.skin.helper.service/?action=nextairedtvshows&amp;limit=100&amp;sf_options=fanart%3Dspecial%3A%2F%2Fhome%2Faddons%2Fscript.skin.helper.service%2Ffanart.jpg%26_options_sf&quot;,return)</favourite>
</favourites>