<favourites>
	<favourite name="Travel Channel" thumb="special://home/addons/plugin.video.travel/icon.png">ActivateWindow(10025,&quot;plugin://plugin.video.travel?sf_options=fanart%3Dspecial%3A%2F%2Fhome%2Faddons%2Fplugin.video.travel%2Ffanart.jpg%26desc%3DCheck+out+travel+videos%2C+shows%2C+and+guides+on+top+travel+destinations+on+Travel+Channel%26_options_sf&quot;,return)</favourite>
	<favourite name="Travel Channel" thumb="special://home/addons/script.exodus.artwork/resources/media/exodus/networks.png">ActivateWindow(10025,&quot;plugin://plugin.video.exodus/?action=tvshows&amp;url=http%3a%2f%2fwww.imdb.com%2fsearch%2ftitle%3ftitle_type%3dtv_series%2cmini_series%26release_date%3d%2cdate%5b0%5d%26company%3dco0042601%26sort%3dmoviemeter%2casc%26count%3d40%26start%3d1&amp;sf_options=fanart%3Dspecial%3A%2F%2Fhome%2Faddons%2Fscript.exodus.artwork%2Fresources%2Fmedia%2Fexodus%2Ffanart.jpg%26_options_sf&quot;,return)</favourite>
	<favourite name="Travel Channel" thumb="special://home/addons/plugin.video.specto/resources/media/gone/tvshows.jpg">ActivateWindow(10025,&quot;plugin://plugin.video.specto/?action=tvshows&amp;url=http%3a%2f%2fapi.themoviedb.org%2f3%2fdiscover%2ftv%3fapi_key%3d%25s%26with_networks%3d209%26air_date.gte%3d2015-03-09%26air_date.lte%3d2016-03-08%26page%3d1&amp;sf_options=fanart%3Dspecial%3A%2F%2Fhome%2Faddons%2Fplugin.video.specto%2Fresources%2Fmedia%2Fgone%2Ffanart.jpg%26_options_sf&quot;,return)</favourite>
	<favourite name="Travel Channel" thumb="special://home/addons/plugin.video.theroyalwe/resources/artwork/networks/travelchannel.png">ActivateWindow(10025,&quot;plugin://plugin.video.theroyalwe/?id=209&amp;mode=tv_network&amp;sf_options=fanart%3Dspecial%3A%2F%2Fhome%2Faddons%2Fplugin.video.theroyalwe%2Ffanart.jpg%26_options_sf&quot;,return)</favourite>
</favourites>