<favourites>
	<favourite name="ABCFAM" thumb="http://zerocast.tv/channels/img/abc-family.jpg">PlayMedia(&quot;plugin://plugin.video.castaway/?url=http%3A%2F%2Fwww.zerocast.tv%2Fchannels%2Fchan.php%3Fchan%3Dabcfam%26width%3D600%26height%3D400&amp;play=True&amp;mode=play&amp;img=http%3A%2F%2Fzerocast.tv%2Fchannels%2Fimg%2Fabc-family.jpg&amp;title=ABCFAM&amp;sf_options=fanart%3Dspecial%3A%2F%2Fhome%2Faddons%2Fplugin.video.castaway%2Ffanart.jpg%26winID%3D10025%26_options_sf&quot;)</favourite>
	<favourite name="ABC Family" thumb="http://www.shadow-net.me/product_images/t/232/abc_family__05204_thumb.jpg">PlayMedia(&quot;plugin://plugin.video.castaway/?url=http%3A%2F%2Fwww.shadow-net.me%2Fchannels%2FABC-Family.html&amp;play=True&amp;mode=play&amp;img=http%3A%2F%2Fwww.shadow-net.me%2Fproduct_images%2Ft%2F232%2Fabc_family__05204_thumb.jpg&amp;title=ABC+Family&amp;sf_options=fanart%3Dspecial%3A%2F%2Fhome%2Faddons%2Fplugin.video.castaway%2Ffanart.jpg%26winID%3D10025%26_options_sf&quot;)</favourite>
	<favourite name="ABC FAMILY" thumb="special://home/addons/plugin.video.castaway/resources/media/ibrod.png">PlayMedia(&quot;plugin://plugin.video.castaway/?url=http%3A%2F%2Fwww.ibrod.tv%2Fabc-family-tv-online.html&amp;play=True&amp;mode=play&amp;img=%2Fhome%2Fosmc%2F.kodi%2Faddons%2Fplugin.video.castaway%2Fresources%2Fmedia%2Fibrod.png&amp;title=ABC+FAMILY&amp;sf_options=fanart%3Dspecial%3A%2F%2Fhome%2Faddons%2Fplugin.video.castaway%2Ffanart.jpg%26winID%3D10025%26_options_sf&quot;)</favourite>
	<favourite name="ABC Family - Mttvmario" thumb="">PlayMedia(&quot;plugin://plugin.video.castaway/?url=http%3A%2F%2Fwww.streamlive.to%2Fview%2F30303%2FABC_Family_-_Mttvmario&amp;play=True&amp;mode=play&amp;img=http%3A%2F%2Fsnapshots.streamlive.to%2Fsnapshots%2Fvx63a0c7mxk2jt8_snapshot.jpg&amp;title=ABC+Family+-+Mttvmario&amp;sf_options=fanart%3Dspecial%3A%2F%2Fhome%2Faddons%2Fplugin.video.castaway%2Ffanart.jpg%26winID%3D10025%26_options_sf&quot;)</favourite>
	<favourite name="ABC family s2" thumb="http://s9.postimg.org/v16c7rumz/ABC.png">PlayMedia(&quot;plugin://plugin.video.3amigos/?url=plugin%3A%2F%2Fplugin.video.SportsDevil%2F%3Fmode%3D1%26amp%3Bitem%3Dcatcher%253dstreams%2526url%3Dhttp%3A%2F%2Fwww.shadow-net.biz%2Fchannels%2FABC-Family-S2.html%2526referer%3Dshadow-net.biz&amp;mode=12&amp;sf_options=fanart%3Dhttp%3A%2F%2Ficons.iconarchive.com%2Ficons%2Fcustom-icon-design%2Fflag-3%2F128%2FUnited-States-Flag-icon.png%26winID%3D10025%26_options_sf&quot;)</favourite>
</favourites>