<favourites>
	<favourite name="Nascar" thumb="special://home/addons/plugin.video.castaway/resources/media/icons/f1.png">ActivateWindow(10025,&quot;plugin://plugin.video.castaway/?mode=open_sport_cat&amp;site=vipbox&amp;url=http%3a%2f%2fwww.vipleague.me%2fsports%2fmotorsports.html&amp;sf_options=fanart%3Dspecial%3A%2F%2Fhome%2Faddons%2Fplugin.video.castaway%2Ffanart.jpg%26_options_sf&quot;,return)</favourite>
	<favourite name="Motorsport" thumb="special://home/addons/plugin.video.gorillastreams/resources/images/sports/Racing.png">ActivateWindow(10025,&quot;plugin://plugin.video.gorillastreams/?item=title%3dMotorsport%26url%3dhttp%253A%252F%252Fwww.stopstream.tv%252F10-motorsports.html%26cfg%3dstopstream.com.events.cfg%26definedIn%3dcustoms%252Fstopstream.com.cfg%26director%3dGorilla%2bStreams%26genre%3dLive%2bTV%26type%3drss%26icon%3d%252Fhome%252Fosmc%252F.kodi%252Faddons%252Fplugin.video.gorillastreams%252Fresources%252Fimages%252Fsports%252FRacing.png&amp;mode=1&amp;sf_options=fanart%3Dspecial%3A%2F%2Fhome%2Faddons%2Fplugin.video.gorillastreams%2Ffanart.jpg%26_options_sf&quot;,return)</favourite>
	<favourite name="Formula 1" thumb="special://home/addons/plugin.video.castaway/resources/media/icons/f1.png">ActivateWindow(10025,&quot;plugin://plugin.video.castaway/?mode=open_sport_cat&amp;site=vipbox&amp;url=http%3a%2f%2fwww.vipleague.me%2fsports%2fformula-1.html&amp;sf_options=fanart%3Dspecial%3A%2F%2Fhome%2Faddons%2Fplugin.video.castaway%2Ffanart.jpg%26_options_sf&quot;,return)</favourite>
	<favourite name="Moto GP" thumb="special://home/addons/plugin.video.castaway/resources/media/icons/f1.png">ActivateWindow(10025,&quot;plugin://plugin.video.castaway/?mode=open_sport_cat&amp;site=vipbox&amp;url=http%3a%2f%2fwww.vipleague.me%2fsports%2fmoto-gp.html&amp;sf_options=fanart%3Dspecial%3A%2F%2Fhome%2Faddons%2Fplugin.video.castaway%2Ffanart.jpg%26_options_sf&quot;,return)</favourite>
	<favourite name="Motorsport" thumb="special://home/addons/plugin.video.castaway/resources/media/icons/f1.png">ActivateWindow(10025,&quot;plugin://plugin.video.castaway/?mode=open_sport_cat&amp;site=dimsport&amp;url=http%3a%2f%2fidimsports.eu%2fmotosport.html&amp;sf_options=fanart%3Dspecial%3A%2F%2Fhome%2Faddons%2Fplugin.video.castaway%2Ffanart.jpg%26_options_sf&quot;,return)</favourite>
	<favourite name="racing" thumb="special://home/addons/plugin.video.castaway/resources/media/icons/cybersport.png">ActivateWindow(10025,&quot;plugin://plugin.video.castaway/?mode=open_sport_cat&amp;site=livetv&amp;url=http%3a%2f%2fxliveru.sx%2fen%2fallupcomingsports%2f74%2f&amp;sf_options=fanart%3Dspecial%3A%2F%2Fhome%2Faddons%2Fplugin.video.castaway%2Ffanart.jpg%26_options_sf&quot;,return)</favourite>
	<favourite name="Motorsport" thumb="special://home/addons/plugin.video.castaway/resources/media/icons/f1.png">ActivateWindow(10025,&quot;plugin://plugin.video.castaway/?mode=open_sport_cat&amp;site=stream2watch&amp;url=http%3a%2f%2fwww.stream2watch.co%2fsports%2fmotor&amp;sf_options=fanart%3Dspecial%3A%2F%2Fhome%2Faddons%2Fplugin.video.castaway%2Ffanart.jpg%26_options_sf&quot;,return)</favourite>
	<favourite name="Motorsport" thumb="special://home/addons/plugin.video.SportsDevil/resources/images/sports/Racing.png">ActivateWindow(10025,&quot;plugin://plugin.video.SportsDevil/?item=title%3dMotorsport%26url%3dhttp%253A%252F%252Fwww.idimsports.eu%252Fmotosport.html%26cfg%3ddimsports.eu.links.cfg%26definedIn%3dlivesports%252Fdimsports.eu.cfg%26director%3ddimsports.eu%26genre%3dLive%2bSports%26type%3drss%26icon%3d%252Fhome%252Fosmc%252F.kodi%252Faddons%252Fplugin.video.SportsDevil%252Fresources%252Fimages%252Fsports%252FRacing.png&amp;mode=1&amp;sf_options=fanart%3Dspecial%3A%2F%2Fhome%2Faddons%2Fplugin.video.SportsDevil%2Ffanart.jpg%26_options_sf&quot;,return)</favourite>
	<favourite name="Motorsport" thumb="special://home/addons/plugin.video.SportsDevil/resources/images/sports/Racing.png">ActivateWindow(10025,&quot;plugin://plugin.video.SportsDevil/?item=title%3dMotorsport%26url%3dhttp%253A%252F%252Fwww.thefeed2all.eu%252Ftype%252Fmotosport.html%26cfg%3dfirstrowsports.eu.links.cfg%26definedIn%3dlivesports%252Ffirstrowsports.eu.cfg%26director%3dFirstRowSports.eu%26genre%3dLive%2bSports%26type%3drss%26icon%3d%252Fhome%252Fosmc%252F.kodi%252Faddons%252Fplugin.video.SportsDevil%252Fresources%252Fimages%252Fsports%252FRacing.png&amp;mode=1&amp;sf_options=fanart%3Dspecial%3A%2F%2Fhome%2Faddons%2Fplugin.video.SportsDevil%2Ffanart.jpg%26_options_sf&quot;,return)</favourite>
	<favourite name="Motorsport" thumb="special://home/addons/plugin.video.SportsDevil/resources/images/sports/Racing.png">ActivateWindow(10025,&quot;plugin://plugin.video.SportsDevil/?item=title%3dMotorsport%26url%3dhttp%253A%252F%252Ffirstrowsports.ge%252Findex.php%253Fgame%253Dmotosport%26cfg%3dfirstrowsports.ge.links.cfg%26definedIn%3dlivesports%252Ffirstrowsports.ge.cfg%26director%3dFirstRowSports.ge%26genre%3dLive%2bSports%26type%3drss%26icon%3d%252Fhome%252Fosmc%252F.kodi%252Faddons%252Fplugin.video.SportsDevil%252Fresources%252Fimages%252Fsports%252FRacing.png&amp;mode=1&amp;sf_options=fanart%3Dspecial%3A%2F%2Fhome%2Faddons%2Fplugin.video.SportsDevil%2Ffanart.jpg%26_options_sf&quot;,return)</favourite>
	<favourite name="Racing (1)" thumb="special://home/addons/plugin.video.SportsDevil/resources/images/sports/Racing.png">ActivateWindow(10025,&quot;plugin://plugin.video.SportsDevil/?item=count.tmp%3d1%26title.tmp%3dRacing%26ticon.tmp%3dhttp%253A%252F%252Fcdn.livetvcdn.net%252Fimg%252Fsport%252F7.gif%26url%3dhttp%253A%252F%252Flivetv102.net%252Fen%252Fallupcomingsports%252F7%252F%26cfg%3dlivetv.ru.videos.cfg%2540CATEGORY%25407%26definedIn%3dlivesports%252Flivetv.ru.cfg%26director%3dLiveTV.ru%26id.tmp%3d7%26referer%3dhttp%253A%252F%252Flivetv102.net%252Fen%252Fallupcoming%26genre%3dLive%2bSports%26title%3dRacing%2b%25281%2529%26icon.tmp%3d%252Fhome%252Fosmc%252F.kodi%252Faddons%252Fplugin.video.SportsDevil%252Fresources%252Fimages%252Fsports%252FRacing.png%26type%3drss%26icon%3d%252Fhome%252Fosmc%252F.kodi%252Faddons%252Fplugin.video.SportsDevil%252Fresources%252Fimages%252Fsports%252FRacing.png&amp;mode=1&amp;sf_options=fanart%3Dspecial%3A%2F%2Fhome%2Faddons%2Fplugin.video.SportsDevil%2Ffanart.jpg%26_options_sf&quot;,return)</favourite>
	<favourite name="Motorsport" thumb="special://home/addons/plugin.video.SportsDevil/resources/images/sports/Racing.png">ActivateWindow(10025,&quot;plugin://plugin.video.SportsDevil/?item=title%3dMotorsport%26url%3dhttp%253A%252F%252Fwww.stopstream.me%252F10-motorsports.html%26cfg%3dstopstream.com.events.cfg%26definedIn%3dlivesports%252Fstopstream.com.cfg%26director%3dstopstream.com%26genre%3dLive%2bSports%26type%3drss%26icon%3d%252Fhome%252Fosmc%252F.kodi%252Faddons%252Fplugin.video.SportsDevil%252Fresources%252Fimages%252Fsports%252FRacing.png&amp;mode=1&amp;sf_options=fanart%3Dspecial%3A%2F%2Fhome%2Faddons%2Fplugin.video.SportsDevil%2Ffanart.jpg%26_options_sf&quot;,return)</favourite>
	<favourite name="Motorsport" thumb="special://home/addons/plugin.video.SportsDevil/resources/images/sports/Racing.png">ActivateWindow(10025,&quot;plugin://plugin.video.SportsDevil/?item=title%3dMotorsport%26url%3dhttp%253A%252F%252Fwww.vipleague.is%252Fsports%252Fmotorsports.html%26cfg%3dvipbox.tv.events.cfg%26definedIn%3dlivesports%252Fvipbox.tv.cfg%26director%3dVipBox.tv%26genre%3dLive%2bSports%26type%3drss%26icon%3d%252Fhome%252Fosmc%252F.kodi%252Faddons%252Fplugin.video.SportsDevil%252Fresources%252Fimages%252Fsports%252FRacing.png&amp;mode=1&amp;sf_options=fanart%3Dspecial%3A%2F%2Fhome%2Faddons%2Fplugin.video.SportsDevil%2Ffanart.jpg%26_options_sf&quot;,return)</favourite>
	<favourite name="Racing" thumb="special://home/addons/plugin.video.SportsDevil/resources/images/vipbox.png">ActivateWindow(10025,&quot;plugin://plugin.video.SportsDevil/?item=title.tmp%3dRacing%26title%3dRacing%26url%3dhttp%253A%252F%252Fwww.vipleague.is%252Fsports%252Fhorse-racing.html%26cfg%3dvipbox.tv.events.cfg%2540Racing%26definedIn%3dvipbox.tv.cfg%26director%3dVipBox.tv%26referer%3dhttp%253A%252F%252Fwww.vipleague.is%26genre%3dLive%2bSports%26type%3drss%26icon%3d%252Fhome%252Fosmc%252F.kodi%252Faddons%252Fplugin.video.SportsDevil%252Fresources%252Fimages%252Fvipbox.png&amp;mode=1&amp;sf_options=fanart%3Dspecial%3A%2F%2Fhome%2Faddons%2Fplugin.video.SportsDevil%2Ffanart.jpg%26_options_sf&quot;,return)</favourite>
	<favourite name="Motorsports" thumb="special://home/addons/plugin.video.SportsDevil/resources/images/vipbox.png">ActivateWindow(10025,&quot;plugin://plugin.video.SportsDevil/?item=title.tmp%3dMotorsports%26title%3dMotorsports%26url%3dhttp%253A%252F%252Fwww.vipleague.is%252Fsports%252Fmotorsports.html%26cfg%3dvipbox.tv.events.cfg%2540Motorsports%26definedIn%3dvipbox.tv.cfg%26director%3dVipBox.tv%26referer%3dhttp%253A%252F%252Fwww.vipleague.is%26genre%3dLive%2bSports%26type%3drss%26icon%3d%252Fhome%252Fosmc%252F.kodi%252Faddons%252Fplugin.video.SportsDevil%252Fresources%252Fimages%252Fvipbox.png&amp;mode=1&amp;sf_options=fanart%3Dspecial%3A%2F%2Fhome%2Faddons%2Fplugin.video.SportsDevil%2Ffanart.jpg%26_options_sf&quot;,return)</favourite>
	<favourite name="Formula 1" thumb="special://home/addons/plugin.video.SportsDevil/resources/images/vipbox.png">ActivateWindow(10025,&quot;plugin://plugin.video.SportsDevil/?item=title.tmp%3dFormula%2b1%26title%3dFormula%2b1%26url%3dhttp%253A%252F%252Fwww.vipleague.is%252Fsports%252Fformula-1.html%26cfg%3dvipbox.tv.events.cfg%2540Formula%2b1%26definedIn%3dvipbox.tv.cfg%26director%3dVipBox.tv%26referer%3dhttp%253A%252F%252Fwww.vipleague.is%26genre%3dLive%2bSports%26type%3drss%26icon%3d%252Fhome%252Fosmc%252F.kodi%252Faddons%252Fplugin.video.SportsDevil%252Fresources%252Fimages%252Fvipbox.png&amp;mode=1&amp;sf_options=fanart%3Dspecial%3A%2F%2Fhome%2Faddons%2Fplugin.video.SportsDevil%2Ffanart.jpg%26_options_sf&quot;,return)</favourite>
	<favourite name="Moto Gp" thumb="special://home/addons/plugin.video.SportsDevil/resources/images/vipbox.png">ActivateWindow(10025,&quot;plugin://plugin.video.SportsDevil/?item=title.tmp%3dMoto%2bGP%26title%3dMoto%2bGp%26url%3dhttp%253A%252F%252Fwww.vipleague.is%252Fsports%252Fmoto-gp.html%26cfg%3dvipbox.tv.events.cfg%2540Moto%2bGP%26definedIn%3dvipbox.tv.cfg%26director%3dVipBox.tv%26referer%3dhttp%253A%252F%252Fwww.vipleague.is%26genre%3dLive%2bSports%26type%3drss%26icon%3d%252Fhome%252Fosmc%252F.kodi%252Faddons%252Fplugin.video.SportsDevil%252Fresources%252Fimages%252Fvipbox.png&amp;mode=1&amp;sf_options=fanart%3Dspecial%3A%2F%2Fhome%2Faddons%2Fplugin.video.SportsDevil%2Ffanart.jpg%26_options_sf&quot;,return)</favourite>
	<favourite name="Nascar" thumb="special://home/addons/plugin.video.SportsDevil/resources/images/vipbox.png">ActivateWindow(10025,&quot;plugin://plugin.video.SportsDevil/?item=title.tmp%3dNascar%26title%3dNascar%26url%3dhttp%253A%252F%252Fwww.vipleague.is%252Fsports%252Fmotorsports.html%26cfg%3dvipbox.tv.events.cfg%2540Nascar%26definedIn%3dvipbox.tv.cfg%26director%3dVipBox.tv%26referer%3dhttp%253A%252F%252Fwww.vipleague.is%26genre%3dLive%2bSports%26type%3drss%26icon%3d%252Fhome%252Fosmc%252F.kodi%252Faddons%252Fplugin.video.SportsDevil%252Fresources%252Fimages%252Fvipbox.png&amp;mode=1&amp;sf_options=fanart%3Dspecial%3A%2F%2Fhome%2Faddons%2Fplugin.video.SportsDevil%2Ffanart.jpg%26_options_sf&quot;,return)</favourite>
</favourites>