<favourites>
	<favourite name="Comedy Central" thumb="http://www.shadow-net.me/product_images/o/226/comedy_central_us__62938_thumb.jpg">PlayMedia(&quot;plugin://plugin.video.castaway/?url=http%3A%2F%2Fwww.shadow-net.me%2Fchannels%2FComedy-Central.html&amp;play=True&amp;mode=play&amp;img=http%3A%2F%2Fwww.shadow-net.me%2Fproduct_images%2Fo%2F226%2Fcomedy_central_us__62938_thumb.jpg&amp;title=Comedy+Central&amp;sf_options=fanart%3Dspecial%3A%2F%2Fhome%2Faddons%2Fplugin.video.castaway%2Ffanart.jpg%26winID%3D10025%26_options_sf&quot;)</favourite>
	<favourite name="Comedy Central" thumb="special://home/addons/plugin.video.castaway/resources/media/tvone1.png">ActivateWindow(10025,&quot;plugin://plugin.video.castaway/?img=%2fhome%2fosmc%2f.kodi%2faddons%2fplugin.video.castaway%2fresources%2fmedia%2ftvone1.png&amp;mode=play_special&amp;site=tvone1&amp;title=Comedy%20Central&amp;url=http%3a%2f%2fwww.finecast.tv%2fembed4.php%3fu%3dcc698%26vw%3d640%26vh%3d450%26referer%3dhttp%3a%2f%2flivetvweb.net%2f&amp;sf_options=fanart%3Dspecial%3A%2F%2Fhome%2Faddons%2Fplugin.video.castaway%2Ffanart.jpg%26_options_sf&quot;,return)</favourite>
	<favourite name="COMEDY CENTRAL US" thumb="http://fc00.deviantart.net/fs71/i/2013/087/1/3/comedy_central_icon_by_slamiticon-d5zbm1h.png">PlayMedia(&quot;plugin://plugin.video.streamengine/?url=http%3A%2F%2Ftv-tikilive-hls-live.hls.adaptive.level3.net%2Fhls2%2F86.m3u8&amp;mode=2&amp;name=COMEDY+CENTRAL+US&amp;iconimage=http%3A%2F%2Ffc00.deviantart.net%2Ffs71%2Fi%2F2013%2F087%2F1%2F3%2Fcomedy_central_icon_by_slamiticon-d5zbm1h.png&amp;play=&amp;date=&amp;description=&amp;page=&amp;sf_options=fanart%3Dhttp%3A%2F%2Fi1295.photobucket.com%2Falbums%2Fb636%2Fbeatbox8501%2Fwallpaper_zpsopwvguho.jpg%26winID%3D10025%26_options_sf&quot;)</favourite>
	<favourite name="Comedy Central (Top10) (US) (English)" thumb="http://1.bp.blogspot.com/-DQR0qRIc8-s/UHHBSxA20-I/AAAAAAAAAB0/9aHsa8A6xn8/s72-c/Logo_ComedyCentral_001.gif">PlayMedia(&quot;plugin://plugin.video.ccloudtv/?url=http%3A%2F%2F167.114.102.27%2Flive%2FCqrBvo3Picu-Qxq1GPvjUw%2F1456964139%2Ffa894851552e99b1cc146264a8ffaf4b.m3u8%7CUser-Agent%3DMozilla%252F5.0%2520%28Windows%2520NT%25206.1%253B%2520WOW64%29%2520AppleWebKit%252F537.36%2520%28KHTML%252C%2520like%2520Gecko%29%2520Chrome%252F47.0.2526.106%2520Safari%252F537.36&amp;mode=1&amp;name=Comedy+Central+%28Top10%29+%28US%29+%28English%29&amp;iconimage=http%3A%2F%2F1.bp.blogspot.com%2F-DQR0qRIc8-s%2FUHHBSxA20-I%2FAAAAAAAAAB0%2F9aHsa8A6xn8%2Fs72-c%2FLogo_ComedyCentral_001.gif&amp;sf_options=fanart%3Dhttp%3A%2F%2F1.bp.blogspot.com%2F-DQR0qRIc8-s%2FUHHBSxA20-I%2FAAAAAAAAAB0%2F9aHsa8A6xn8%2Fs72-c%2FLogo_ComedyCentral_001.gif%26winID%3D10025%26_options_sf&quot;)</favourite>
</favourites>